  1 1995-02-07T18:48    DREAMS Wind   -24.87   228.12 -0.451 -1.0    17.63    94.98    0.106
  1 1995-02-07T18:48      Jian Wind   -16.10   260.73  0.061 -1.0    14.69   199.90    0.098
  1 1995-02-07T18:48   Lepping Wind    -8.36   287.50  0.418 -1.0    16.01   176.15    0.099
  1 1995-02-07T18:48      Wind Wind    28.26   277.41  0.737 -1.0    14.85   236.46    0.175
  1 1995-02-07T18:48 LLAMAICEA Wind   -25.61   228.83 -0.440 -1.0    17.54    96.57    0.106
  1 1995-02-07T18:48 LLAMAICEB Wind   -15.51   257.57  0.019 -1.0    14.73   193.88    0.094
  2 1995-02-09T07:17    DREAMS Wind    39.45   310.06  0.860 -1.0    13.17   131.92    0.084
  2 1995-02-09T07:17      Jian Wind    37.94   293.17  0.799 -1.0    13.24   141.67    0.084
  2 1995-02-09T07:17 LLAMAICEA Wind    39.46   310.04  0.860 -1.0    13.16   132.41    0.084
  2 1995-02-09T07:17 LLAMAICEC Wind    35.74   290.22  0.794 -1.0    13.88   116.78    0.074
  3 1995-03-04T00:36    DREAMS Wind   -57.26   140.51 -0.782 -1.0    18.89   642.46    0.108
  3 1995-03-04T00:36      Jian Wind   -55.92   141.23 -0.793 -1.0    19.07   627.89    0.107
  3 1995-03-04T00:36   Lepping Wind   -77.10    14.41 -0.417 -1.0    14.30   385.83    0.110
  3 1995-03-04T00:36      Wind Wind   -85.25    42.07 -0.520 -1.0    15.48   328.32    0.099
  3 1995-03-04T00:36 LLAMAICEA Wind    -3.45     1.98  0.626 -1.0    18.46    61.36    0.137
  3 1995-03-04T00:36 LLAMAICEB Wind   -85.25    42.07 -0.520 -1.0    15.48   328.32    0.099
  4 1995-03-06T07:11      Wind Wind    13.58   340.70 -0.978  1.0    15.62 65976856.70    0.122
  4 1995-03-06T07:11 LLAMAICEA Wind    13.58   340.70 -0.978  1.0    15.62 65976856.70    0.122
  4 1995-03-06T07:11 LLAMAICEC Wind     0.00   180.00  1.000  1.0    15.65   141.08    0.185
  5 1995-03-23T09:45    DREAMS Wind    18.40   186.48 -0.786 -1.0    15.21   164.46    0.247
  5 1995-03-23T09:45      Jian Wind    16.84   360.00  0.920 -1.0    10.74   100.21    0.193
  5 1995-03-23T09:45 LLAMAICEA Wind    18.40   186.48 -0.786 -1.0    15.21   164.46    0.247
  6 1995-04-01T13:46    DREAMS Wind   -22.58   352.67  0.786 -1.0    15.47    72.25    0.212
  6 1995-04-01T13:46      Jian Wind    27.58   271.32  0.765  1.0    16.17   116.24    0.254
  6 1995-04-01T13:46 LLAMAICEA Wind   -22.58   352.67  0.786 -1.0    15.47    72.25    0.212
  7 1995-04-03T12:45    DREAMS Wind   -14.46   290.85  0.770  1.0    16.22    75.93    0.227
  7 1995-04-03T12:45   Lepping Wind    13.46   275.03  0.758  1.0    15.89   100.88    0.206
  7 1995-04-03T12:45      Wind Wind   -17.13   293.86  0.764  1.0    16.04    82.51    0.234
  7 1995-04-03T12:45 LLAMAICEA Wind   -12.46   289.32  0.770  1.0    16.23    77.29    0.229
  7 1995-04-03T12:45 LLAMAICEC Wind    15.59   276.44  0.766  1.0    15.86   106.96    0.221
  8 1995-04-05T17:59   Lepping Wind     0.00   180.00 -0.613 -1.0    13.01    52.83    0.149
  8 1995-04-05T17:59      Wind Wind    -0.00   180.00 -0.664 -1.0    12.41    68.43    0.160
  8 1995-04-05T17:59 LLAMAICEA Wind    -0.00   180.00 -0.664 -1.0    12.41    68.43    0.160
  8 1995-04-05T17:59 LLAMAICEC Wind    -0.63   181.41 -0.994 -1.0    22.54    13.67    0.283
  9 1995-05-13T10:19    DREAMS Wind    27.50   354.92  0.977 -1.0    21.14    66.36    0.089
  9 1995-05-13T10:19      Jian Wind    -0.00   180.00  0.771 -1.0    14.36    35.08    0.126
  9 1995-05-13T10:19   Lepping Wind    26.51   355.98  0.967 -1.0    18.25    65.57    0.087
  9 1995-05-13T10:19      Wind Wind    27.56   353.73 -0.975  1.0    20.77    66.97    0.094
  9 1995-05-13T10:19 LLAMAICEA Wind    28.03   354.59  0.975 -1.0    21.10    66.57    0.092
 10 1995-06-30T09:21    DREAMS Wind   -50.09   116.63  0.778  1.0    16.67    82.57    0.149
 10 1995-06-30T09:21      Jian Wind    -3.86   159.96  0.917  1.0    21.35    39.17    0.329
 10 1995-06-30T09:21      Wind Wind    -5.80   155.23  0.899  1.0    20.44    53.63    0.347
 10 1995-06-30T09:21 LLAMAICEA Wind   -29.45   125.41  0.829  1.0    18.50    44.89    0.170
 10 1995-06-30T09:21 LLAMAICEB Wind    -5.62   158.95  0.904  1.0    20.56    32.49    0.368
 10 1995-06-30T09:21 LLAMAICEC Wind   -49.24   116.70  0.782  1.0    16.81    80.20    0.150
 10 1995-06-30T09:21 LLAMAICED Wind   -27.97   122.26  0.777  1.0    17.39    80.86    0.301
 11 1995-07-01T17:49    DREAMS Wind     7.24    31.60 -0.927  1.0    13.36   273.49    0.123
 11 1995-07-01T17:49      Wind Wind    -5.80   155.23  0.899  1.0    20.44    53.63    0.347
 11 1995-07-01T17:49 LLAMAICEA Wind     2.83   165.13  0.890  1.0    13.55    70.49    0.164
 11 1995-07-01T17:49 LLAMAICEB Wind     9.04   153.67  0.729  1.0    12.31   171.68    0.146
 12 1995-08-22T12:56    DREAMS Wind   -12.31    18.46 -0.738  1.0    16.89    85.74    0.098
 12 1995-08-22T12:56      Jian Wind   -21.69    32.90 -0.470  1.0    13.98   158.32    0.084
 12 1995-08-22T12:56   Lepping Wind   -14.71    21.19 -0.677  1.0    16.16   102.15    0.096
 12 1995-08-22T12:56      Wind Wind   -12.30    18.00 -0.748  1.0    17.01    84.87    0.098
 12 1995-08-22T12:56 LLAMAICEA Wind   -12.30    18.00 -0.748  1.0    17.01    84.87    0.098
 12 1995-08-22T12:56 LLAMAICEC Wind   -21.21    25.16 -0.598  1.0    15.21   135.39    0.087
 13 1995-09-15T18:17    DREAMS Wind    10.87   193.13 -0.998 -1.0    21.51   636.65    0.209
 13 1995-09-15T18:17 LLAMAICEA Wind    10.87   193.13 -0.998 -1.0    21.51   636.65    0.209
 14 1995-09-27T14:00    DREAMS Wind   -18.71   347.91  0.871 -1.0    23.94   102.48    0.165
 14 1995-09-27T14:00      Wind Wind    -0.00   360.00  0.975 -1.0    18.34   640.37    0.219
 14 1995-09-27T14:00 LLAMAICEA Wind   -18.71   347.91  0.871 -1.0    23.94   102.48    0.165
 14 1995-09-27T14:00 LLAMAICEC Wind   -13.41   185.46 -0.847 -1.0    19.42 1401095090.85    0.154
 15 1995-10-18T10:40    DREAMS Wind   -18.82   113.32 -0.055  1.0    26.33   494.54    0.074
 15 1995-10-18T10:40      Jian Wind   -11.13   111.50 -0.083  1.0    26.05   846.78    0.085
 15 1995-10-18T10:40   Lepping Wind    -8.10   110.13 -0.098  1.0    26.02   934.37    0.084
 15 1995-10-18T10:40      Wind Wind    -7.21   111.64 -0.082  1.0    25.77  1364.21    0.103
 15 1995-10-18T10:40 LLAMAICEA Wind   -21.08   152.24  0.440  1.0    29.27   193.43    0.104
 15 1995-10-18T10:40 LLAMAICEB Wind    -9.78   111.11 -0.087  1.0    26.01   924.53    0.087
 16 1995-10-24T07:45      Jian Wind   -23.80   314.14  0.815 -1.0     8.61    77.21    0.358
 17 1995-12-02T12:30    DREAMS Wind     4.54   206.74 -0.958 -1.0    19.19    71.31    0.188
 17 1995-12-02T12:30 LLAMAICEA Wind     4.54   206.74 -0.958 -1.0    19.19    71.31    0.188
 18 1995-12-15T04:39    DREAMS Wind    -0.00   180.00 -0.947 -1.0    19.84   120.54    0.298
 18 1995-12-15T04:39      Jian Wind     8.00   306.12  0.883 -1.0    19.64   203.97    0.198
 18 1995-12-15T04:39   Lepping Wind     0.75   184.24 -0.929 -1.0    21.66    34.75    0.179
 18 1995-12-15T04:39      Wind Wind    -1.15   174.56 -0.941  1.0    21.27    42.90    0.175
 18 1995-12-15T04:39 LLAMAICEA Wind    -1.15   174.56 -0.941  1.0    21.27    42.90    0.175
 18 1995-12-15T04:39 LLAMAICEB Wind     0.27   181.04 -0.893 -1.0    20.84    37.85    0.170
 18 1995-12-15T04:39 LLAMAICEC Wind    -0.00   180.00 -0.947 -1.0    19.77   120.81    0.296
 18 1995-12-15T04:39 LLAMAICED Wind    -0.00   180.00 -0.911 -1.0    19.12   139.36    0.277
 19 1996-02-15T15:07      Jian Wind   -18.39   338.43  0.861 -1.0    12.59    66.54    0.175
 19 1996-02-15T15:07      Wind Wind   -18.02   338.72  0.861 -1.0    12.61    66.86    0.171
 19 1996-02-15T15:07 LLAMAICEA Wind   -35.58   336.51  0.814 -1.0    10.63    64.03    0.220
 19 1996-02-15T15:07 LLAMAICEB Wind   -18.02   338.72  0.861 -1.0    12.61    66.86    0.171
 20 1996-04-04T12:21      Wind Wind    20.10   106.18 -0.275  1.0     9.43   330.87    0.171
 20 1996-04-04T12:21 LLAMAICEA Wind    18.91   106.23 -0.265  1.0    10.11   121.30    0.130
 21 1996-05-16T23:04      Wind Wind   -16.81    60.36  0.551 -1.0    10.17   238.74    0.206
 21 1996-05-16T23:04 LLAMAICEA Wind    -2.42   114.31 -0.099 -1.0     9.19   141.32    0.141
 21 1996-05-16T23:04 LLAMAICEB Wind    -9.37    78.09  0.344 -1.0     9.50   177.77    0.202
 22 1996-05-27T11:59    DREAMS Wind   -15.62   333.31  0.465 -1.0    14.13    87.05    0.123
 22 1996-05-27T11:59      Jian Wind     6.60   318.09  0.309 -1.0    13.86   373.29    0.147
 22 1996-05-27T11:59   Lepping Wind     2.58   327.06  0.422 -1.0    14.76   208.80    0.106
 22 1996-05-27T11:59        RC Wind    -3.06   328.99  0.492 -1.0    15.43   127.81    0.081
 22 1996-05-27T11:59      Wind Wind    -4.52   327.52  0.482 -1.0    15.28   123.77    0.074
 22 1996-05-27T11:59 LLAMAICEA Wind    -5.87   257.50 -0.610 -1.0    14.73   195.12    0.108
 22 1996-05-27T11:59 LLAMAICEB Wind     2.09   326.73  0.415 -1.0    14.76   203.46    0.107
 23 1996-07-01T13:05    DREAMS Wind     4.18   269.51 -0.208 -1.0    14.47   240.34    0.122
 23 1996-07-01T13:05      Jian Wind     8.95   255.96 -0.418 -1.0    13.30   624.96    0.213
 23 1996-07-01T13:05   Lepping Wind     4.47   269.27 -0.213 -1.0    14.50   241.66    0.121
 23 1996-07-01T13:05        RC Wind     7.92   309.04  0.283 -1.0    14.94   198.33    0.113
 23 1996-07-01T13:05      Wind Wind     4.47   269.27 -0.213 -1.0    14.50   241.66    0.121
 23 1996-07-01T13:05 LLAMAICEA Wind    -1.02   321.63  0.517 -1.0    16.42   155.81    0.119
 23 1996-07-01T13:05 LLAMAICEB Wind     7.56   278.80 -0.103 -1.0    14.16   245.02    0.120
 24 1996-07-02T16:50      Wind Wind    -0.00     0.00 -0.500 -1.0    16.48    31.96    0.300
 24 1996-07-02T16:50 LLAMAICEA Wind     0.00   360.00 -0.609  1.0    18.05    22.68    0.350
 24 1996-07-02T16:50 LLAMAICEB Wind     0.00   360.00 -0.672  1.0    18.96    20.11    0.335
 25 1996-08-07T11:59    DREAMS Wind   -18.57   165.76  0.483  1.0     9.19   306.42    0.146
 25 1996-08-07T11:59      Jian Wind   -16.82   173.21  0.518  1.0     9.43    87.62    0.133
 25 1996-08-07T11:59   Lepping Wind   -35.69    47.69 -0.685  1.0    10.38   864.28    0.137
 25 1996-08-07T11:59        RC Wind   -37.60    48.49 -0.683  1.0    10.30   766.08    0.136
 25 1996-08-07T11:59      Wind Wind   -32.77    55.77 -0.611  1.0     9.89  1236.90    0.137
 25 1996-08-07T11:59 LLAMAICEA Wind   -15.81   172.91  0.539  1.0     9.61    92.67    0.136
 25 1996-08-07T11:59 LLAMAICEB Wind   -37.16    48.93 -0.678  1.0    10.29   771.48    0.136
 25 1996-08-07T11:59 LLAMAICEC Wind   -18.26   172.62  0.558  1.0     9.27    86.86    0.156
 25 1996-08-07T11:59 LLAMAICED Wind   -17.99   165.73  0.519  1.0     9.32   191.15    0.168
 26 1996-12-24T03:07    DREAMS Wind    90.00   359.97  0.363  1.0    12.86   195.10    0.115
 26 1996-12-24T03:07      Jian Wind    29.30   263.56  0.561  1.0    16.70   150.10    0.081
 26 1996-12-24T03:07   Lepping Wind    29.25   264.09  0.559  1.0    16.63   149.22    0.083
 26 1996-12-24T03:07      Wind Wind    28.52   264.06  0.552  1.0    16.62   151.24    0.080
 26 1996-12-24T03:07 LLAMAICEA Wind    49.86   186.86  0.787  1.0    16.23   172.60    0.102
 26 1996-12-24T03:07 LLAMAICEB Wind    57.33   207.32  0.710  1.0    15.66   158.60    0.087
 26 1996-12-24T03:07 LLAMAICEC Wind    61.36   177.25  0.738  1.0    14.84    90.43    0.108
 26 1996-12-24T03:07 LLAMAICED Wind    68.98   203.30  0.654  1.0    14.55   105.16    0.095
 27 1996-12-24T16:23    DREAMS Wind    -0.92   234.57  0.795  1.0    18.85   192.16    0.108
 27 1996-12-24T16:23   Lepping Wind    29.25   264.09  0.559  1.0    16.63   149.22    0.083
 27 1996-12-24T16:23        RC Wind    41.40   251.69  0.767  1.0    16.33   132.06    0.255
 27 1996-12-24T16:23      Wind Wind    28.52   264.06  0.552  1.0    16.62   151.24    0.080
 27 1996-12-24T16:23 LLAMAICEA Wind    -0.92   234.57  0.795  1.0    18.85   192.16    0.108
 27 1996-12-24T16:23 LLAMAICEC Wind     2.59   336.49 -0.645  1.0    18.64    76.01    0.133
 28 1997-01-10T00:52      CDAW Wind   -19.43    62.47  0.090  1.0    19.19   154.08    0.048
 28 1997-01-10T00:52    DREAMS Wind   -19.67    63.76  0.112  1.0    19.37   156.88    0.063
 28 1997-01-10T00:52   Lepping Wind   -19.43    62.47  0.090  1.0    19.19   154.08    0.048
 28 1997-01-10T00:52        RC Wind   -27.57    63.26  0.118  1.0    19.05   153.42    0.097
 28 1997-01-10T00:52      Wind Wind   -18.68    63.78  0.111  1.0    19.31   158.48    0.065
 28 1997-01-10T00:52 LLAMAICEA Wind   -18.68    63.78  0.111  1.0    19.31   158.48    0.065
 29 1997-02-09T12:50    DREAMS Wind    -0.41   179.85  0.999  1.0    28.23     2.23    0.645
 29 1997-02-09T12:50      Jian Wind    -0.29   179.87 -0.999 -1.0    28.36     1.82    0.646
 29 1997-02-09T12:50   Lepping Wind    -0.49   179.88  0.998  1.0    28.26     2.58    0.645
 29 1997-02-09T12:50        RC Wind    -0.43   180.09  0.999  1.0    24.64     1.70    0.667
 29 1997-02-09T12:50      Wind Wind    -0.52   179.85  0.998  1.0    28.05     2.52    0.642
 29 1997-02-09T12:50 LLAMAICEA Wind    -0.52   179.85  0.998  1.0    28.05     2.52    0.642
 29 1997-02-09T12:50 LLAMAICEC Wind   -31.87   177.99  0.875  1.0    15.41    37.10    0.376
 30 1997-02-11T04:15      Jian Wind   -24.44   339.36 0.866 -1.0    10.66    67.88    0.282
 31 1997-04-11T04:44    DREAMS Wind    26.32     0.51 -0.980  1.0    38.81   136.79    0.172
 31 1997-04-11T04:44      Jian Wind    34.61   355.98 -0.863  1.0    33.36   199.93    0.151
 31 1997-04-11T04:44   Lepping Wind     3.63   180.55 0.877  1.0    32.05 252569837.33    0.171
 31 1997-04-11T04:44        RC Wind    32.93   355.16 -0.858  1.0    32.73   185.57    0.145
 31 1997-04-11T04:44      Wind Wind    19.51   357.40 -0.942  1.0    34.28   217.80    0.165
 31 1997-04-11T04:44 LLAMAICEA Wind    24.33     0.19 -0.972  1.0    39.37   109.51    0.174
 31 1997-04-11T04:44 LLAMAICEB Wind    15.88   357.09 -0.932  1.0    33.87   186.79    0.144
 31 1997-04-11T04:44 LLAMAICEC Wind    26.32     0.51 -0.980  1.0    38.81   136.79    0.172
 31 1997-04-11T04:44 LLAMAICED Wind    32.93   355.16 -0.858  1.0    32.73   185.57    0.145
 32 1997-04-21T10:11    DREAMS Wind    -1.52   172.01 0.965  1.0    28.90    37.80    0.350
 32 1997-04-21T10:11      Jian Wind     8.34    93.08 -0.712  1.0    19.90   156.95    0.283
 32 1997-04-21T10:11   Lepping Wind    -0.13   167.20 0.943  1.0    27.79    40.38    0.283
 32 1997-04-21T10:11        RC Wind     4.48    91.39 -0.721  1.0    19.36   167.18    0.292
 32 1997-04-21T10:11      Wind Wind    -1.01   163.69 0.925  1.0    25.60    55.05    0.305
 32 1997-04-21T10:11 LLAMAICEA Wind     0.25   163.10 0.926  1.0    27.07    40.38    0.252
 32 1997-04-21T10:11 LLAMAICEB Wind    -0.49   175.87 0.984  1.0    34.61    20.08    0.365
 33 1997-05-15T01:15      CDAW Wind    -0.00   360.00 0.731 -1.0    33.38    97.34    0.120
 33 1997-05-15T01:15    DREAMS Wind     0.00     0.00 0.807  1.0    35.89    86.73    0.094
 33 1997-05-15T01:15      Jian Wind    -0.00   360.00 0.960 -1.0    40.19   157.72    0.411
 33 1997-05-15T01:15   Lepping Wind    -0.00   360.00 0.726 -1.0    33.23   102.01    0.123
 33 1997-05-15T01:15        RC Wind   -23.22   262.02 -0.426 -1.0    26.98 35769798021.84    0.115
 33 1997-05-15T01:15      Wind Wind    -0.00   360.00  0.741 -1.0    34.66    50.47    0.129
 33 1997-05-15T01:15 LLAMAICEA Wind    -0.04   359.93 0.777 -1.0    34.50   142.94    0.091
 33 1997-05-15T01:15 LLAMAICEB Wind    -0.00   360.00 0.755 -1.0    35.99    39.84    0.145
 34 1997-05-16T06:01   Lepping Wind    24.69   124.65 -0.339 -1.0    10.95    85.74    0.075
 34 1997-05-16T06:01      Wind Wind    22.84   117.68 -0.268 -1.0    10.64    88.38    0.085
 34 1997-05-16T06:01 LLAMAICEA Wind    22.84   117.68 -0.268 -1.0    10.64    88.38    0.085
 34 1997-05-16T06:01 LLAMAICEB Wind     0.56    99.34 -0.148 -1.0     9.72   118.38    0.210
 34 1997-05-16T06:01 LLAMAICEC Wind    38.21   126.99 -0.269 -1.0     9.31 32959731.70    0.152
 34 1997-05-16T06:01 LLAMAICED Wind    21.87   101.83 -0.129 -1.0     8.90   565.59    0.256
 35 1997-05-26T09:09    DREAMS Wind   -72.42    34.05 -0.405  1.0    14.66   172.45    0.109
 35 1997-05-26T09:09        RC Wind   -74.41    34.04 -0.386  1.0    14.55   172.97    0.107
 35 1997-05-26T09:09      Wind Wind   -47.90   106.96 -0.148  1.0    12.64   313.31    0.104
 35 1997-05-26T09:09 LLAMAICEA Wind    -45.47    104.77   -0.156   1.0     12.60    320.71     0.099
 36 1997-06-09T06:18      Jian Wind     3.32   353.86 -0.884 -1.0    13.08  1207.09    0.255
 36 1997-06-09T06:18   Lepping Wind    -7.80    27.97 -0.668  1.0    17.99   406.21    0.075
 36 1997-06-09T06:18        RC Wind   -18.09   141.76 0.636  1.0    16.14  1281.06    0.084
 36 1997-06-09T06:18      Wind Wind    -4.01    27.90 -0.681  1.0    19.06   177.63    0.073
 36 1997-06-09T06:18 LLAMAICEA Wind    -4.01    27.90 -0.681  1.0    19.06   177.63    0.073
 37 1997-06-19T00:32      Jian Wind    -9.51   126.87 0.797  1.0    12.90   143.70    0.151
 37 1997-06-19T00:32   Lepping Wind   -67.43    98.06 0.383  1.0    11.54    97.32    0.089
 37 1997-06-19T00:32        RC Wind    -8.84   135.67 0.824  1.0    13.42   129.58    0.144
 37 1997-06-19T00:32      Wind Wind   -12.16   133.76 0.813  1.0    13.47   134.11    0.141
 37 1997-06-19T00:32 LLAMAICEA Wind    -12.16    133.76    0.813   1.0     13.47    134.11     0.141
 38 1997-07-15T03:10    DREAMS Wind   -21.60   292.21 -0.142 -1.0    12.74   298.79    0.102
 38 1997-07-15T03:10      Jian Wind   -21.06   291.53 -0.150 -1.0    12.75   297.62    0.100
 38 1997-07-15T03:10   Lepping Wind   -44.11   327.65  0.164 -1.0    14.55   204.01    0.095
 38 1997-07-15T03:10        RC Wind   -25.79   296.21 -0.105 -1.0    12.72   308.01    0.114
 38 1997-07-15T03:10      Wind Wind   -30.01   297.61 -0.104 -1.0    12.59   358.26    0.157
 38 1997-07-15T03:10 LLAMAICEA Wind   -21.60   292.21 -0.142 -1.0    12.74   298.79    0.102
 38 1997-07-15T03:10 LLAMAICEC Wind   -33.36   298.57 -0.104 -1.0    12.58   393.56    0.180
 39 1997-08-03T10:10    DREAMS Wind    -7.07   239.76 -0.616 -1.0    24.63    55.64    0.160
 39 1997-08-03T10:10      Jian Wind    -8.58   237.20 -0.651 -1.0    25.01    54.97    0.149
 39 1997-08-03T10:10   Lepping Wind    -9.78   230.84 -0.724 -1.0    26.22    43.95    0.159
 39 1997-08-03T10:10        RC Wind    -9.87   253.85 -0.450 -1.0    22.15    71.87    0.174
 39 1997-08-03T10:10      Wind Wind    -6.72   240.82 -0.602 -1.0    24.45    56.32    0.161
 39 1997-08-03T10:10 LLAMAICEA Wind    -5.76   234.45 -0.682 -1.0    25.64    49.11    0.164
 39 1997-08-03T10:10 LLAMAICEC Wind   -13.79   246.55 -0.529 -1.0    22.92    69.12    0.162
 40 1997-08-17T05:35        RC Wind   -24.32   318.92 0.798 -1.0    11.36   155.87    0.181
 40 1997-08-17T05:35      Wind Wind   -23.20   319.01 0.790 -1.0    11.47   144.55    0.182
 40 1997-08-17T05:35 LLAMAICEA Wind   -26.88   329.74 0.927 -1.0    11.69   242.74    0.137
 40 1997-08-17T05:35 LLAMAICEB Wind   -25.51   320.76 0.825 -1.0    11.37   168.61    0.179
 40 1997-08-17T05:35 LLAMAICEC Wind   -30.20   328.74 0.904 -1.0    11.09   272.11    0.140
 40 1997-08-17T05:35 LLAMAICED Wind   -31.25   315.73 0.762 -1.0    10.56   198.93    0.179
 41 1997-09-03T08:38    DREAMS Wind     0.00   360.00 -0.525  1.0    19.27   869.29    0.082
 41 1997-09-03T08:38      Jian Wind   -14.15   312.28 0.025  1.0    16.47 782263.39    0.221
 41 1997-09-03T08:38        RC Wind     3.23   291.66 0.262  1.0    17.01 3198400094.84    0.097
 41 1997-09-03T08:38      Wind Wind     0.00   359.99 -0.664  1.0    21.11   154.08    0.162
 41 1997-09-03T08:38 LLAMAICEA Wind     0.00   360.00 -0.518  1.0    19.16   725.27    0.086
 41 1997-09-03T08:38 LLAMAICEB Wind    -0.00   360.00 -0.413  1.0    26.98    13.04    0.421
 42 1997-09-18T00:30      Jian Wind    12.93     6.61 0.212  1.0    19.47   104.33    0.344
 42 1997-09-18T00:30   Lepping Wind     2.76   358.28 0.988  1.0    33.31    27.89    0.483
 42 1997-09-18T00:30      Wind Wind    33.01    47.89 0.492  1.0    18.58   165.29    0.333
 42 1997-09-18T00:30 LLAMAICEA Wind    10.91     5.76 0.177  1.0    19.85    95.10    0.347
 43 1997-09-21T16:51    DREAMS Wind    15.08   346.38 0.901 -1.0    35.08    18.59    0.220
 43 1997-09-21T16:51      Jian Wind    56.99   237.23 -0.704 -1.0    26.39    74.63    0.106
 43 1997-09-21T16:51   Lepping Wind    62.46   224.18 -0.733 -1.0    26.33    60.58    0.104
 43 1997-09-21T16:51        RC Wind    52.33   256.43 -0.543 -1.0    24.23    88.11    0.100
 43 1997-09-21T16:51      Wind Wind    58.15   235.01 -0.718 -1.0    26.51    70.94    0.110
 43 1997-09-21T16:51 LLAMAICEA Wind    15.17   346.42 0.901 -1.0    35.06    18.66    0.220
 43 1997-09-21T16:51 LLAMAICEB Wind    26.42   347.00 0.834 -1.0    30.25    31.00    0.161
 43 1997-09-21T16:51 LLAMAICEC Wind    40.39   233.05 -0.780 -1.0    29.03    68.63    0.150
 43 1997-09-21T16:51 LLAMAICED Wind    58.15   235.01 -0.718 -1.0    26.51    70.94    0.110
 44 1997-10-01T01:41    DREAMS Wind    30.93   348.62 0.785 -1.0    16.98   124.05    0.179
 44 1997-10-01T01:41      Jian Wind    30.99   348.71 0.783 -1.0    16.96   124.52    0.179
 44 1997-10-01T01:41   Lepping Wind    31.80   345.97 0.739 -1.0    16.31   145.35    0.172
 44 1997-10-01T01:41        RC Wind    35.68   344.05 0.659 -1.0    15.66   163.96    0.090
 44 1997-10-01T01:41      Wind Wind    30.99   348.81 0.781 -1.0    16.94   124.96    0.179
 44 1997-10-01T01:41 LLAMAICEA Wind    30.86   348.52 0.787 -1.0    16.97   125.51    0.180
 44 1997-10-01T01:41 LLAMAICEC Wind     7.99   345.85 0.640 -1.0    17.56    74.90    0.143
 45 1997-10-10T16:12    DREAMS Wind   -57.38    70.63 0.516  1.0    18.99   109.14    0.086
 45 1997-10-10T16:12      Jian Wind     0.05    67.88 0.414  1.0    16.25   167.29    0.083
 45 1997-10-10T16:12   Lepping Wind    -6.00    66.89 0.392  1.0    16.25   176.19    0.076
 45 1997-10-10T16:12        RC Wind     0.00   180.00 0.868  1.0    19.38 81212075.20    0.254
 45 1997-10-10T16:12        RC Wind   -17.39    58.63 0.338  1.0    16.54   162.58    0.078
 45 1997-10-10T16:12      Wind Wind   -47.20    32.01 0.286  1.0    17.63   144.56    0.191
 45 1997-10-10T16:12 LLAMAICEA Wind   -56.27    73.63 0.534  1.0    19.11   108.22    0.083
 45 1997-10-10T16:12 LLAMAICEB Wind   -11.06    60.59 0.370  1.0    16.53   159.24    0.094
 46 1997-10-27T10:35    DREAMS  ACE   -65.42   154.01 0.305 -1.0    10.91    93.27    0.364
 46 1997-10-27T10:35    DREAMS Wind     2.57   165.32 0.932  1.0    16.95    23.85    0.493
 46 1997-10-27T10:35      Jian  ACE   -54.61    86.80 0.730 -1.0    12.26   116.09    0.583
 46 1997-10-27T10:35      Jian Wind   -46.33    86.28 0.743 -1.0    12.06   112.67    0.627
 46 1997-10-27T10:35        RC  ACE     6.74    81.09 -0.761  1.0    12.21   131.75    0.614
 46 1997-10-27T10:35        RC Wind     8.93    82.89 -0.758  1.0    11.93   132.48    0.634
 46 1997-10-27T10:35 LLAMAICEA  ACE   -65.42   154.01 0.305 -1.0    10.91    93.27    0.364
 46 1997-10-27T10:35 LLAMAICEA Wind     2.57   165.32 0.932  1.0    16.95    23.85    0.493
 46 1997-10-27T10:35 LLAMAICEC  ACE   -46.87   101.74 0.258 -1.0    10.48   119.78    0.432
 46 1997-10-27T10:35 LLAMAICEC Wind   -33.84    93.55 0.224 -1.0    10.19   117.59    0.473
 47 1997-11-06T22:25    DREAMS  ACE    61.25   122.77 0.637  1.0    24.71   127.83    0.107
 47 1997-11-06T22:25    DREAMS Wind    60.22   122.96 0.655  1.0    24.86   123.46    0.116
 47 1997-11-06T22:25      Jian  ACE    34.80    70.98 0.254  1.0    20.73   151.12    0.099
 47 1997-11-06T22:25      Jian Wind    33.98    72.31 0.279  1.0    20.75   145.99    0.109
 47 1997-11-06T22:25   Lepping  ACE    37.35   124.01 0.777  1.0    27.06   108.96    0.105
 47 1997-11-06T22:25   Lepping Wind    37.81   121.11 0.763  1.0    26.67   107.00    0.094
 47 1997-11-06T22:25   Lepping  ACE    51.72   194.59 0.685  1.0    22.77   136.31    0.131
 47 1997-11-06T22:25   Lepping Wind    56.37   189.55 0.661  1.0    22.76   102.98    0.135
 47 1997-11-06T22:25        RC  ACE    56.75    46.45 0.274  1.0    17.36   218.86    0.204
 47 1997-11-06T22:25        RC Wind    58.13    53.02 0.351  1.0    17.74   214.43    0.216
 47 1997-11-06T22:25      Wind  ACE    47.90    59.49 0.206  1.0    19.35   179.13    0.124
 47 1997-11-06T22:25      Wind Wind    47.92    62.49 0.248  1.0    19.62   169.85    0.133
 47 1997-11-06T22:25 LLAMAICEA  ACE    36.93    63.55 0.171  1.0    19.93   173.51    0.136
 47 1997-11-06T22:25 LLAMAICEA Wind    35.68    67.13 0.218  1.0    20.12   165.20    0.162
 48 1997-11-22T09:12    DREAMS  ACE   -75.14   178.50 0.767  1.0    27.19   373.20    0.095
 48 1997-11-22T09:12    DREAMS Wind   -72.98   188.56 0.784  1.0    27.77   408.52    0.098
 48 1997-11-22T09:12      Jian  ACE   -76.83   178.47 0.751  1.0    26.96   363.78    0.099
 48 1997-11-22T09:12      Jian Wind    -3.03   358.75 -0.585  1.0    32.82    29.51    0.093
 48 1997-11-22T09:12   Lepping  ACE    -5.99   352.50 -0.357  1.0    34.13    33.36    0.119
 48 1997-11-22T09:12   Lepping Wind    -0.01   359.99 -0.459  1.0    34.15    36.76    0.133
 48 1997-11-22T09:12        RC  ACE   -80.99   117.50 0.650  1.0    25.21   242.08    0.124
 48 1997-11-22T09:12        RC Wind   -80.61   151.03 0.694  1.0    25.94   300.50    0.117
 48 1997-11-22T09:12      Wind  ACE     0.80     0.68 -0.392 -1.0    39.92    18.77    0.152
 48 1997-11-22T09:12      Wind Wind     9.20     2.58 -0.538 -1.0    26.89    77.53    0.216
 48 1997-11-22T09:12 LLAMAICEA  ACE   -76.05   176.20 0.758  1.0    27.04   353.32    0.098
 48 1997-11-22T09:12 LLAMAICEA Wind   -72.98   188.45 0.786  1.0    27.79   400.82    0.099
 48 1997-11-22T09:12 LLAMAICEB  ACE    -5.07   360.00 -0.487  1.0    29.45    37.43    0.162
 48 1997-11-22T09:12 LLAMAICEB Wind   -70.13    78.15 0.522  1.0    22.12   291.90    0.170
 48 1997-11-22T09:12 LLAMAICEC  ACE    -0.00   360.00 -0.413  1.0    34.34    36.48    0.133
 48 1997-11-22T09:12 LLAMAICEC Wind     0.00     0.00 -0.455 -1.0    33.84    40.71    0.138
 48 1997-11-22T09:12 LLAMAICED  ACE     0.00     0.00 -0.341 -1.0    39.26    24.69    0.163
 48 1997-11-22T09:12 LLAMAICED Wind     0.00     0.00 -0.366 -1.0    37.34    28.89    0.168
 49 1997-11-24T06:51        RC  ACE   -11.76   106.15 0.768  1.0     8.05   121.69    0.485
 49 1997-11-24T06:51        RC Wind   -14.39   107.70 0.766  1.0     8.08   139.74    0.402
 49 1997-11-24T06:51 LLAMAICEA  ACE    -2.82     4.33 0.979 -1.0    12.00    10.13    0.486
 49 1997-11-24T06:51 LLAMAICEA Wind     2.98   356.16 0.980  1.0    11.99    10.71    0.445
 49 1997-11-24T06:51 LLAMAICEB  ACE    -3.03   173.59 0.968  1.0    11.56    16.18    0.492
 49 1997-11-24T06:51 LLAMAICEB Wind    -7.49   141.73 0.845  1.0     8.98    59.02    0.525
 50 1997-12-10T04:33      CDAW Wind   -40.82    21.45 0.925 -1.0    23.31    42.31    0.174
 50 1997-12-10T04:33    DREAMS Wind   -41.89    39.28 0.836 -1.0    25.23    84.48    0.147
 50 1997-12-10T04:33      Jian Wind    -0.00   180.00 0.849  1.0    21.20   488.41    0.294
 50 1997-12-10T04:33        RC Wind   -24.32    38.83 -0.907  1.0    21.43   266.37    0.151
 50 1997-12-10T04:33      Wind Wind   -24.30    39.95 -0.901  1.0    21.37   225.59    0.151
 50 1997-12-10T04:33 LLAMAICEA Wind   -42.45    39.90 0.832 -1.0    25.33    78.98    0.147
 50 1997-12-10T04:33 LLAMAICEB Wind   -43.11    37.59 0.834 -1.0    24.45    89.42    0.136
 51 1997-12-11T13:15    DREAMS Wind    -5.88    44.35 0.928 -1.0    16.77    91.46    0.195
 51 1997-12-11T13:15 LLAMAICEA Wind    -4.48    44.93 -0.923  1.0    16.73    92.55    0.184
 51 1997-12-11T13:15 LLAMAICEC Wind    -4.40    44.60 0.919 -1.0    16.85   100.97    0.197
 52 1997-12-30T01:13      Jian Wind    12.44   290.76 0.408 -1.0    15.79 1758583531.13    0.335
 52 1997-12-30T01:13        RC Wind     0.00   180.00 -0.763 -1.0    18.56 23847351.01    0.346
 52 1997-12-30T01:13      Wind Wind    -0.00   180.00 -0.769  1.0    19.13   827.61    0.342
 52 1997-12-30T01:13 LLAMAICEA Wind      0.00    180.00   -0.759  -1.0     19.42   1213.61     0.358
 52 1997-12-30T01:13 LLAMAICEB Wind      0.00    180.00   -0.764  -1.0     18.58 31697585.42     0.347
 53 1998-01-06T13:29    DREAMS  ACE    51.59   213.02 0.085 -1.0    22.24   189.49    0.053
 53 1998-01-06T13:29    DREAMS Wind    49.76   224.87 0.133 -1.0    22.68   152.14    0.064
 53 1998-01-06T13:29      Jian  ACE    50.99   212.98 0.077 -1.0    22.26   188.11    0.054
 53 1998-01-06T13:29      Jian Wind    49.32   224.87 0.128 -1.0    22.69   151.25    0.064
 53 1998-01-06T13:29   Lepping  ACE    53.59   208.21 0.087 -1.0    21.97   202.39    0.055
 53 1998-01-06T13:29   Lepping Wind    51.77   219.02 0.118 -1.0    22.40   160.24    0.066
 53 1998-01-06T13:29        RC  ACE    52.33   180.81 0.042 -1.0    19.27   313.44    0.194
 53 1998-01-06T13:29        RC Wind    50.67   187.40 0.037 -1.0    19.90   209.20    0.225
 53 1998-01-06T13:29      Wind  ACE    49.43   212.24 0.055 -1.0    22.23   189.22    0.060
 53 1998-01-06T13:29      Wind Wind    47.27   222.72 0.091 -1.0    22.63   152.53    0.072
 53 1998-01-06T13:29 LLAMAICEA  ACE    48.95   213.80 0.057 -1.0    22.31   185.63    0.058
 53 1998-01-06T13:29 LLAMAICEA Wind    46.87   224.91 0.102 -1.0    22.73   149.85    0.070
 53 1998-01-06T13:29 LLAMAICEB  ACE    55.72   195.16 0.073 -1.0    21.10   209.65    0.104
 53 1998-01-06T13:29 LLAMAICEB Wind    57.10   203.98 0.108 -1.0    21.51   160.11    0.138
 53 1998-01-06T13:29 LLAMAICEC  ACE    40.82   228.71 0.081 -1.0    21.72   248.27    0.144
 53 1998-01-06T13:29 LLAMAICEC Wind    34.42   235.84 0.091 -1.0    21.87   210.57    0.166
 53 1998-01-06T13:29 LLAMAICED  ACE    50.24   213.84 0.071 -1.0    20.83   254.32    0.197
 53 1998-01-06T13:29 LLAMAICED Wind    48.44   223.16 0.093 -1.0    21.04   201.74    0.243
 54 1998-01-08T15:49   Lepping  ACE     0.23   173.53 0.961  1.0    18.56    30.06    0.119
 54 1998-01-08T15:49   Lepping Wind    -0.00   180.00 0.948 -1.0    17.88    52.49    0.112
 54 1998-01-08T15:49      Wind  ACE    -0.00   180.00 0.911 -1.0    18.36    57.02    0.155
 54 1998-01-08T15:49      Wind Wind    -0.00   180.00 0.929 -1.0    18.53    46.52    0.158
 54 1998-01-08T15:49 LLAMAICEA  ACE    -0.00   180.00 0.999 -1.0    19.38    33.75    0.141
 54 1998-01-08T15:49 LLAMAICEA Wind     0.00   180.00 0.996  1.0    19.11    34.06    0.133
 54 1998-01-08T15:49 LLAMAICEB  ACE    -0.00   180.00 0.750 -1.0    16.28  2175.13    0.255
 54 1998-01-08T15:49 LLAMAICEB Wind     0.00   180.00 0.750  1.0    16.28  2195.14    0.263
 54 1998-01-08T15:49 LLAMAICEC  ACE    -0.65   167.30 0.950  1.0    17.61    20.30    0.167
 54 1998-01-08T15:49 LLAMAICEC Wind     0.00   180.00 0.938  1.0    16.40    69.75    0.148
 54 1998-01-08T15:49 LLAMAICED  ACE    -0.00   180.00 0.759 -1.0    15.24 10482471.78    0.251
 54 1998-01-08T15:49 LLAMAICED Wind     0.00   180.00 0.761  1.0    15.11 10074408.42    0.261
 55 1998-01-09T08:23        RC  ACE   -10.96   267.92 -0.801 -1.0    10.84   213.78    0.238
 55 1998-01-09T08:23        RC Wind   -15.86   269.75 -0.788 -1.0    10.82   168.12    0.244
 55 1998-01-09T08:23      Wind  ACE    -2.95   350.62 0.406 -1.0    10.31    49.24    0.163
 55 1998-01-09T08:23      Wind Wind   -15.30   262.26 -0.752 -1.0    11.00   242.82    0.131
 55 1998-01-09T08:23 LLAMAICEA  ACE    -2.95   350.62 0.406 -1.0    10.31    49.24    0.163
 55 1998-01-09T08:23 LLAMAICEA Wind   -15.30   262.26 -0.752 -1.0    11.00   242.82    0.131
 56 1998-01-20T17:43    DREAMS  ACE    56.44   260.07 0.767 -1.0    19.35   213.93    0.173
 56 1998-01-20T17:43    DREAMS Wind    51.36   259.10 0.769 -1.0    19.59   200.90    0.172
 56 1998-01-20T17:43        RC  ACE   -20.89   220.33 0.124 -1.0     7.02   176.78    0.138
 56 1998-01-20T17:43        RC Wind   -25.32   224.82 0.223 -1.0     7.46   139.96    0.181
 56 1998-01-20T17:43 LLAMAICEA  ACE   -15.70   222.37 0.143 -1.0     7.11   199.72    0.126
 56 1998-01-20T17:43 LLAMAICEA Wind    -9.01   193.58 -0.253 -1.0     8.28    50.65    0.163
 57 1998-01-21T07:00    DREAMS  ACE    56.44   260.07 0.767 -1.0    19.35   213.93    0.173
 57 1998-01-21T07:00    DREAMS Wind    51.36   259.10 0.769 -1.0    19.59   200.90    0.172
 57 1998-01-21T07:00        RC  ACE    76.01   319.52 0.837 -1.0    24.05   165.02    0.174
 57 1998-01-21T07:00        RC Wind    72.77   308.21 0.840 -1.0    24.04   168.65    0.175
 57 1998-01-21T07:00      Wind  ACE    75.39   310.49 0.830 -1.0    23.42   176.50    0.175
 57 1998-01-21T07:00      Wind Wind    71.75   302.57 0.834 -1.0    23.46   179.92    0.176
 57 1998-01-21T07:00 LLAMAICEA  ACE    75.04   326.40 0.844 -1.0    24.14   166.51    0.187
 57 1998-01-21T07:00 LLAMAICEA Wind    71.78   314.47 0.850 -1.0    24.18   172.75    0.190
 57 1998-01-21T07:00 LLAMAICEB  ACE    75.04   326.40 0.844 -1.0    24.14   166.51    0.187
 57 1998-01-21T07:00 LLAMAICEB Wind    71.78   314.47 0.850 -1.0    24.18   172.75    0.190
 57 1998-01-21T07:00 LLAMAICEC  ACE    74.99   298.30 0.817 -1.0    23.01   177.50    0.184
 57 1998-01-21T07:00 LLAMAICEC Wind    71.06   292.40 0.820 -1.0    23.05   179.25    0.185
 57 1998-01-21T07:00 LLAMAICED  ACE    74.99   298.30 0.817 -1.0    23.01   177.50    0.184
 57 1998-01-21T07:00 LLAMAICED Wind    71.06   292.40 0.820 -1.0    23.05   179.25    0.185
 58 1998-01-28T16:00    DREAMS  ACE   -51.01    60.73 -0.657  1.0    12.53   194.43    0.133
 58 1998-01-28T16:00    DREAMS Wind   -47.83    61.58 -0.666  1.0    12.73   191.92    0.138
 58 1998-01-28T16:00      Jian  ACE   -50.71    52.37 -0.723  1.0    12.99   211.76    0.161
 58 1998-01-28T16:00      Jian Wind   -48.26    54.60 -0.720  1.0    13.09   212.44    0.162
 58 1998-01-28T16:00        RC  ACE   -49.69    67.87 -0.632  1.0    12.37   214.13    0.163
 58 1998-01-28T16:00        RC Wind   -47.75    72.33 -0.598  1.0    12.27   218.43    0.165
 58 1998-01-28T16:00      Wind  ACE   -68.60   143.73 -0.125  1.0    10.23   326.24    0.224
 58 1998-01-28T16:00      Wind Wind   -67.99   135.04 -0.151  1.0    10.28   344.19    0.218
 58 1998-01-28T16:00 LLAMAICEA  ACE   -51.01    60.73 -0.657  1.0    12.53   194.43    0.133
 58 1998-01-28T16:00 LLAMAICEA Wind   -47.83    61.58 -0.666  1.0    12.73   191.92    0.138
 58 1998-01-28T16:00 LLAMAICEB  ACE   -45.51    87.25 -0.478  1.0    11.47   203.09    0.124
 58 1998-01-28T16:00 LLAMAICEB Wind   -42.22    84.72 -0.506  1.0    11.79   195.22    0.131
 58 1998-01-28T16:00 LLAMAICEC  ACE   -50.74    51.25 -0.729  1.0    13.05   211.66    0.161
 58 1998-01-28T16:00 LLAMAICEC Wind   -49.32    55.03 -0.706  1.0    12.97   220.08    0.164
 58 1998-01-28T16:00 LLAMAICED  ACE   -48.04    73.23 -0.601  1.0    12.12   220.03    0.161
 58 1998-01-28T16:00 LLAMAICED Wind   -45.82    76.72 -0.574  1.0    12.11   220.26    0.163
 59 1998-02-02T13:13    DREAMS  ACE     1.20   177.18 -0.523 -1.0    16.45    32.58    0.326
 59 1998-02-02T13:13    DREAMS Wind    -0.37   179.95 -0.999  1.0    26.52     4.57    0.574
 59 1998-02-02T13:13      Wind  ACE     1.68   175.20 -0.512 -1.0    15.21    45.25    0.296
 59 1998-02-02T13:13      Wind Wind     0.72   179.47 -0.997 -1.0    25.41     7.33    0.529
 59 1998-02-02T13:13    DREAMS  ACE     5.30   175.16 -0.511 -1.0    13.62    30.27    0.198
 59 1998-02-02T13:13    DREAMS Wind    34.38    98.10 0.788 -1.0    12.45    91.97    0.104
 59 1998-02-02T13:13 LLAMAICEA  ACE     1.10   163.62 -0.170 -1.0    11.89    86.26    0.219
 59 1998-02-02T13:13 LLAMAICEA Wind    -1.17   180.06 0.996 -1.0    24.92     7.61    0.510
 59 1998-02-02T13:13 LLAMAICEB  ACE     1.18   177.28 -0.525 -1.0    16.53    32.11    0.328
 59 1998-02-02T13:13 LLAMAICEB Wind     0.35   180.04 -0.999 -1.0    26.55     4.51    0.576
 60 1998-02-04T00:00    DREAMS  ACE    21.50   221.70 0.795 -1.0    20.21   124.58    0.118
 60 1998-02-04T00:00    DREAMS Wind    14.35   221.43 0.806 -1.0    20.05   119.14    0.135
 60 1998-02-04T00:00      Jian  ACE    19.64   222.04 0.797 -1.0    20.28   124.61    0.118
 60 1998-02-04T00:00   Lepping  ACE    20.06   221.64 0.800 -1.0    20.23   124.38    0.121
 60 1998-02-04T00:00   Lepping Wind    13.37   221.08 0.811 -1.0    20.05   118.66    0.137
 60 1998-02-04T00:00        RC  ACE    19.14   220.93 0.804 -1.0    20.15   124.18    0.127
 60 1998-02-04T00:00        RC Wind    12.44   220.54 0.813 -1.0    19.90   120.33    0.141
 60 1998-02-04T00:00      Wind  ACE     5.18   186.28 0.965 -1.0    28.07    37.12    0.216
 60 1998-02-04T00:00      Wind Wind     3.45   185.67 0.971 -1.0    28.55    32.84    0.230
 60 1998-02-04T00:00 LLAMAICEA  ACE    21.05   221.64 0.797 -1.0    20.21   124.50    0.120
 60 1998-02-04T00:00 LLAMAICEA Wind    13.96   221.26 0.808 -1.0    20.04   119.15    0.136
 60 1998-02-04T00:00 LLAMAICEB  ACE     5.18   186.28 0.965 -1.0    28.07    37.12    0.216
 60 1998-02-04T00:00 LLAMAICEB Wind     3.45   185.67 0.971 -1.0    28.55    32.84    0.230
 61 1998-02-17T06:28    DREAMS  ACE    -9.76   351.79 -0.779  1.0    21.21    71.40    0.168
 61 1998-02-17T06:28    DREAMS Wind   -11.25   351.80 -0.768  1.0    21.06    67.01    0.168
 61 1998-02-17T06:28      Jian  ACE     0.01   180.01 0.677 -1.0    26.33    76.58    0.255
 61 1998-02-17T06:28      Jian Wind     0.00   180.00 0.721 -1.0    20.77   278.18    0.291
 61 1998-02-17T06:28        RC  ACE   -11.78   349.68 -0.711  1.0    19.84   102.32    0.149
 61 1998-02-17T06:28        RC Wind   -13.38   349.79 -0.697  1.0    19.65    96.79    0.151
 61 1998-02-17T06:28      Wind  ACE   -44.39   128.43 0.079  1.0    18.62   522.11    0.190
 61 1998-02-17T06:28      Wind Wind   -42.09   126.00 0.102  1.0    18.52   653.82    0.177
 61 1998-02-17T06:28 LLAMAICEA  ACE   -78.30    89.17 -0.071  1.0    17.44   306.99    0.202
 61 1998-02-17T06:28 LLAMAICEA Wind   -73.52    89.70 -0.063  1.0    17.43   328.26    0.180
 61 1998-02-17T06:28 LLAMAICEB  ACE   -45.44   124.55 0.041  1.0    18.54   518.30    0.200
 61 1998-02-17T06:28 LLAMAICEB Wind   -43.25   121.43 0.057  1.0    18.41   633.17    0.189
 62 1998-02-18T07:50    DREAMS  ACE     0.00   180.00 -0.649  1.0    14.58    77.14    0.086
 62 1998-02-18T07:50    DREAMS Wind     0.00   179.99 -0.588 -1.0    12.99   211.91    0.086
 62 1998-02-18T07:50        RC  ACE     0.00   180.00 -0.676 -1.0    14.89    65.34    0.078
 62 1998-02-18T07:50        RC Wind     0.00   179.99 -0.647 -1.0    14.06    96.33    0.078
 62 1998-02-18T07:50      Wind  ACE     0.00   180.00 -0.611 -1.0    14.13   111.33    0.108
 62 1998-02-18T07:50      Wind Wind    -0.00   180.00 -0.622  1.0    14.44   106.58    0.107
 62 1998-02-18T07:50 LLAMAICEA  ACE     0.00   180.00 -0.613 -1.0    14.17   111.21    0.109
 62 1998-02-18T07:50 LLAMAICEA Wind     0.00   180.00 -0.627 -1.0    14.52   105.66    0.107
 62 1998-02-18T07:50 LLAMAICEC  ACE     0.00   180.00 -0.860 -1.0    17.55   142.98    0.198
 62 1998-02-18T07:50 LLAMAICEC Wind    -0.00   180.01 -0.767  1.0    17.21   120.96    0.182
 63 1998-03-04T11:02    DREAMS  ACE     2.00   332.63 0.826 -1.0    21.04    78.17    0.171
 63 1998-03-04T11:02    DREAMS Wind     0.83   243.24 -0.681 -1.0    18.22   163.70    0.139
 63 1998-03-04T11:02      Jian  ACE    17.72   259.47 -0.527 -1.0    17.11   163.97    0.111
 63 1998-03-04T11:02      Jian Wind    11.82   264.80 -0.399 -1.0    16.07   185.02    0.097
 63 1998-03-04T11:02   Lepping  ACE    22.79   287.39 -0.132 -1.0    15.13   188.62    0.069
 63 1998-03-04T11:02   Lepping Wind    16.56   292.29 -0.008 -1.0    14.89   192.59    0.068
 63 1998-03-04T11:02        RC  ACE    19.33   303.96 0.108 -1.0    14.68   189.40    0.080
 63 1998-03-04T11:02        RC Wind    15.63   297.35 0.054 -1.0    14.46   204.93    0.086
 63 1998-03-04T11:02      Wind  ACE    14.19   288.46 -0.086 -1.0    14.71   195.08    0.102
 63 1998-03-04T11:02      Wind Wind     9.01   287.37 -0.056 -1.0    14.50   206.12    0.105
 63 1998-03-04T11:02 LLAMAICEA  ACE     2.00   332.63 0.826 -1.0    21.04    78.17    0.171
 63 1998-03-04T11:02 LLAMAICEA Wind     0.83   243.24 -0.681 -1.0    18.22   163.70    0.139
 63 1998-03-04T11:02 LLAMAICEB  ACE    19.28   310.56 0.213 -1.0    15.47   164.87    0.069
 63 1998-03-04T11:02 LLAMAICEB Wind    16.82   302.19 0.129 -1.0    14.97   186.28    0.067
 64 1998-03-06T11:59    DREAMS  ACE   -16.43    20.54 -0.237  1.0     8.77    73.90    0.122
 64 1998-03-06T11:59    DREAMS Wind   -11.36    16.22 -0.345  1.0     8.70   128.10    0.133
 64 1998-03-06T11:59      Wind  ACE    24.01   101.69 -0.787 -1.0     9.34   231.34    0.502
 64 1998-03-06T11:59      Wind Wind    -6.97   329.32 -0.887 -1.0    10.08   199.55    0.569
 64 1998-03-06T11:59 LLAMAICEA  ACE    -2.84    88.45 0.275  1.0     7.48   194.19    0.273
 64 1998-03-06T11:59 LLAMAICEA Wind     0.52    92.36 0.286  1.0     7.38   277.85    0.262
 64 1998-03-06T11:59 LLAMAICEC  ACE   -42.39    45.81 0.322  1.0     7.68   181.00    0.424
 64 1998-03-06T11:59 LLAMAICEC Wind   -37.14    42.75 0.214  1.0     7.33   246.01    0.443
 65 1998-03-25T16:12    DREAMS  ACE     2.56   349.55 0.795 -1.0    17.80   245.62    0.103
 65 1998-03-25T16:12    DREAMS Wind     4.89   339.39 0.761 -1.0    17.36   168.19    0.114
 65 1998-03-25T16:12        RC Wind     1.69   305.16 0.281 -1.0    12.95  2021.73    0.280
 65 1998-03-25T16:12      Wind  ACE     2.83   336.59 0.600 -1.0    15.44   719.24    0.218
 65 1998-03-25T16:12      Wind Wind     3.12   321.46 0.496 -1.0    14.60   411.27    0.235
 65 1998-03-25T16:12 LLAMAICEA  ACE     2.56   349.55 0.795 -1.0    17.80   245.62    0.103
 65 1998-03-25T16:12 LLAMAICEA Wind     4.89   339.39 0.761 -1.0    17.36   168.19    0.114
 65 1998-03-25T16:12 LLAMAICEB  ACE     2.60   351.09 0.770 -1.0    17.25  1092.20    0.106
 65 1998-03-25T16:12 LLAMAICEB Wind     6.60   337.12 0.706 -1.0    16.52   315.22    0.128
 65 1998-03-25T16:12 LLAMAICEC Wind    -7.24   305.27 0.237 -1.0    12.52  1328.34    0.293
 65 1998-03-25T16:12 LLAMAICED  ACE    -4.01   310.42 0.249 -1.0    12.49 481802887.27    0.273
 65 1998-03-25T16:12 LLAMAICED Wind    -4.26   303.36 0.233 -1.0    12.39  4530.56    0.300
 66 1998-03-31T11:59        RC  ACE   -13.91   186.85 0.935 -1.0    15.43    59.52    0.231
 66 1998-03-31T11:59        RC Wind   -11.00   186.55 0.947 -1.0    16.39    52.41    0.254
 66 1998-03-31T11:59      Wind  ACE    39.26   106.93 0.810 -1.0    10.69   164.47    0.143
 66 1998-03-31T11:59      Wind Wind    37.77   107.81 0.807 -1.0    10.96   155.49    0.142
 66 1998-03-31T11:59 LLAMAICEA  ACE    39.26   106.93 0.810 -1.0    10.69   164.47    0.143
 66 1998-03-31T11:59 LLAMAICEA Wind    37.77   107.81 0.807 -1.0    10.96   155.49    0.142
 66 1998-03-31T11:59 LLAMAICEC  ACE   -50.75   182.42 -0.828  1.0    10.38   173.73    0.134
 66 1998-03-31T11:59 LLAMAICEC Wind    48.58   112.59 0.794 -1.0    10.32   207.17    0.132
 66 1998-03-31T11:59 LLAMAICED  ACE   -49.36   176.28 -0.828  1.0    10.62   172.40    0.102
 66 1998-03-31T11:59 LLAMAICED Wind    51.75   113.61 0.796 -1.0    10.54   208.22    0.097
 68 1998-04-11T23:00    DREAMS  ACE    -0.00   180.00 0.759 -1.0    14.69   226.52    0.143
 68 1998-04-11T23:00    DREAMS Wind    -0.00   180.00 0.768 -1.0    15.02   195.88    0.142
 68 1998-04-11T23:00        RC  ACE    -0.00   180.00 0.619 -1.0    11.90  1531.70    0.123
 68 1998-04-11T23:00        RC Wind    -0.00   180.00 0.622 -1.0    12.29   657.01    0.121
 68 1998-04-11T23:00 LLAMAICEA  ACE    -0.00   180.00 0.619 -1.0    11.90  1531.70    0.123
 68 1998-04-11T23:00 LLAMAICEA Wind    -0.00   180.00 0.622 -1.0    12.29   657.01    0.121
 69 1998-05-01T21:21      CDAW  ACE    -8.91     7.64 -0.963  1.0    16.80    23.33    0.188
 69 1998-05-01T21:21      CDAW Wind    -7.94     7.15 -0.971  1.0    16.94    27.57    0.209
 69 1998-05-01T21:21    DREAMS  ACE    -0.56   180.19 0.998  1.0    44.38     5.15    0.069
 69 1998-05-01T21:21    DREAMS Wind    -0.70   180.19 0.998  1.0    44.45     5.77    0.072
 69 1998-05-01T21:21      Jian  ACE   -69.43   113.15 -0.783  1.0    18.62    73.79    0.148
 69 1998-05-01T21:21      Jian Wind   -64.34   110.67 -0.784  1.0    19.15    72.35    0.135
 69 1998-05-01T21:21   Lepping  ACE   -62.24   116.78 -0.781  1.0    17.29    75.32    0.100
 69 1998-05-01T21:21   Lepping Wind    38.38   185.73 0.854 -1.0    19.92    48.27    0.114
 69 1998-05-01T21:21        RC  ACE   -13.65   184.02 0.944  1.0    28.86    30.83    0.162
 69 1998-05-01T21:21        RC Wind   -14.29   182.98 0.943  1.0    29.39    30.74    0.170
 69 1998-05-01T21:21      Wind  ACE   -63.79   116.25 -0.782  1.0    17.78    72.60    0.118
 69 1998-05-01T21:21      Wind Wind    39.07   186.57 0.852 -1.0    20.42    47.68    0.127
 69 1998-05-01T21:21 LLAMAICEA  ACE   -63.56   116.02 -0.782  1.0    17.66    73.12    0.114
 69 1998-05-01T21:21 LLAMAICEA Wind    40.38   187.23 0.848 -1.0    20.09    49.40    0.127
 69 1998-05-01T21:21 LLAMAICEB  ACE    -0.56   180.19 0.998  1.0    44.38     5.15    0.069
 69 1998-05-01T21:21 LLAMAICEB Wind    -0.70   180.19 0.998  1.0    44.45     5.77    0.072
 69 1998-05-01T21:21 LLAMAICEC  ACE   -89.14   124.75 -0.780  1.0    20.46    85.83    0.274
 69 1998-05-01T21:21 LLAMAICEC Wind   -82.72   108.53 -0.781  1.0    21.15    81.77    0.257
 69 1998-05-01T21:21 LLAMAICED  ACE    -2.35   181.69 0.990  1.0    41.75    14.32    0.092
 69 1998-05-01T21:21 LLAMAICED Wind    -2.45   181.60 0.990  1.0    43.62    13.46    0.092
 70 1998-05-04T02:21      CDAW  ACE    -0.24   181.26 0.996  1.0    57.46     3.41    0.441
 70 1998-05-04T02:21      CDAW Wind    -0.23   181.43 -0.995 -1.0    56.80     3.78    0.469
 70 1998-05-04T02:21    DREAMS  ACE     1.20   174.74 0.974 -1.0    36.63    18.55    0.297
 70 1998-05-04T02:21    DREAMS Wind     0.78   176.01 0.982 -1.0    40.02    14.35    0.315
 70 1998-05-04T02:21      Jian  ACE   -38.29   258.02 0.771 -1.0    32.54    76.93    0.247
 70 1998-05-04T02:21      Jian Wind   -43.11   258.99 0.758 -1.0    32.20    83.90    0.242
 70 1998-05-04T02:21      Wind  ACE    -0.18   181.13 0.996  1.0    57.85     3.53    0.446
 70 1998-05-04T02:21      Wind Wind    -0.15   181.01 0.997  1.0    58.73     3.34    0.488
 70 1998-05-04T02:21 LLAMAICEA  ACE     0.75   173.65 0.969 -1.0    34.83    19.38    0.256
 70 1998-05-04T02:21 LLAMAICEA Wind     0.42   176.31 0.984 -1.0    40.05    12.36    0.300
 70 1998-05-04T02:21 LLAMAICEB  ACE     1.20   174.74 0.974 -1.0    36.63    18.55    0.297
 70 1998-05-04T02:21 LLAMAICEB Wind     0.78   176.01 0.982 -1.0    40.02    14.35    0.315
 70 1998-05-04T02:21 LLAMAICEC  ACE    -0.24   181.56 0.995  1.0    55.84     3.96    0.423
 70 1998-05-04T02:21 LLAMAICEC Wind    -0.20   181.40 0.995  1.0    56.83     3.74    0.469
 70 1998-05-04T02:21 LLAMAICED  ACE    -0.23   181.40 0.995  1.0    56.37     4.42    0.421
 70 1998-05-04T02:21 LLAMAICED Wind    -0.21   181.40 0.995  1.0    56.61     4.47    0.454
 71 1998-05-05T07:03    DREAMS  ACE    20.51   104.98 -0.787  1.0    14.33   134.72    0.317
 71 1998-05-05T07:03 LLAMAICEA Wind     2.02   185.69 0.977 -1.0    23.80    33.87    0.318
 72 1998-06-02T08:00      Jian  ACE    18.89   326.69 0.782 -1.0    16.45    63.64    0.126
 72 1998-06-02T08:00      Jian Wind    19.97   319.84 0.712 -1.0    16.03    73.23    0.119
 72 1998-06-02T08:00   Lepping  ACE     9.28   208.33 -0.645 -1.0    17.16    43.25    0.117
 72 1998-06-02T08:00   Lepping Wind     9.17   318.96 0.754 -1.0    18.20    75.23    0.109
 72 1998-06-02T08:00        RC  ACE    18.67   319.66 0.704 -1.0    15.94    69.90    0.110
 72 1998-06-02T08:00        RC Wind    18.51   313.22 0.631 -1.0    15.40    89.97    0.103
 72 1998-06-02T08:00      Wind  ACE    18.32   328.49 0.796 -1.0    16.46    63.64    0.129
 72 1998-06-02T08:00      Wind Wind    19.86   320.94 0.724 -1.0    16.03    70.77    0.122
 72 1998-06-02T08:00 LLAMAICEA  ACE    19.65   222.78 -0.469 -1.0    15.06    66.97    0.100
 72 1998-06-02T08:00 LLAMAICEA Wind    16.56   226.19 -0.420 -1.0    14.87    80.02    0.083
 72 1998-06-02T08:00 LLAMAICEB  ACE    18.89   326.69 0.782 -1.0    16.45    63.64    0.126
 72 1998-06-02T08:00 LLAMAICEB Wind    19.97   319.84 0.712 -1.0    16.03    73.23    0.119
 73 1998-06-13T19:25    DREAMS  ACE    -0.63     1.53 -0.467  1.0    13.78   123.58    0.180
 73 1998-06-13T19:25    DREAMS Wind   -16.49    61.15 0.244  1.0    11.29  2979.68    0.199
 73 1998-06-13T19:25        RC  ACE    26.56    32.45 0.288  1.0    12.00 123163.71    0.239
 73 1998-06-13T19:25        RC Wind    24.37    34.28 0.281  1.0    11.76 246891.86    0.286
 73 1998-06-13T19:25 LLAMAICEA  ACE     0.00     0.00 -0.256  1.0    13.28   138.18    0.265
 73 1998-06-13T19:25 LLAMAICEA Wind    -0.00     0.00 -0.330  1.0    13.96    97.05    0.301
 73 1998-06-13T19:25 LLAMAICEB  ACE    20.54    35.18 0.301  1.0    12.12 166756.04    0.290
 73 1998-06-13T19:25 LLAMAICEB Wind    14.88    34.28 0.257  1.0    11.77 180333.44    0.350
 73 1998-06-13T19:25 LLAMAICEC  ACE   -13.04    46.72 0.305  1.0    12.46   488.58    0.395
 73 1998-06-13T19:25 LLAMAICEC Wind     0.38     0.45 0.998  1.0    32.87     6.81    0.561
 73 1998-06-13T19:25 LLAMAICED  ACE     3.47    33.37 0.294  1.0    12.21  2313.22    0.474
 73 1998-06-13T19:25 LLAMAICED Wind    -0.87     0.00 -0.916  1.0    23.93    25.33    0.502
 74 1998-06-24T13:26    DREAMS  ACE    -2.97   346.11 0.939 -1.0    20.24    31.56    0.126
 74 1998-06-24T13:26    DREAMS Wind    -4.72   343.49 0.930 -1.0    19.55    34.15    0.133
 74 1998-06-24T13:26    DREAMS  ACE     6.32   359.65 0.708 -1.0    21.78 266177405.36    0.119
 74 1998-06-24T13:26    DREAMS Wind     0.25   359.96 0.751 -1.0    21.90 111612246.95    0.113
 74 1998-06-24T13:26      Jian  ACE    -5.03     7.08 0.950  1.0    27.39    78.97    0.391
 74 1998-06-24T13:26      Jian Wind     1.26   357.88 0.991 -1.0    36.79    22.79    0.383
 74 1998-06-24T13:26   Lepping  ACE    17.74   346.04 0.455 -1.0    22.69    64.27    0.145
 74 1998-06-24T13:26   Lepping Wind     0.98   356.52 0.986 -1.0    37.67    11.63    0.371
 74 1998-06-24T13:26        RC  ACE    16.13   347.50 0.478 -1.0    23.11    62.44    0.178
 74 1998-06-24T13:26        RC Wind     0.78   356.70 0.987 -1.0    37.47    12.21    0.382
 74 1998-06-24T13:26      Wind  ACE    25.62   335.91 0.267 -1.0    20.27    93.39    0.125
 74 1998-06-24T13:26      Wind Wind     1.20   354.17 0.976 -1.0    34.10    17.99    0.347
 74 1998-06-24T13:26 LLAMAICEA  ACE    38.10   264.98 -0.756 -1.0    21.67    91.83    0.112
 74 1998-06-24T13:26 LLAMAICEA Wind    32.93   264.65 -0.757 -1.0    21.03    89.40    0.184
 74 1998-06-24T13:26 LLAMAICEB  ACE     0.75   355.98 0.985 -1.0    37.16    15.09    0.386
 74 1998-06-24T13:26 LLAMAICEB Wind     0.75   355.07 0.981 -1.0    35.17    16.38    0.368
 74 1998-06-24T13:26 LLAMAICEC  ACE    29.88   265.52 -0.754 -1.0    20.62   102.37    0.167
 74 1998-06-24T13:26 LLAMAICEC Wind    25.39   264.28 -0.750 -1.0    19.85   109.21    0.227
 74 1998-06-24T13:26 LLAMAICED  ACE    29.89   323.73 0.126 -1.0    18.55   124.05    0.173
 74 1998-06-24T13:26 LLAMAICED Wind     8.15   347.18 0.931 -1.0    26.73    46.40    0.300
 75 1998-06-25T23:28      CDAW  ACE     0.02   201.05 -0.956 -1.0    20.47   146.52    0.188
 75 1998-06-25T23:28      CDAW Wind    -1.29   198.07 -0.949 -1.0    20.60   179.90    0.205
 75 1998-06-25T23:28    DREAMS  ACE     3.02   201.56 0.888  1.0    18.63    52.76    0.100
 75 1998-06-25T23:28    DREAMS Wind     4.89   323.63 -0.792  1.0    17.39    89.95    0.092
 75 1998-06-25T23:28        RC  ACE     3.30   202.20 0.935  1.0    19.61   101.99    0.158
 75 1998-06-25T23:28        RC Wind     2.05   198.71 0.958  1.0    20.08   110.53    0.176
 75 1998-06-25T23:28 LLAMAICEA  ACE    -4.85   209.17 -0.829 -1.0    19.42   290.55    0.237
 75 1998-06-25T23:28 LLAMAICEA Wind    -4.80   337.91 0.746 -1.0    18.34   635.40    0.237
 75 1998-06-25T23:28 LLAMAICEC  ACE     0.10   359.88 -0.719  1.0    20.22   516.24    0.533
 75 1998-06-25T23:28 LLAMAICEC Wind    -0.00   180.00 0.799 -1.0    21.03  8900.36    0.536
 76 1998-07-06T06:00    DREAMS  ACE     0.79    26.64 0.886 -1.0    10.33    31.88    0.246
 76 1998-07-06T06:00    DREAMS Wind     1.01    34.56 0.858 -1.0     9.60    39.64    0.224
 76 1998-07-06T06:00        RC  ACE     6.77   157.91 0.915  1.0    11.64    48.40    0.350
 76 1998-07-06T06:00        RC Wind     4.45   153.36 0.901  1.0    11.41    53.77    0.185
 76 1998-07-06T06:00 LLAMAICEA  ACE    32.44    88.69 0.780 -1.0     8.56    81.86    0.297
 76 1998-07-06T06:00 LLAMAICEA Wind   -30.32    90.47 -0.780  1.0     8.72    84.09    0.228
 77 1998-07-07T15:20    DREAMS  ACE    32.41    82.57 0.775 -1.0     7.19   172.64    0.151
 77 1998-07-07T15:20    DREAMS Wind    35.00    82.45 0.775 -1.0     7.09   164.54    0.209
 77 1998-07-07T15:20 LLAMAICEA  ACE    32.45    82.52 0.775 -1.0     7.19   172.62    0.151
 77 1998-07-07T15:20 LLAMAICEA Wind    35.07    82.43 0.775 -1.0     7.09   164.42    0.209
 77 1998-07-07T15:20 LLAMAICEC  ACE    33.43    81.97 0.775 -1.0     7.22   170.30    0.147
 77 1998-07-07T15:20 LLAMAICEC Wind    35.90    82.06 0.775 -1.0     7.14   163.24    0.211
 78 1998-07-10T23:00    DREAMS  ACE     0.00   360.00 0.788 -1.0    18.06   414.13    0.137
 78 1998-07-10T23:00    DREAMS Wind     0.00   360.00 0.778 -1.0    17.67   778.16    0.133
 78 1998-07-10T23:00      Jian  ACE     0.00   360.00 -0.628  1.0    19.69    73.39    0.380
 78 1998-07-10T23:00      Jian Wind    -0.00     0.00 -0.670 -1.0    19.59    71.72    0.396
 78 1998-07-10T23:00      Jian  ACE    41.56   246.02 -0.766 -1.0    12.21   208.07    0.183
 78 1998-07-10T23:00      Jian Wind    14.83   244.74 0.794  1.0    12.40   222.85    0.182
 78 1998-07-10T23:00        RC  ACE     0.00   360.00 1.000 -1.0    20.57   116.81    0.247
 78 1998-07-10T23:00        RC Wind     0.00   360.00 1.000 -1.0    18.22   281.79    0.266
 78 1998-07-10T23:00      Wind  ACE     0.00   360.00 -0.787  1.0    19.08   230.09    0.305
 78 1998-07-10T23:00      Wind Wind     0.00   360.00 -0.780  1.0    18.37   300.50    0.326
 78 1998-07-10T23:00 LLAMAICEA  ACE     0.00   360.00 -0.805  1.0    19.28   206.74    0.300
 78 1998-07-10T23:00 LLAMAICEA Wind     0.00   360.00 -0.798  1.0    18.60   266.82    0.318
 79 1998-08-01T08:20    DREAMS  ACE    77.47   266.66 0.716  1.0     9.95   215.74    0.246
 79 1998-08-01T08:20    DREAMS Wind    80.42   246.57 0.709  1.0     9.66   217.10    0.268
 79 1998-08-01T08:20        RC  ACE   -46.31   348.03 -0.838 -1.0    11.95   292.08    0.277
 79 1998-08-01T08:20        RC Wind   -46.00   349.46 -0.843 -1.0    11.58   310.08    0.297
 79 1998-08-01T08:20 LLAMAICEA  ACE    88.36   178.56 0.668  1.0    10.39   296.86    0.249
 79 1998-08-01T08:20 LLAMAICEA Wind    87.16   150.19 0.612  1.0     9.85   305.47    0.267
 80 1998-08-05T13:00        RC  ACE     0.00   180.00 0.837 -1.0    16.79 14127.65    0.138
 80 1998-08-05T13:00        RC Wind     0.00   180.00 0.819 -1.0    16.60  4662.11    0.147
 81 1998-08-08T02:19        RC  ACE     0.84   351.20 0.964 -1.0    16.58    31.26    0.420
 81 1998-08-08T02:19        RC Wind     0.81   349.74 0.958 -1.0    15.65    33.38    0.346
 81 1998-08-08T02:19 LLAMAICEA  ACE    56.64   360.00 0.803  1.0    11.45   107.76    0.314
 81 1998-08-08T02:19 LLAMAICEA Wind     5.29   272.30 -0.776 -1.0    10.62   126.65    0.159
 81 1998-08-08T02:19 LLAMAICEB  ACE     1.96     4.25 0.982  1.0    18.57    19.87    0.150
 81 1998-08-08T02:19 LLAMAICEB Wind    -1.41   353.93 0.976 -1.0    16.92    23.25    0.472
 81 1998-08-08T02:19 LLAMAICEC  ACE    19.29   266.02 -0.781 -1.0    11.69   173.88    0.278
 81 1998-08-08T02:19 LLAMAICEC Wind    17.59   263.70 -0.779 -1.0    11.37   189.70    0.258
 81 1998-08-08T02:19 LLAMAICED  ACE    10.26   332.80 0.881 -1.0    13.27   102.75    0.152
 81 1998-08-08T02:19 LLAMAICED Wind    21.02   262.23 -0.779 -1.0    11.11   207.51    0.224
 82 1998-08-10T00:31    DREAMS  ACE   -73.93    19.49 -0.894  1.0    11.94    92.72    0.134
 82 1998-08-10T00:31    DREAMS Wind   -73.77   306.30 -0.913  1.0    13.21   116.95    0.098
 82 1998-08-10T00:31      Jian  ACE    -1.88   358.79 0.992  1.0    20.65    13.31    0.335
 82 1998-08-10T00:31      Jian Wind     0.77     2.76 0.990 -1.0    20.62    15.77    0.341
 82 1998-08-10T00:31      Wind  ACE    -7.05   171.71 0.948  1.0    15.59    52.98    0.570
 82 1998-08-10T00:31      Wind Wind     0.63   359.26 0.996 -1.0    24.00     5.56    0.438
 82 1998-08-10T00:31 LLAMAICEA  ACE    -1.12     1.84 0.992  1.0    25.12     8.45    0.418
 82 1998-08-10T00:31 LLAMAICEA Wind    -6.01   169.99 -0.944 -1.0    16.57    39.31    0.612
 83 1998-08-12T01:00        RC  ACE     0.00   360.00 0.904 -1.0    21.65    20.91    0.205
 83 1998-08-12T01:00        RC Wind    -0.00     0.00 0.925  1.0    20.71    23.53    0.213
 83 1998-08-12T01:00 LLAMAICEA  ACE     0.00   360.00 0.904 -1.0    21.65    20.91    0.205
 83 1998-08-12T01:00 LLAMAICEA Wind    -0.00     0.00 0.925  1.0    20.71    23.53    0.213
 84 1998-08-19T18:40    DREAMS  ACE     4.30    90.53 -0.187  1.0    18.95   169.38    0.163
 84 1998-08-19T18:40    DREAMS Wind     0.56    95.95 -0.121  1.0    18.29   207.58    0.138
 84 1998-08-19T18:40      Jian  ACE     1.29    93.39 -0.162  1.0    19.15   168.86    0.147
 84 1998-08-19T18:40      Jian Wind    -3.11    98.68 -0.102  1.0    18.42   210.45    0.130
 84 1998-08-19T18:40   Lepping  ACE     6.17    90.13 -0.181  1.0    19.05   167.87    0.145
 84 1998-08-19T18:40   Lepping Wind     1.38    95.52 -0.125  1.0    18.44   201.06    0.131
 84 1998-08-19T18:40        RC  ACE    -5.55    97.26 -0.135  1.0    18.62   179.08    0.164
 84 1998-08-19T18:40        RC Wind    -9.53   102.22 -0.071  1.0    17.75   217.82    0.154
 84 1998-08-19T18:40      Wind  ACE     2.09    92.14 -0.175  1.0    19.02   169.80    0.161
 84 1998-08-19T18:40      Wind Wind    -1.68    97.39 -0.112  1.0    18.27   209.99    0.137
 84 1998-08-19T18:40 LLAMAICEA  ACE     2.62    92.56 -0.167  1.0    19.11   168.50    0.147
 84 1998-08-19T18:40 LLAMAICEA Wind    -1.79    97.73 -0.109  1.0    18.41   208.67    0.132
 84 1998-08-19T18:40 LLAMAICEC  ACE    -8.05    99.17 -0.119  1.0    18.61   180.18    0.155
 84 1998-08-19T18:40 LLAMAICEC Wind   -12.49   104.24 -0.054  1.0    17.72   222.03    0.158
 85 1998-08-26T06:51    DREAMS  ACE    -1.14   181.18 -0.994 -1.0    50.60     4.84    0.533
 85 1998-08-26T06:51    DREAMS Wind    -1.99   181.86 -0.990 -1.0    48.02     5.93    0.505
 85 1998-08-26T06:51      Jian  ACE    -1.21   181.21 -0.994 -1.0    50.05     5.14    0.526
 85 1998-08-26T06:51      Jian Wind    -1.71   181.69 -0.992 -1.0    48.90     5.48    0.516
 85 1998-08-26T06:51        RC  ACE    -4.61   185.10 0.975  1.0    45.87     9.94    0.493
 85 1998-08-26T06:51        RC Wind    -8.10   189.97 0.951  1.0    40.01    15.19    0.421
 85 1998-08-26T06:51      Wind  ACE    -4.78   186.24 0.972  1.0    44.58    11.04    0.479
 85 1998-08-26T06:51      Wind Wind    -8.00   191.07 0.948  1.0    39.35    16.09    0.406
 85 1998-08-26T06:51 LLAMAICEA  ACE   -18.14   338.67 0.900 -1.0    27.97    41.54    0.206
 85 1998-08-26T06:51 LLAMAICEA Wind    -2.31   181.91 0.989  1.0    47.87     5.04    0.544
 85 1998-08-26T06:51 LLAMAICEB  ACE    -1.14   181.18 -0.994 -1.0    50.60     4.84    0.533
 85 1998-08-26T06:51 LLAMAICEB Wind    -1.99   181.86 -0.990 -1.0    48.02     5.93    0.505
 85 1998-08-26T06:51 LLAMAICEC  ACE    -5.56   186.17 0.969  1.0    44.47     9.95    0.501
 85 1998-08-26T06:51 LLAMAICEC Wind    -9.72   192.12 0.939  1.0    38.29    15.82    0.404
 85 1998-08-26T06:51 LLAMAICED  ACE    -4.04   184.41 0.979  1.0    46.85     9.32    0.493
 85 1998-08-26T06:51 LLAMAICED Wind    -6.92   188.46 0.959  1.0    41.39    13.87    0.429
 86 1998-09-23T04:00    DREAMS  ACE   -31.03   275.30 0.777  1.0    12.50    35.85    0.123
 86 1998-09-23T04:00    DREAMS Wind   -28.28   267.79 0.776  1.0    12.03    36.96    0.123
 86 1998-09-23T04:00      Jian  ACE    -9.53   269.34 0.778  1.0    12.98    34.69    0.108
 86 1998-09-23T04:00      Jian Wind    -6.44   265.35 0.778  1.0    12.41    37.13    0.099
 86 1998-09-23T04:00        RC  ACE   -29.48   274.79 0.777  1.0    12.64    37.10    0.138
 86 1998-09-23T04:00        RC Wind   -26.78   268.10 0.776  1.0    12.06    39.39    0.132
 86 1998-09-23T04:00      Wind  ACE   -30.00   274.48 0.778  1.0    12.61    34.64    0.116
 86 1998-09-23T04:00      Wind Wind   -27.02   268.46 0.776  1.0    12.11    36.12    0.125
 86 1998-09-23T04:00 LLAMAICEA  ACE    -5.58   268.44 0.779  1.0    13.06    34.60    0.102
 86 1998-09-23T04:00 LLAMAICEA Wind    -3.36   264.94 0.779  1.0    12.52    36.71    0.097
 86 1998-09-23T04:00 LLAMAICEB  ACE   -29.63   274.43 0.778  1.0    12.67    36.29    0.129
 86 1998-09-23T04:00 LLAMAICEB Wind   -26.84   268.68 0.776  1.0    12.09    38.54    0.126
 86 1998-09-23T04:00 LLAMAICEC  ACE     5.25   269.25 0.780  1.0    12.85    58.01    0.087
 86 1998-09-23T04:00 LLAMAICEC Wind     5.41   264.85 0.777  1.0    12.25    66.42    0.101
 86 1998-09-23T04:00 LLAMAICED  ACE   -16.04   272.53 0.776  1.0    12.66    51.13    0.126
 86 1998-09-23T04:00 LLAMAICED Wind   -77.41     0.00 0.788  1.0    12.12    55.66    0.334
 87 1998-09-24T23:18    DREAMS  ACE    -2.55    10.30 0.958  1.0    41.54    20.43    0.211
 87 1998-09-24T23:18    DREAMS Wind     2.07   350.30 0.961 -1.0    42.68    18.76    0.213
 87 1998-09-24T23:18      Jian  ACE     1.30   352.38 0.970 -1.0    46.52    14.79    0.248
 87 1998-09-24T23:18      Jian Wind     1.26   351.71 0.968 -1.0    45.53    15.32    0.241
 87 1998-09-24T23:18   Lepping  ACE    55.35    23.76 -0.736 -1.0    23.12   103.64    0.101
 87 1998-09-24T23:18   Lepping Wind   -22.93    20.33 0.869  1.0    26.27    59.22    0.106
 87 1998-09-24T23:18        RC  ACE     1.98   350.83 0.964 -1.0    43.50    18.30    0.220
 87 1998-09-24T23:18        RC Wind     1.88   350.31 0.962 -1.0    42.93    18.55    0.217
 87 1998-09-24T23:18      Wind  ACE     2.22   347.68 0.951 -1.0    40.54    23.02    0.211
 87 1998-09-24T23:18      Wind Wind     2.32   346.45 0.946 -1.0    39.52    24.19    0.208
 87 1998-09-24T23:18 LLAMAICEA  ACE     1.28   352.22 0.969 -1.0    46.49    14.46    0.252
 87 1998-09-24T23:18 LLAMAICEA Wind     1.17   352.06 0.969 -1.0    46.40    14.26    0.253
 87 1998-09-24T23:18 LLAMAICEB  ACE    -2.55    10.30 0.958  1.0    41.54    20.43    0.211
 87 1998-09-24T23:18 LLAMAICEB Wind     2.07   350.30 0.961 -1.0    42.68    18.76    0.213
 87 1998-09-24T23:18 LLAMAICEC  ACE     3.42   334.16 0.893 -1.0    34.65    41.74    0.162
 87 1998-09-24T23:18 LLAMAICEC Wind     3.96   329.65 0.875 -1.0    33.02    48.16    0.166
 87 1998-09-24T23:18 LLAMAICED  ACE     3.36   334.81 0.898 -1.0    33.99    43.34    0.179
 87 1998-09-24T23:18 LLAMAICED Wind     4.36   329.30 0.877 -1.0    32.09    50.88    0.196
 88 1998-10-02T07:10      Jian  ACE     2.10    92.61 -0.787  1.0     9.28   118.13    0.233
 88 1998-10-02T07:10      Wind  ACE   -48.05    45.20 0.785 -1.0    10.18   116.92    0.287
 89 1998-10-18T19:30    DREAMS  ACE   -24.78   273.15 0.263 -1.0    21.74   448.08    0.117
 89 1998-10-18T19:30    DREAMS Wind   -27.12   264.35 0.213 -1.0    22.40   338.47    0.138
 89 1998-10-18T19:30      Jian  ACE   -22.09   270.92 0.238 -1.0    21.03   532.43    0.137
 89 1998-10-18T19:30      Jian Wind   -24.08   263.95 0.207 -1.0    21.71   405.86    0.152
 89 1998-10-18T19:30   Lepping  ACE   -34.70   360.00 0.938 -1.0    38.88    81.58    0.090
 89 1998-10-18T19:30   Lepping Wind     9.44   181.04 -0.947  1.0    39.93   143.24    0.090
 89 1998-10-18T19:30        RC  ACE   -26.65   271.63 0.251 -1.0    21.93   429.21    0.121
 89 1998-10-18T19:30        RC Wind   -28.59   262.19 0.194 -1.0    22.44   327.57    0.143
 89 1998-10-18T19:30      Wind  ACE   -24.74   272.48 0.257 -1.0    21.65   457.41    0.120
 89 1998-10-18T19:30      Wind Wind   -26.85   264.03 0.210 -1.0    22.30   349.82    0.141
 89 1998-10-18T19:30 LLAMAICEA  ACE   -25.19   272.81 0.260 -1.0    21.77   444.82    0.118
 89 1998-10-18T19:30 LLAMAICEA Wind   -27.42   263.99 0.210 -1.0    22.41   337.60    0.139
 90 1998-10-23T12:57    DREAMS  ACE    -0.07   187.33 -0.967 -1.0    14.63    20.87    0.135
 90 1998-10-23T12:57    DREAMS Wind    -0.60   184.17 0.982  1.0    17.71    14.19    0.167
 90 1998-10-23T12:57      Jian  ACE     0.14   194.42 0.940  1.0    17.43    28.06    0.100
 90 1998-10-23T12:57      Jian Wind    -0.12   208.03 0.879  1.0    14.02    62.43    0.138
 90 1998-10-23T12:57        RC  ACE     0.03   183.87 0.986  1.0    25.45     8.97    0.142
 90 1998-10-23T12:57        RC Wind     0.29   183.02 0.989  1.0    27.46     7.71    0.191
 90 1998-10-23T12:57      Wind  ACE    -0.13   185.67 -0.976 -1.0    15.88    16.80    0.147
 90 1998-10-23T12:57      Wind Wind    -0.67   184.68 0.980  1.0    17.20    15.71    0.159
 90 1998-10-23T12:57 LLAMAICEA  ACE    -0.83   185.75 0.975  1.0    15.85    16.88    0.155
 90 1998-10-23T12:57 LLAMAICEA Wind    -0.13   184.83 -0.979 -1.0    17.15    15.81    0.156
 90 1998-10-23T12:57 LLAMAICEC  ACE    -0.28   185.30 0.979  1.0    20.67    13.50    0.088
 90 1998-10-23T12:57 LLAMAICEC Wind     0.01   182.86 0.990  1.0    25.31     8.51    0.144
 91 1998-11-07T08:15      CDAW  ACE     7.74   170.94 0.971 -1.0    29.05   103.59    0.189
 91 1998-11-07T08:15      CDAW Wind   -18.43   332.23 -0.907  1.0    26.45    56.05    0.159
 91 1998-11-07T08:15    DREAMS  ACE    -0.00   215.82 -0.540 -1.0    35.14 8478807738.09    0.104
 91 1998-11-07T08:15    DREAMS Wind    -4.86   215.07 -0.534 -1.0    33.91 27245998357.38    0.111
 91 1998-11-07T08:15      Jian  ACE   -12.32   286.61 -0.779  1.0    30.06   191.94    0.387
 91 1998-11-07T08:15      Jian Wind   -10.48   285.76 -0.776  1.0    29.87   196.16    0.387
 91 1998-11-07T08:15        RC  ACE    37.74   316.44 0.358 -1.0    31.59  6266.77    0.274
 91 1998-11-07T08:15        RC Wind    38.31   309.96 0.301 -1.0    30.51 107508684.65    0.278
 91 1998-11-07T08:15      Wind  ACE    32.94   342.68 0.813 -1.0    51.88    42.32    0.184
 91 1998-11-07T08:15      Wind Wind    35.18   338.37 0.759 -1.0    50.33    46.09    0.182
 91 1998-11-07T08:15 LLAMAICEA  ACE   -10.14   346.97 0.996 -1.0    32.65 375640030.56    0.032
 91 1998-11-07T08:15 LLAMAICEA Wind    -0.00   180.00 0.996  1.0    29.82    71.56    0.165
 91 1998-11-07T08:15 LLAMAICEB  ACE    -0.00   180.00 -0.842 -1.0    39.62  5203.76    0.107
 91 1998-11-07T08:15 LLAMAICEB Wind    -0.01   180.02 -0.920 -1.0    40.21   102.79    0.115
 92 1998-11-08T04:51    DREAMS  ACE   -65.28    93.98 -0.211  1.0    17.80   219.29    0.121
 92 1998-11-08T04:51    DREAMS Wind   -72.62    75.81 -0.326  1.0    18.92   175.68    0.106
 92 1998-11-08T04:51   Lepping  ACE   -77.04   218.46 -0.202  1.0    21.39   132.80    0.097
 92 1998-11-08T04:51   Lepping Wind   -71.58   250.90 -0.298  1.0    22.27   121.83    0.092
 92 1998-11-08T04:51        RC  ACE   -35.51   360.00 -0.847  1.0    19.50   122.51    0.287
 92 1998-11-08T04:51        RC Wind   -11.14   183.67 0.948  1.0    27.59    44.51    0.254
 92 1998-11-08T04:51      Wind  ACE   -78.70   170.01 -0.160  1.0    20.10   151.37    0.117
 92 1998-11-08T04:51      Wind Wind   -80.60   221.38 -0.258  1.0    21.14   128.96    0.110
 92 1998-11-08T04:51 LLAMAICEA  ACE   -73.49    46.18 -0.417  1.0    20.63   148.74    0.099
 92 1998-11-08T04:51 LLAMAICEA Wind   -63.41     5.36 -0.660  1.0    23.61   112.87    0.082
 92 1998-11-08T04:51 LLAMAICEB  ACE   -65.28    93.98 -0.211  1.0    17.80   219.29    0.121
 92 1998-11-08T04:51 LLAMAICEB Wind   -72.62    75.81 -0.326  1.0    18.92   175.68    0.106
 92 1998-11-08T04:51 LLAMAICEC  ACE   -77.04   218.46 -0.202  1.0    21.39   132.80    0.097
 92 1998-11-08T04:51 LLAMAICEC Wind   -71.58   250.90 -0.298  1.0    22.27   121.83    0.092
 92 1998-11-08T04:51 LLAMAICED  ACE   -76.06   165.90 -0.140  1.0    19.62   169.69    0.139
 92 1998-11-08T04:51 LLAMAICED Wind   -75.69   200.02 -0.178  1.0    20.32   149.69    0.136
 93 1998-11-13T02:00      CDAW  ACE   -47.58     6.29 -0.668  1.0    28.16   326.56    0.150
 93 1998-11-13T02:00      CDAW Wind     0.00     0.00 1.000  1.0   105.49    30.72    0.229
 93 1998-11-13T02:00      Jian  ACE   -72.48   219.07 -0.030  1.0    22.74   251.86    0.158
 93 1998-11-13T02:00      Jian Wind    -0.01   360.00 1.000 -1.0    77.75    98.41    0.290
 93 1998-11-13T02:00        RC  ACE   -54.88   180.38 0.305  1.0    23.48   451.47    0.176
 93 1998-11-13T02:00        RC Wind    -8.55   354.93 -0.794  1.0    70.55   108.74    0.274
 93 1998-11-13T02:00 LLAMAICEA  ACE   -56.45     1.71 -0.632  1.0    27.99   187.88    0.137
 93 1998-11-13T02:00 LLAMAICEA Wind    -0.00   360.00 1.000 -1.0   104.15    36.48    0.262
 93 1998-11-13T02:00 LLAMAICEB  ACE   -47.58     6.29 -0.668  1.0    28.16   326.56    0.150
 93 1998-11-13T02:00 LLAMAICEB Wind     0.00     0.00 1.000  1.0   105.49    30.72    0.229
 94 1998-11-30T05:06    DREAMS  ACE    -0.00   180.00 -0.640 -1.0    18.09 33285429.39    0.203
 94 1998-11-30T05:06    DREAMS Wind     0.00   180.00 -0.855 -1.0    23.00    33.92    0.133
 94 1998-11-30T05:06      Jian  ACE     0.00   360.00 0.992  1.0    20.74   164.36    0.467
 94 1998-11-30T05:06      Jian Wind    -0.00   180.00 -0.747 -1.0    24.83    18.66    0.362
 94 1998-11-30T05:06        RC  ACE     0.00   180.00 0.491  1.0    12.72  1159.71    0.455
 94 1998-11-30T05:06        RC Wind    -0.00   180.00 0.442  1.0    11.95 10166026.28    0.596
 94 1998-11-30T05:06 LLAMAICEA  ACE     0.00   360.00 0.991  1.0    26.88    16.92    0.583
 94 1998-11-30T05:06 LLAMAICEA Wind     0.00   360.00 0.999  1.0    20.42   192.02    0.479
 95 1998-12-26T09:56      Jian  ACE     3.80   247.38 0.784  1.0    15.80    52.97    0.248
 95 1998-12-26T09:56      Jian Wind     7.19   254.57 0.771  1.0    15.51    59.22    0.274
 96 1998-12-28T18:26      Jian  ACE   -20.14   124.35 0.411  1.0    11.35  2814.79    0.302
 96 1998-12-28T18:26      Jian Wind   -20.41   117.91 0.337  1.0    10.99 42469.09    0.333
 96 1998-12-28T18:26        RC  ACE     1.60    25.47 -0.913  1.0    14.96   474.11    0.130
 96 1998-12-28T18:26        RC Wind     1.62   166.58 0.853  1.0    14.76   375.25    0.158
 97 1999-01-04T04:08    DREAMS  ACE   -12.44   331.89 -0.905  1.0    15.37   109.82    0.156
 97 1999-01-04T04:08    DREAMS Wind   -16.23   333.24 0.916 -1.0    15.27    91.23    0.189
 97 1999-01-04T04:08        RC  ACE   -10.79   330.63 -0.918  1.0    15.58   102.71    0.145
 97 1999-01-04T04:08        RC Wind   -16.48   329.98 0.906 -1.0    14.98    87.63    0.178
 98 1999-01-13T16:05        RC  ACE    -8.24   350.95 0.815 -1.0    30.29 648925260.65    0.246
 98 1999-01-13T16:05        RC Wind     0.01   360.00 0.776  1.0    29.27   124.23    0.526
 98 1999-01-13T16:05 LLAMAICEA  ACE    -6.68   351.52 0.832 -1.0    30.84 506699425.57    0.274
 98 1999-01-13T16:05 LLAMAICEA Wind    -0.00   360.00 0.962 -1.0    33.60   139.65    0.282
 99 1999-01-22T20:24    DREAMS  ACE     5.99   345.52 0.961 -1.0    26.31    53.56    0.144
 99 1999-01-22T20:24    DREAMS Wind     4.11   190.64 -0.973 -1.0    27.49   252.89    0.157
 99 1999-01-22T20:24      Jian  ACE     9.76   212.06 0.908  1.0    27.78    86.93    0.164
 99 1999-01-22T20:24      Jian Wind     9.45   209.80 0.920  1.0    28.72    92.70    0.181
 99 1999-01-22T20:24        RC  ACE     4.61   316.28 -0.521  1.0    17.29    44.66    0.185
 99 1999-01-22T20:24        RC Wind     6.47   304.33 -0.393  1.0    17.12    50.28    0.159
 99 1999-01-22T20:24      Wind  ACE    13.93   216.41 0.873  1.0    28.54    86.98    0.161
 99 1999-01-22T20:24      Wind Wind    11.87   213.97 0.897  1.0    29.61    93.97    0.165
 99 1999-01-22T20:24 LLAMAICEA  ACE     4.13   332.51 -0.867  1.0    23.05    52.66    0.184
 99 1999-01-22T20:24 LLAMAICEA Wind     3.70   333.64 -0.881  1.0    24.09    57.24    0.201
100 1999-02-11T17:41      Wind  ACE     9.35   323.81 -0.394  1.0    25.46 936197075.34    0.161
100 1999-02-11T17:41      Wind Wind    30.60   308.24 -0.202  1.0    23.72 33671.26    0.242
101 1999-02-13T19:00        RC  ACE    -5.61   222.74 0.828  1.0    15.75   106.73    0.118
101 1999-02-13T19:00        RC Wind    -5.23   229.86 0.800  1.0    14.48   102.33    0.165
102 1999-02-16T15:40        RC  ACE    -0.00   180.00 0.889  1.0    12.30 79016086.56    0.145
102 1999-02-16T15:40        RC Wind     0.00   341.97 -0.741  1.0    10.43 2198404977.73    0.160
103 1999-02-17T07:09    DREAMS  ACE    -0.00   360.00 -0.892  1.0    27.32  5982.65    0.204
103 1999-02-17T07:09    DREAMS Wind    -0.00   360.00 -0.886  1.0    24.55  1365.83    0.183
103 1999-02-17T07:09        RC  ACE    -0.00   360.00 -0.892  1.0    29.06 13383.21    0.191
103 1999-02-17T07:09        RC Wind    -0.00   360.00 -0.876  1.0    25.96  1880.13    0.183
103 1999-02-17T07:09 LLAMAICEA  ACE    -0.09   358.74 0.996 -1.0    31.37     3.29    0.099
103 1999-02-17T07:09 LLAMAICEA Wind    -4.58   337.22 0.902 -1.0    17.10    19.65    0.308
103 1999-02-17T07:09 LLAMAICEB  ACE     0.00     0.01 -0.935 -1.0    24.53   510.45    0.155
103 1999-02-17T07:09 LLAMAICEB Wind    -0.00   359.99 -0.940  1.0    21.85   206.03    0.157
104 1999-02-18T02:48    DREAMS  ACE   -67.41   100.93 -0.788  1.0    18.01    79.72    0.074
104 1999-02-18T02:48    DREAMS Wind   -67.49   101.68 -0.789  1.0    18.89    85.60    0.078
104 1999-02-18T02:48      Jian  ACE   -47.66   274.90 0.786 -1.0    15.86   110.18    0.209
104 1999-02-18T02:48      Jian Wind   -48.87   273.01 0.787 -1.0    16.58   105.13    0.217
104 1999-02-18T02:48   Lepping  ACE    12.72   185.36 0.940 -1.0    22.73    23.10    0.172
104 1999-02-18T02:48   Lepping Wind   -47.09    93.22 0.781 -1.0    16.95    79.43    0.096
104 1999-02-18T02:48        RC  ACE   -47.66   274.90 0.786 -1.0    15.86   110.18    0.209
104 1999-02-18T02:48        RC Wind   -48.87   273.01 0.787 -1.0    16.58   105.13    0.217
104 1999-02-18T02:48 LLAMAICEA  ACE   -47.76    94.55 0.787 -1.0    17.32    75.93    0.076
104 1999-02-18T02:48 LLAMAICEA Wind   -37.37    96.39 0.787 -1.0    17.98    75.66    0.096
104 1999-02-18T02:48 LLAMAICEB  ACE    12.72   185.36 0.940 -1.0    22.73    23.10    0.172
104 1999-02-18T02:48 LLAMAICEB Wind   -47.09    93.22 0.781 -1.0    16.95    79.43    0.096
104 1999-02-18T02:48 LLAMAICEC  ACE   -74.37   110.10 -0.781  1.0    19.53    97.89    0.083
104 1999-02-18T02:48 LLAMAICEC Wind   -81.00   146.09 -0.775  1.0    20.46   123.50    0.114
104 1999-02-18T02:48 LLAMAICED  ACE   -76.14   100.24 -0.780  1.0    18.42   105.06    0.099
104 1999-02-18T02:48 LLAMAICED Wind   -81.52   127.61 -0.777  1.0    19.38   112.45    0.122
105 1999-02-19T12:18    DREAMS  ACE     0.28   359.47 0.998 -1.0    19.92     3.37    0.605
105 1999-02-19T12:18    DREAMS Wind     0.59   358.73 0.995 -1.0    17.95     5.03    0.503
105 1999-02-19T12:18 LLAMAICEA  ACE     0.28   359.47 0.998 -1.0    19.92     3.37    0.605
105 1999-02-19T12:18 LLAMAICEA Wind     0.59   358.73 0.995 -1.0    17.95     5.03    0.503
105 1999-02-19T12:18 LLAMAICEC  ACE     1.55   353.09 0.972 -1.0    14.99    13.25    0.424
105 1999-02-19T12:18 LLAMAICEC Wind     2.02   347.58 0.948 -1.0    13.33    20.15    0.283
106 1999-03-10T01:30        RC Wind     0.00   180.00 -1.000  1.0    36.01   141.33    0.301
106 1999-03-10T01:30 LLAMAICEA  ACE    -8.64   212.40 -0.846 -1.0    11.29   107.57    0.293
106 1999-03-10T01:30 LLAMAICEA Wind    -0.00   360.00 -0.896  1.0    34.30   298.38    0.356
106 1999-03-10T01:30 LLAMAICEC  ACE   -33.08   284.27 0.744 -1.0    10.55   215.08    0.466
106 1999-03-10T01:30 LLAMAICEC Wind     0.00   180.00 0.424  1.0    24.24    58.68    0.341
107 1999-03-19T12:21    DREAMS  ACE   -51.43   209.79 -0.787 -1.0     9.73    85.59    0.242
107 1999-03-19T12:21    DREAMS Wind    -3.41   359.30 0.993 -1.0    18.64   209.08    0.117
107 1999-03-19T12:21        RC  ACE   -44.85   206.20 -0.819 -1.0    10.04   101.56    0.239
107 1999-03-19T12:21        RC Wind   -17.34   184.60 -0.975 -1.0    17.31  1049.35    0.143
107 1999-03-19T12:21 LLAMAICEA  ACE   -29.18   348.98 0.862 -1.0    10.49    53.26    0.234
107 1999-03-19T12:21 LLAMAICEA Wind     3.35     0.70 0.997  1.0    18.56   451.93    0.116
107 1999-03-19T12:21 LLAMAICEB  ACE   -43.01   208.04 -0.824 -1.0    10.17   111.43    0.184
107 1999-03-19T12:21 LLAMAICEB Wind    -3.65   359.06 0.987 -1.0    17.83   211.54    0.110
107 1999-03-19T12:21 LLAMAICEC  ACE   -54.32   205.65 -0.795 -1.0     9.57    83.58    0.256
107 1999-03-19T12:21 LLAMAICEC Wind   -16.05   183.30 -0.981 -1.0    17.64   814.46    0.197
107 1999-03-19T12:21 LLAMAICED  ACE   -42.36   204.20 -0.826 -1.0    10.11    97.33    0.206
107 1999-03-19T12:21 LLAMAICED Wind   -19.52   185.14 -0.968 -1.0    17.05  1092.47    0.171
108 1999-04-16T11:25      CDAW  ACE   -33.22   299.50 -0.293 -1.0    26.05   135.45    0.094
108 1999-04-16T11:25      CDAW Wind   -38.59   301.36 -0.303 -1.0    25.29   166.81    0.094
108 1999-04-16T11:25    DREAMS  ACE   -44.24   305.07 -0.357 -1.0    26.69   126.82    0.096
108 1999-04-16T11:25    DREAMS Wind   -48.47   308.98 -0.344 -1.0    25.44   170.18    0.102
108 1999-04-16T11:25      Jian  ACE   -45.52   307.29 -0.361 -1.0    26.24   130.41    0.107
108 1999-04-16T11:25      Jian Wind   -48.24   314.35 -0.308 -1.0    24.66   177.63    0.122
108 1999-04-16T11:25   Lepping  ACE   -33.22   299.50 -0.293 -1.0    26.05   135.45    0.094
108 1999-04-16T11:25   Lepping Wind   -38.59   301.36 -0.303 -1.0    25.29   166.81    0.094
108 1999-04-16T11:25        RC  ACE   -48.96   306.88 -0.398 -1.0    26.98   122.05    0.107
108 1999-04-16T11:25        RC Wind   -51.27   316.94 -0.321 -1.0    24.96   177.40    0.122
108 1999-04-16T11:25      Wind  ACE   -42.46   303.25 -0.348 -1.0    26.82   126.71    0.090
108 1999-04-16T11:25      Wind Wind   -47.30   306.70 -0.344 -1.0    25.75   165.58    0.096
108 1999-04-16T11:25 LLAMAICEA  ACE   -32.59   286.31 -0.411 -1.0    28.48   124.33    0.054
108 1999-04-16T11:25 LLAMAICEA Wind   -39.25   289.96 -0.395 -1.0    27.75   139.91    0.058
108 1999-04-16T11:25 LLAMAICEB  ACE   -26.93   289.86 -0.340 -1.0    26.80   141.52    0.064
108 1999-04-16T11:25 LLAMAICEB Wind   -33.04   292.15 -0.340 -1.0    26.39   152.22    0.061
108 1999-04-16T11:25 LLAMAICEC  ACE   -53.05   318.39 -0.372 -1.0    25.34   124.21    0.173
108 1999-04-16T11:25 LLAMAICEC Wind   -52.97   330.20 -0.280 -1.0    22.98   197.99    0.184
108 1999-04-16T11:25 LLAMAICED  ACE   -47.80   317.38 -0.314 -1.0    24.54   131.75    0.174
108 1999-04-16T11:25 LLAMAICED Wind   -48.21   324.76 -0.247 -1.0    22.53   202.32    0.181
109 1999-04-20T16:00      Jian  ACE    -3.45   331.51 0.878 -1.0    15.28    73.51    0.291
109 1999-04-20T16:00      Jian Wind     0.02   359.28 -0.998  1.0    41.33     4.29    0.437
109 1999-04-20T16:00        RC  ACE    -7.51   232.39 -0.813 -1.0    13.98   104.16    0.228
109 1999-04-20T16:00        RC Wind     0.21   358.75 0.996 -1.0    40.69     4.99    0.448
109 1999-04-20T16:00      Wind  ACE    -0.46   359.39 0.998 -1.0    25.91     9.75    0.482
109 1999-04-20T16:00      Wind Wind    -0.00   360.00 0.902 -1.0    63.54    12.61    0.410
109 1999-04-20T16:00 LLAMAICEA  ACE    -4.30   230.31 -0.790 -1.0    14.07   105.95    0.146
109 1999-04-20T16:00 LLAMAICEA Wind    -0.00   360.00 0.783 -1.0    37.07    45.91    0.129
109 1999-04-20T16:00 LLAMAICEC  ACE    -6.30   318.97 0.834 -1.0    14.26    89.79    0.265
109 1999-04-20T16:00 LLAMAICEC Wind    -0.23   358.90 -0.997  1.0    41.33     4.98    0.441
110 1999-05-15T16:00    DREAMS  ACE    -0.73   360.00 0.997  1.0    14.77    20.24    0.084
110 1999-05-15T16:00    DREAMS Wind     1.18     0.00 0.995 -1.0    13.86    23.45    0.085
110 1999-05-15T16:00        RC  ACE    57.56   295.50 0.769  1.0     7.18   346.48    0.200
110 1999-05-15T16:00        RC Wind    58.33   294.23 0.764  1.0     7.01   372.53    0.231
111 1999-05-28T21:50      Jian  ACE     7.50   182.16 0.495  1.0    11.08   104.62    0.310
111 1999-05-28T21:50      Jian Wind     6.81   181.66 0.577  1.0    11.89    84.72    0.279
111 1999-05-28T21:50      Wind  ACE     7.37   182.17 0.499  1.0    11.12   102.93    0.311
111 1999-05-28T21:50      Wind Wind     6.59   181.68 0.583  1.0    11.92    84.45    0.280
111 1999-05-28T21:50 LLAMAICEA  ACE     0.00   180.00 0.668  1.0    11.03    84.89    0.257
111 1999-05-28T21:50 LLAMAICEA Wind     5.85   178.29 0.684  1.0    11.14    80.27    0.149
112 1999-06-03T00:31    DREAMS  ACE    12.77   192.91 -0.872 -1.0    16.92    72.91    0.140
112 1999-06-03T00:31    DREAMS Wind    11.13   192.13 -0.883 -1.0    17.12    76.80    0.138
112 1999-06-03T00:31        RC  ACE    26.76   199.96 -0.663 -1.0    15.22   103.74    0.128
112 1999-06-03T00:31        RC Wind    28.33   202.72 -0.573 -1.0    14.50   121.55    0.132
112 1999-06-03T00:31 LLAMAICEA  ACE    31.77   203.04 -0.551 -1.0    14.30    94.65    0.149
112 1999-06-03T00:31 LLAMAICEA Wind    31.88   204.26 -0.521 -1.0    14.14   100.74    0.143
112 1999-06-03T00:31 LLAMAICEC  ACE    26.76   199.96 -0.663 -1.0    15.22   103.74    0.128
112 1999-06-03T00:31 LLAMAICEC Wind    28.33   202.72 -0.573 -1.0    14.50   121.55    0.132
113 1999-06-26T02:31      CDAW  ACE     0.00   360.00 0.854 -1.0    16.31   173.02    0.110
113 1999-06-26T02:31      CDAW Wind     0.00   360.00 0.793 -1.0    15.10   236.84    0.116
113 1999-06-26T02:31      Jian  ACE     0.00   360.00 -1.000  1.0    27.19    81.07    0.136
113 1999-06-26T02:31      Jian Wind     0.00   360.00 0.943 -1.0    26.01   105.92    0.149
113 1999-06-26T02:31        RC  ACE   -17.13    65.50 -0.863 -1.0    11.87   414.86    0.192
113 1999-06-26T02:31        RC Wind    -7.86   273.96 0.772  1.0    11.22   200.50    0.200
113 1999-06-26T02:31      Wind  ACE     0.00   360.00 0.836 -1.0    25.55   634.03    0.181
113 1999-06-26T02:31      Wind Wind     0.00     0.00 0.822  1.0    25.76   993.29    0.216
113 1999-06-26T02:31 LLAMAICEA  ACE     1.11   220.72 -0.770 -1.0    22.67   388.01    0.040
113 1999-06-26T02:31 LLAMAICEA Wind    -2.97   220.22 -0.798 -1.0    23.16   325.21    0.146
114 1999-07-02T00:59      CDAW  ACE     0.00   180.00 -0.491  1.0    12.29   192.22    0.301
114 1999-07-02T00:59      CDAW Wind    19.02   153.88 -0.721  1.0    13.60 7802395.72    0.329
114 1999-07-02T00:59    DREAMS  ACE    13.53   184.55 0.943 -1.0    11.59    39.63    0.285
114 1999-07-02T00:59    DREAMS Wind    29.39   183.92 0.883 -1.0     9.85    70.45    0.215
114 1999-07-02T00:59      Jian  ACE    14.27    91.83 0.788 -1.0    11.36   156.48    0.291
114 1999-07-02T00:59        RC  ACE    11.42   183.94 0.953 -1.0    12.66    38.64    0.161
114 1999-07-02T00:59        RC Wind    18.28   186.44 0.924 -1.0    11.46    54.98    0.116
114 1999-07-02T00:59      Wind  ACE    10.81   186.69 0.949 -1.0    11.76    35.94    0.359
114 1999-07-02T00:59      Wind Wind    24.49   188.39 0.896 -1.0    10.07    62.23    0.266
114 1999-07-02T00:59 LLAMAICEA  ACE    10.49   186.58 0.951 -1.0    11.85    35.54    0.363
114 1999-07-02T00:59 LLAMAICEA Wind    23.62   188.25 0.900 -1.0    10.18    60.94    0.273
114 1999-07-02T00:59 LLAMAICEB  ACE     8.04   185.44 0.963 -1.0    12.61    32.31    0.393
114 1999-07-02T00:59 LLAMAICEB Wind    14.94   187.23 0.934 -1.0    11.35    47.46    0.332
114 1999-07-02T00:59 LLAMAICEC  ACE    15.86   188.08 0.931 -1.0    12.66    44.51    0.156
114 1999-07-02T00:59 LLAMAICEC Wind    26.25   193.00 0.888 -1.0    11.18    66.28    0.127
114 1999-07-02T00:59 LLAMAICED  ACE    12.00   187.09 0.947 -1.0    13.51    39.77    0.171
114 1999-07-02T00:59 LLAMAICED Wind    16.07   193.50 0.919 -1.0    12.24    54.45    0.141
115 1999-07-05T21:00    DREAMS  ACE    -0.00   180.00 0.576  1.0    11.19    31.70    0.161
115 1999-07-05T21:00    DREAMS Wind    -0.01   179.99 0.605  1.0    10.92    38.55    0.176
115 1999-07-05T21:00 LLAMAICEA  ACE    24.14   197.44 0.873 -1.0     9.69    67.17    0.100
115 1999-07-05T21:00 LLAMAICEA Wind   -39.44    87.72 -0.683  1.0     8.49   112.70    0.268
115 1999-07-05T21:00 LLAMAICEB  ACE     0.01   180.01 0.509 -1.0     9.78    58.43    0.153
115 1999-07-05T21:00 LLAMAICEB Wind    -0.01   179.97 0.478  1.0     9.49    70.93    0.173
116 1999-07-06T14:24    DREAMS  ACE    -0.00     0.00 0.994  1.0    14.79    30.07    0.168
116 1999-07-06T14:24    DREAMS Wind    -0.00     0.00 0.995  1.0    14.87    31.20    0.165
116 1999-07-06T14:24      Jian  ACE    -0.01   360.00 -0.992 -1.0    15.98    56.15    0.243
116 1999-07-06T14:24      Jian Wind     0.00     0.00 -0.990  1.0    16.64    50.76    0.251
116 1999-07-06T14:24        RC  ACE    33.87   179.33 0.860  1.0    17.94    17.17    0.110
116 1999-07-06T14:24        RC Wind    40.23   182.98 0.835  1.0    17.86    19.83    0.099
116 1999-07-06T14:24      Wind  ACE    -0.00   360.00 1.000  1.0    20.64    15.89    0.239
116 1999-07-06T14:24      Wind Wind     0.00     0.00 1.000 -1.0    17.06    29.23    0.217
116 1999-07-06T14:24 LLAMAICEA  ACE    -0.00     0.00 0.994  1.0    14.79    30.07    0.168
116 1999-07-06T14:24 LLAMAICEA Wind    -0.00     0.00 0.995  1.0    14.87    31.20    0.165
116 1999-07-06T14:24 LLAMAICEB  ACE   -32.55     0.00 0.897  1.0     9.94   303.69    0.291
116 1999-07-06T14:24 LLAMAICEB Wind   -35.73   347.19 0.864  1.0     9.91   294.38    0.289
117 1999-07-08T03:42    DREAMS  ACE    -25.45     13.91    0.893  -1.0     13.85     42.38     0.196
117 1999-07-08T03:42    DREAMS Wind     -4.35    176.61   -0.976  -1.0     20.02      9.52     0.292
117 1999-07-08T03:42      Jian  ACE    -28.43     60.53    0.774  -1.0     12.06    110.64     0.172
117 1999-07-08T03:42      Jian Wind    -25.70     70.25    0.776  -1.0     12.30     96.81     0.184
117 1999-07-08T03:42 LLAMAICEA  ACE    -21.53    149.68   -0.829  -1.0     15.62     52.23     0.140
117 1999-07-08T03:42 LLAMAICEA Wind    -13.20    155.62   -0.872  -1.0     16.52     39.86     0.147
118 1999-07-12T01:22      Jian  ACE     -0.11    179.92    1.000   1.0     28.69      4.58     0.171
118 1999-07-12T01:22      Jian Wind     -0.11      0.08    1.000  -1.0     31.12      3.91     0.174
119 1999-07-26T23:51    DREAMS  ACE   -14.45   249.14 0.831  1.0    10.38   325.56    0.280
119 1999-07-26T23:51    DREAMS Wind   -18.87   246.87 0.833  1.0    10.34   323.69    0.271
119 1999-07-26T23:51        RC  ACE   -13.23   248.39 0.841  1.0    10.46   352.83    0.290
119 1999-07-26T23:51        RC Wind   -17.99   247.12 0.837  1.0    10.40   339.32    0.286
119 1999-07-26T23:51 LLAMAICEA  ACE   -14.43   249.19 0.831  1.0    10.37   324.84    0.280
119 1999-07-26T23:51 LLAMAICEA Wind   -18.85   246.92 0.833  1.0    10.34   323.16    0.271
120 1999-07-30T19:12      Jian Wind    29.86    96.19 -0.783  1.0    12.73   145.01    0.226
120 1999-07-30T19:12        RC  ACE   -49.69   130.34 -0.786  1.0    13.62    62.29    0.306
120 1999-07-30T19:12        RC Wind   -49.03   120.87 -0.779  1.0    14.63    57.35    0.334
120 1999-07-30T19:12      Wind  ACE     0.00   126.36 0.152 -1.0     9.29 11938294.50    0.349
120 1999-07-30T19:12      Wind Wind    -0.00   180.00 0.954 -1.0    18.82    22.52    0.369
120 1999-07-30T19:12 LLAMAICEA  ACE     0.47   180.41 0.998 -1.0    27.77     3.80    0.506
120 1999-07-30T19:12 LLAMAICEA Wind    90.00   276.90 0.764 -1.0    13.78   239.31    0.378
120 1999-07-30T19:12 LLAMAICEB  ACE     0.00   180.00 -0.529 -1.0    11.23  4102.35    0.265
120 1999-07-30T19:12 LLAMAICEB Wind     0.00   180.00 0.911  1.0    16.36    37.65    0.323
121 1999-08-01T04:14    DREAMS  ACE   -11.44   183.18 -0.945  1.0    12.66    27.76    0.256
121 1999-08-01T04:14    DREAMS Wind   -11.78   183.15 -0.946  1.0    13.11    25.47    0.263
121 1999-08-01T04:14        RC Wind     7.89   172.64 -0.959  1.0    15.29    18.45    0.392
121 1999-08-01T04:14 LLAMAICEA  ACE   -11.44   183.18 -0.945  1.0    12.66    27.76    0.256
121 1999-08-01T04:14 LLAMAICEA Wind   -11.78   183.15 -0.946  1.0    13.11    25.47    0.263
121 1999-08-01T04:14 LLAMAICED  ACE     5.63   172.96 0.964 -1.0    14.60    19.88    0.334
121 1999-08-01T04:14 LLAMAICED Wind     7.44   174.05 0.964 -1.0    15.03    19.41    0.347
122 1999-08-02T18:55        RC Wind    -7.33   180.23 -0.970 -1.0     8.91    15.26    0.299
123 1999-08-04T01:17      Jian  ACE    -0.32   179.07 0.997  1.0    29.03     8.60    0.128
123 1999-08-04T01:17      Jian Wind    -0.36   178.61 0.995  1.0    25.83    11.82    0.118
124 1999-08-06T01:55      Wind  ACE    -7.16   214.80 -0.862 -1.0    16.27 24879833.50    0.088
124 1999-08-06T01:55      Wind Wind    -0.00   360.00 0.833 -1.0    16.31   370.85    0.095
125 1999-08-08T18:18      CDAW  ACE    81.57   299.31 -0.414 -1.0    14.36   199.35    0.113
125 1999-08-08T18:18      CDAW Wind    12.78   353.52 0.917 -1.0    20.53    49.30    0.211
125 1999-08-08T18:18    DREAMS  ACE    78.17   316.44 -0.353 -1.0    14.14   202.22    0.111
125 1999-08-08T18:18    DREAMS Wind    12.58   353.36 0.922 -1.0    20.87    47.77    0.227
125 1999-08-08T18:18      Jian  ACE    30.13   355.75 0.407 -1.0    15.37   125.72    0.125
125 1999-08-08T18:18      Jian Wind    70.30   317.53 -0.317 -1.0    14.00   218.39    0.113
125 1999-08-08T18:18   Lepping  ACE    81.57   299.31 -0.414 -1.0    14.36   199.35    0.113
125 1999-08-08T18:18   Lepping Wind    12.78   353.52 0.917 -1.0    20.53    49.30    0.211
125 1999-08-08T18:18        RC  ACE     8.61   340.41 0.906 -1.0    20.39    61.54    0.363
125 1999-08-08T18:18        RC Wind    41.48   264.69 -0.739 -1.0    16.31   156.05    0.337
125 1999-08-08T18:18      Wind  ACE    77.80   313.14 -0.353 -1.0    14.13   198.47    0.111
125 1999-08-08T18:18      Wind Wind    46.03     0.00 0.186 -1.0    13.90   139.11    0.154
125 1999-08-08T18:18 LLAMAICEA  ACE    58.33   224.66 -0.684 -1.0    15.65   172.83    0.138
125 1999-08-08T18:18 LLAMAICEA Wind    56.57   235.54 -0.631 -1.0    15.14   153.64    0.143
125 1999-08-08T18:18 LLAMAICEB  ACE    78.17   316.44 -0.353 -1.0    14.14   202.22    0.111
125 1999-08-08T18:18 LLAMAICEB Wind    12.58   353.36 0.922 -1.0    20.87    47.77    0.227
125 1999-08-08T18:18 LLAMAICEC  ACE    43.22   275.78 -0.359 -1.0    13.52   160.34    0.179
125 1999-08-08T18:18 LLAMAICEC Wind    37.14   273.35 -0.381 -1.0    13.58   145.79    0.199
125 1999-08-08T18:18 LLAMAICED  ACE    57.71   293.71 -0.328 -1.0    14.05   172.92    0.188
125 1999-08-08T18:18 LLAMAICED Wind    11.02   346.31 0.917 -1.0    20.44    51.43    0.361
126 1999-08-12T04:59        RC  ACE   -62.70   114.51 0.607  1.0     7.76   482.98    0.415
126 1999-08-12T04:59        RC Wind   -63.89   120.33 0.631  1.0     7.89   505.61    0.442
126 1999-08-12T04:59 LLAMAICEA  ACE   -27.47   136.57 0.867  1.0     9.30   207.39    0.114
126 1999-08-12T04:59 LLAMAICEA Wind   -27.27   139.16 0.880  1.0     9.50   215.25    0.109
126 1999-08-12T04:59 LLAMAICEC  ACE   -23.69   129.74 -0.798 -1.0     8.33   426.18    0.209
126 1999-08-12T04:59 LLAMAICEC Wind   -21.76   131.46 -0.812 -1.0     8.35   458.88    0.206
127 1999-08-21T15:18    DREAMS  ACE    -0.68     3.11 0.988  1.0    19.47    16.49    0.288
127 1999-08-21T15:18    DREAMS Wind    -1.59   354.58 0.977 -1.0    17.52    25.23    0.295
127 1999-08-21T15:18      Jian  ACE    -0.71   355.57 0.983 -1.0    18.07    19.43    0.413
127 1999-08-21T15:18      Jian Wind   -36.90   216.55 0.817  1.0    11.72   148.99    0.219
127 1999-08-21T15:18        RC  ACE    -7.21   350.98 0.958 -1.0    16.66    39.60    0.355
127 1999-08-21T15:18        RC Wind    -6.69   349.78 0.951 -1.0    15.49    40.04    0.346
127 1999-08-21T15:18 LLAMAICEA  ACE   -17.27   263.15 0.777  1.0    10.10   126.49    0.144
127 1999-08-21T15:18 LLAMAICEA Wind   -13.36   262.75 0.776  1.0     9.79   134.77    0.135
127 1999-08-21T15:18 LLAMAICEB  ACE    -0.82     4.62 0.982  1.0    18.06    19.81    0.405
127 1999-08-21T15:18 LLAMAICEB Wind   -38.85   220.66 0.809  1.0    11.62   156.35    0.212
128 1999-09-15T07:44    DREAMS  ACE    10.11   342.88 0.831 -1.0    22.46    31.89    0.130
128 1999-09-15T07:44    DREAMS Wind    18.37   224.22 -0.836 -1.0    22.31    55.05    0.138
128 1999-09-15T07:44      Jian  ACE    32.14   233.00 -0.704 -1.0    17.46    92.86    0.093
128 1999-09-15T07:44      Jian Wind    30.07   243.49 -0.556 -1.0    16.35   113.71    0.111
128 1999-09-15T07:44      Wind  ACE    24.14   224.88 -0.810 -1.0    20.54    78.82    0.097
128 1999-09-15T07:44      Wind Wind    20.48   230.03 -0.753 -1.0    20.42    75.44    0.118
128 1999-09-15T07:44 LLAMAICEA  ACE    24.76   221.95 -0.835 -1.0    20.72    74.47    0.094
128 1999-09-15T07:44 LLAMAICEA Wind    21.88   227.51 -0.796 -1.0    21.19    58.61    0.120
129 1999-09-21T20:25    DREAMS  ACE     0.00   359.99 0.715 -1.0    19.62    82.29    0.191
129 1999-09-21T20:25    DREAMS Wind     0.00   360.00 0.693 -1.0    18.50   198.12    0.160
129 1999-09-21T20:25   Lepping  ACE     0.62   353.77 0.577 -1.0    17.97    86.16    0.142
129 1999-09-21T20:25   Lepping Wind    -1.67   349.59 0.532 -1.0    17.31    93.22    0.150
129 1999-09-21T20:25        RC  ACE     0.04   352.47 0.593 -1.0    15.10   307.36    0.188
129 1999-09-21T20:25        RC Wind     0.48   236.26 -0.828 -1.0    16.91   341.38    0.227
129 1999-09-21T20:25      Wind Wind     6.56   240.81 -0.729 -1.0    17.92  1179.33    0.196
129 1999-09-21T20:25 LLAMAICEA  ACE     0.01   359.96 0.731 -1.0    19.40   111.12    0.174
130 1999-09-22T12:09      CDAW  ACE     2.47   183.55 0.983 -1.0    36.90    14.53    0.099
130 1999-09-22T12:09      CDAW Wind     2.44   183.18 0.984 -1.0    39.02    13.50    0.109
130 1999-09-22T12:09    DREAMS  ACE    24.07    75.93 -0.825  1.0    17.15   174.41    0.134
130 1999-09-22T12:09    DREAMS Wind    -0.38   184.91 0.979 -1.0    31.08    17.57    0.182
130 1999-09-22T12:09      Jian  ACE     0.00   180.00 -1.000  1.0    40.74    27.69    0.115
130 1999-09-22T12:09      Jian Wind    -0.00   180.00 -1.000 -1.0    39.79    30.12    0.124
130 1999-09-22T12:09        RC  ACE     3.61   185.91 0.971 -1.0    35.13    21.32    0.082
130 1999-09-22T12:09        RC Wind    -2.02   169.32 0.951  1.0    30.39    32.76    0.120
130 1999-09-22T12:09      Wind  ACE    10.53   211.60 0.887 -1.0    31.38    72.15    0.165
130 1999-09-22T12:09      Wind Wind     7.18   214.83 0.918 -1.0    32.79   110.57    0.191
130 1999-09-22T12:09 LLAMAICEA  ACE     24.07     75.93   -0.825   1.0     17.15    174.41     0.134
130 1999-09-22T12:09 LLAMAICEA Wind     -0.38    184.91    0.979  -1.0     31.08     17.57     0.182
130 1999-09-22T12:09 LLAMAICEC  ACE      3.72    186.17    0.970  -1.0     34.83     21.73     0.083
130 1999-09-22T12:09 LLAMAICEC Wind     -2.06    169.77    0.953   1.0     30.85     31.63     0.119
131 1999-10-21T02:19      CDAW  ACE    -0.01   179.99 -0.564 -1.0    38.21    70.05    0.190
131 1999-10-21T02:19      CDAW Wind     0.00   180.00 -0.536  1.0    34.17   347.10    0.194
131 1999-10-21T02:19    DREAMS  ACE     0.00   180.00 -0.739  1.0    36.59   164.26    0.191
131 1999-10-21T02:19    DREAMS Wind     0.00   180.00 -0.815  1.0    38.93   117.06    0.166
131 1999-10-21T02:19      Jian  ACE     0.00   180.00 -0.769  1.0    36.97   165.18    0.183
131 1999-10-21T02:19      Jian Wind    -0.00   180.00 -0.802 -1.0    38.27   146.10    0.166
131 1999-10-21T02:19        RC  ACE    -0.02   179.98 -0.791 -1.0    38.19   100.98    0.185
131 1999-10-21T02:19        RC Wind    -0.00   180.00 -0.800 -1.0    38.03   133.10    0.174
131 1999-10-21T02:19      Wind  ACE     0.00   180.00 -0.752  1.0    35.66   211.97    0.199
131 1999-10-21T02:19      Wind Wind    -0.00   180.00 -0.756 -1.0    35.65   238.03    0.215
131 1999-10-21T02:19 LLAMAICEA  ACE     0.00   180.00 -0.945  1.0    38.92    74.48    0.162
131 1999-10-21T02:19 LLAMAICEA Wind    -0.00   180.00 -0.978 -1.0    39.37    69.13    0.164
131 1999-10-21T02:19 LLAMAICEB  ACE    -0.02   179.98 -0.809 -1.0    39.49    82.33    0.183
131 1999-10-21T02:19 LLAMAICEB Wind     0.00   180.00 -0.817  1.0    38.89   118.18    0.165
131 1999-10-21T02:19 LLAMAICEC  ACE     0.00   180.00 -0.917  1.0    38.08   112.96    0.150
131 1999-10-21T02:19 LLAMAICEC Wind    -0.00   180.00 -0.939 -1.0    38.53   108.25    0.157
131 1999-10-21T02:19 LLAMAICED  ACE    -0.00   180.00 -0.783 -1.0    37.38   155.83    0.177
131 1999-10-21T02:19 LLAMAICED Wind    -0.00   180.00 -0.814 -1.0    38.44   144.25    0.157
132 1999-11-12T19:00    DREAMS  ACE     4.77   174.84 0.992 -1.0    14.94  1008.42    0.093
132 1999-11-12T19:00    DREAMS Wind    -2.12   181.93 0.991  1.0    21.47     5.24    0.375
132 1999-11-12T19:00      Jian  ACE    -5.76   193.48 -0.845 -1.0    14.31   277.21    0.173
132 1999-11-12T19:00      Jian Wind    -0.23   180.37 0.999  1.0    23.62     3.43    0.101
132 1999-11-12T19:00        RC  ACE    -0.08   357.99 0.993 -1.0    19.18     8.34    0.346
132 1999-11-12T19:00        RC Wind   -23.76   247.44 0.790  1.0    11.62    79.76    0.173
133 1999-11-13T20:26        RC  ACE     1.03   182.48 -0.988 -1.0    15.86    35.08    0.129
133 1999-11-13T20:26        RC Wind    -0.00     0.00 0.998  1.0    30.57   294.24    0.231
133 1999-11-13T20:26      Wind  ACE   -20.13   277.17 0.777 -1.0     7.37    84.84    0.216
133 1999-11-13T20:26      Wind Wind     8.47    14.62 -0.613 -1.0    39.46   125.33    0.091
134 1999-11-22T04:42    DREAMS  ACE     1.98   356.58 -0.982  1.0    24.46    20.97    0.141
134 1999-11-22T04:42    DREAMS Wind     3.16   355.18 -0.963  1.0    20.68    38.93    0.127
134 1999-11-22T04:42      Jian  ACE     4.44   208.01 0.936  1.0    16.96   418.31    0.147
134 1999-11-22T04:42      Jian Wind     3.86   202.10 -0.977 -1.0    17.40   577.94    0.181
134 1999-11-22T04:42        RC  ACE     5.39   211.76 0.907  1.0    16.79   441.17    0.158
134 1999-11-22T04:42        RC Wind     6.20   206.17 0.881  1.0    16.28  1241.37    0.186
134 1999-11-22T04:42 LLAMAICEA  ACE     3.83   211.42 0.943  1.0    19.26 757030100.38    0.090
134 1999-11-22T04:42 LLAMAICEA Wind     8.18   214.00 0.931  1.0    20.84   261.95    0.099
134 1999-11-22T04:42 LLAMAICEC  ACE    20.71   316.29 -0.193  1.0    15.27   277.94    0.145
134 1999-11-22T04:42 LLAMAICEC Wind    34.15   313.17 -0.143  1.0    15.30 23345.76    0.206
135 1999-11-23T06:52    DREAMS  ACE    -8.49   321.41 0.868 -1.0    16.43    53.26    0.220
135 1999-11-23T06:52    DREAMS Wind   -12.11   314.26 0.848 -1.0    16.01    54.59    0.206
135 1999-11-23T06:52 LLAMAICEA  ACE    -8.49   321.41 0.868 -1.0    16.43    53.26    0.220
135 1999-11-23T06:52 LLAMAICEA Wind   -12.11   314.26 0.848 -1.0    16.01    54.59    0.206
136 1999-11-23T20:19    DREAMS  ACE     4.10   341.28 0.800 -1.0    18.40   557.61    0.142
136 1999-11-23T20:19    DREAMS Wind     1.05   342.90 0.833 -1.0    18.44  1019.34    0.149
136 1999-11-23T20:19 LLAMAICEA  ACE     3.21   345.75 0.830 -1.0    18.52 304578529.06    0.246
136 1999-11-23T20:19 LLAMAICEA Wind     4.41   334.58 0.733 -1.0    17.11 11914710.70    0.127
136 1999-11-23T20:19 LLAMAICEC  ACE     3.68   340.38 0.781 -1.0    17.75 619655708.99    0.229
136 1999-11-23T20:19 LLAMAICEC Wind     4.19   206.38 -0.737 -1.0    16.93 1002364463.19    0.163
137 1999-12-12T15:50    DREAMS  ACE    -8.14   301.46 0.807 -1.0    22.79    44.72    0.335
137 1999-12-12T15:50    DREAMS Wind   -12.26   296.15 0.799 -1.0    22.49    44.61    0.173
137 1999-12-12T15:50      Jian  ACE   -11.55   290.85 0.795 -1.0    21.87    48.66    0.314
137 1999-12-12T15:50      Jian Wind   -20.05   281.85 0.778 -1.0    20.24    70.62    0.161
137 1999-12-12T15:50        RC  ACE   -11.68   297.48 0.802 -1.0    22.20    44.24    0.304
137 1999-12-12T15:50        RC Wind   -20.27   291.58 0.793 -1.0    20.98    47.21    0.247
137 1999-12-12T15:50      Wind  ACE    -7.89   308.49 0.824 -1.0    22.83    41.16    0.324
137 1999-12-12T15:50      Wind Wind   -12.49   283.51 0.786 -1.0    21.81    54.55    0.178
137 1999-12-12T15:50 LLAMAICEA  ACE    -8.14   301.46 0.807 -1.0    22.79    44.72    0.335
137 1999-12-12T15:50 LLAMAICEA Wind   -12.26   296.15 0.799 -1.0    22.49    44.61    0.173
137 1999-12-12T15:50 LLAMAICEB  ACE    -1.69   307.98 0.819 -1.0    22.60    47.69    0.336
137 1999-12-12T15:50 LLAMAICEB Wind    -5.22   197.97 0.927  1.0    28.28    20.42    0.174
137 1999-12-12T15:50 LLAMAICEC  ACE    -9.43   300.21 0.808 -1.0    22.52    43.80    0.317
137 1999-12-12T15:50 LLAMAICEC Wind   -14.44   283.22 0.785 -1.0    21.65    54.26    0.179
137 1999-12-12T15:50 LLAMAICED  ACE    -3.90   311.41 0.830 -1.0    22.82    43.55    0.336
137 1999-12-12T15:50 LLAMAICED Wind    -3.05   294.40 0.799 -1.0    22.00    55.84    0.165
138 1999-12-14T04:00    DREAMS  ACE    -2.53   358.01 0.589  1.0    20.09    17.15    0.333
138 1999-12-14T04:00    DREAMS Wind    51.82   114.95 0.977  1.0    20.12   272.75    0.021
138 1999-12-14T04:00      Jian  ACE    -2.24     0.00 0.992  1.0    34.85    11.96    0.538
138 1999-12-14T04:00      Jian Wind     6.97     4.19 0.966 -1.0    26.61    31.03    0.176
138 1999-12-14T04:00        RC  ACE    -2.74   359.99 0.989  1.0    33.32     6.94    0.511
138 1999-12-14T04:00        RC Wind   -46.03     0.00 0.927  1.0    20.54   198.26    0.056
138 1999-12-14T04:00 LLAMAICEA  ACE    -2.45     0.32 0.991  1.0    33.95     6.31    0.534
138 1999-12-14T04:00 LLAMAICEA Wind   -47.36     0.00 0.935  1.0    20.75   220.80    0.057
138 1999-12-14T04:00 LLAMAICEC  ACE    65.21    89.56 -0.817 -1.0    18.00   146.48    0.268
138 1999-12-14T04:00 LLAMAICEC Wind    -3.60   359.28 0.977  1.0    22.85    41.33    0.083
139 1999-12-26T08:33    DREAMS  ACE    38.15   274.78 0.849  1.0    14.18   104.11    0.068
140 1999-12-26T22:39    DREAMS  ACE     0.55   180.55 -0.787  1.0    18.43     9.70    0.355
140 1999-12-26T22:39      Jian  ACE     0.00     0.00 -0.021 -1.0    28.92     5.60    0.327
141 2000-01-22T13:58      CDAW  ACE   -11.47   178.50 0.946  1.0    30.67    35.37    0.166
141 2000-01-22T13:58      CDAW Wind   -41.37    27.66 -0.916  1.0    33.43   615.97    0.174
141 2000-01-22T13:58      Jian  ACE   -10.91   164.29 0.916  1.0    22.23   178.02    0.339
141 2000-01-22T13:58      Jian Wind    -4.39   174.24 -0.971 -1.0    29.12   219.02    0.313
141 2000-01-22T13:58        RC  ACE   -15.22   178.58 0.937  1.0    30.43    35.77    0.160
141 2000-01-22T13:58        RC Wind   -59.16    28.62 -0.807  1.0    30.77  1130.77    0.197
141 2000-01-22T13:58 LLAMAICEA  ACE   -16.91   178.55 0.932  1.0    30.54    33.76    0.163
141 2000-01-22T13:58 LLAMAICEA Wind   -70.26   359.99 -0.786  1.0    30.49   248.42    0.203
141 2000-01-22T13:58 LLAMAICEB  ACE   -37.79   160.78 0.447  1.0    21.53   270.28    0.260
141 2000-01-22T13:58 LLAMAICEB Wind   -51.07    30.54 -0.812  1.0    30.87  1288.96    0.199
142 2000-02-11T02:35    DREAMS  ACE     0.00   180.00 -0.974  1.0    19.56    39.04    0.094
142 2000-02-11T02:35    DREAMS Wind     0.00   180.00 1.000 -1.0    20.28    24.71    0.115
142 2000-02-11T02:35      Jian  ACE     0.79    69.47 0.799 -1.0    13.87    90.20    0.156
142 2000-02-11T02:35      Jian Wind     2.76    69.50 0.809 -1.0    13.87   120.05    0.148
142 2000-02-11T02:35        RC  ACE     4.80    32.54 -0.951  1.0    13.95    62.68    0.258
142 2000-02-11T02:35        RC Wind     4.21    36.81 -0.900  1.0    13.35    52.67    0.242
142 2000-02-11T02:35 LLAMAICEA  ACE    -0.73   177.01 0.988  1.0    22.49     7.14    0.059
142 2000-02-11T02:35 LLAMAICEA Wind    -2.12   167.21 0.942  1.0    16.65    18.71    0.237
142 2000-02-11T02:35 LLAMAICEB  ACE     0.00   180.00 -1.000  1.0    17.91    50.17    0.089
142 2000-02-11T02:35 LLAMAICEB Wind     0.00   180.00 0.998 -1.0    17.33    97.62    0.090
143 2000-02-11T23:31    DREAMS  ACE     1.13   359.50 -0.054  1.0    21.45     8.02    0.216
143 2000-02-11T23:31    DREAMS Wind     2.63   358.75 -0.037  1.0    19.62    10.38    0.198
143 2000-02-11T23:31      Jian  ACE    -3.42     5.75 0.970 -1.0    33.57    19.10    0.261
143 2000-02-11T23:31      Jian Wind    -2.17     7.24 -0.965  1.0    32.85    20.91    0.232
143 2000-02-11T23:31   Lepping  ACE     1.80   359.27 -0.036  1.0    19.80    10.97    0.170
143 2000-02-11T23:31   Lepping Wind     6.00   356.57 0.034  1.0    17.69    15.62    0.176
143 2000-02-11T23:31        RC  ACE    20.77     0.00 0.328  1.0    17.22    83.79    0.131
143 2000-02-11T23:31        RC Wind    -0.41     2.45 0.988 -1.0    31.38    11.89    0.176
143 2000-02-11T23:31      Wind  ACE    17.62   359.62 0.284  1.0    16.67    79.84    0.117
143 2000-02-11T23:31      Wind Wind    20.74     0.00 0.324  1.0    16.85    83.88    0.138
143 2000-02-11T23:31 LLAMAICEA  ACE    17.62   359.62 0.284  1.0    16.67    79.84    0.117
143 2000-02-11T23:31 LLAMAICEA Wind    20.74     0.00 0.324  1.0    16.85    83.88    0.138
144 2000-02-14T07:11      Jian  ACE    20.11    98.05 0.778  1.0    12.28    98.67    0.494
144 2000-02-14T07:11      Jian Wind    16.50    91.82 0.776  1.0    12.45   101.68    0.499
144 2000-02-14T07:11        RC Wind    69.58    56.73 0.781  1.0    10.66   104.69    0.389
144 2000-02-14T07:11      Wind  ACE    -3.27   346.31 0.940  1.0    15.60    26.18    0.300
144 2000-02-14T07:11      Wind Wind    -2.89   348.47 0.950  1.0    16.97    22.01    0.290
144 2000-02-14T07:11 LLAMAICEA  ACE    -1.20   346.68 0.942  1.0    15.27    25.49    0.274
144 2000-02-14T07:11 LLAMAICEA Wind    -1.55   345.35 0.936  1.0    15.13    27.60    0.276
145 2000-02-20T21:03      CDAW  ACE    76.18    27.79 0.315  1.0    21.56   146.12    0.139
145 2000-02-20T21:03      CDAW Wind    83.29    81.91 0.503  1.0    23.18   130.17    0.148
145 2000-02-20T21:03    DREAMS  ACE    88.58     0.00 0.395  1.0    21.87   143.17    0.118
145 2000-02-20T21:03    DREAMS Wind    90.00    23.32 0.462  1.0    22.86   120.06    0.127
145 2000-02-20T21:03      Jian  ACE    72.62   118.29 0.680  1.0    25.38   117.61    0.209
145 2000-02-20T21:03      Jian Wind    72.35   118.73 0.719  1.0    26.04   110.62    0.218
145 2000-02-20T21:03   Lepping  ACE    73.87    18.79 0.272  1.0    21.24   148.11    0.138
145 2000-02-20T21:03   Lepping Wind    84.34    78.22 0.493  1.0    22.93   135.22    0.145
145 2000-02-20T21:03        RC  ACE    72.62   118.29 0.680  1.0    25.38   117.61    0.209
145 2000-02-20T21:03        RC Wind    72.35   118.73 0.719  1.0    26.04   110.62    0.218
145 2000-02-20T21:03      Wind  ACE    71.55   212.92 0.545  1.0    22.53   163.14    0.107
145 2000-02-20T21:03      Wind Wind    75.28   211.20 0.563  1.0    23.13   133.06    0.113
145 2000-02-20T21:03 LLAMAICEA  ACE    88.58     0.00 0.395  1.0    21.87   143.17    0.118
145 2000-02-20T21:03 LLAMAICEA Wind    90.00    23.32 0.462  1.0    22.86   120.06    0.127
145 2000-02-20T21:03 LLAMAICEB  ACE    77.94   233.09 0.458  1.0    21.24   181.80    0.118
145 2000-02-20T21:03 LLAMAICEB Wind    81.14   228.18 0.492  1.0    22.02   148.85    0.122
145 2000-02-20T21:03 LLAMAICEC  ACE    72.97   118.20 0.674  1.0    25.27   119.13    0.207
145 2000-02-20T21:03 LLAMAICEC Wind    72.76   119.36 0.720  1.0    26.03   110.44    0.218
145 2000-02-20T21:03 LLAMAICED  ACE    78.88   109.22 0.592  1.0    23.61   137.87    0.186
145 2000-02-20T21:03 LLAMAICED Wind    76.89   129.51 0.699  1.0    25.01   124.19    0.201
146 2000-03-01T01:58    DREAMS  ACE   -52.55   269.42 0.790 -1.0    15.04    69.48    0.164
146 2000-03-01T01:58    DREAMS Wind   -59.21   267.50 0.791 -1.0    15.09    68.34    0.160
146 2000-03-01T01:58      Jian  ACE     4.38   178.52 0.982 -1.0    24.96    11.52    0.277
146 2000-03-01T01:58      Jian Wind     5.75   178.56 0.976 -1.0    23.71    13.06    0.268
146 2000-03-01T01:58        RC  ACE     5.15   178.12 0.978 -1.0    24.07    13.21    0.266
146 2000-03-01T01:58        RC Wind     7.43   177.52 0.967 -1.0    21.81    16.67    0.250
146 2000-03-01T01:58      Wind  ACE     4.47   178.49 0.981 -1.0    24.87    11.75    0.276
146 2000-03-01T01:58      Wind Wind     6.03   178.39 0.975 -1.0    23.36    13.69    0.264
146 2000-03-01T01:58 LLAMAICEA  ACE   -52.55   269.42 0.790 -1.0    15.04    69.48    0.164
146 2000-03-01T01:58 LLAMAICEA Wind   -59.21   267.50 0.791 -1.0    15.09    68.34    0.160
147 2000-03-01T20:16    DREAMS  ACE    -1.55   178.91 0.992  1.0    20.63     3.16    0.421
147 2000-03-01T20:16    DREAMS Wind    -2.75   178.29 0.986  1.0    19.26     4.00    0.426
147 2000-03-01T20:16 LLAMAICEA  ACE    -1.50   178.95 0.993  1.0    20.79     3.10    0.424
147 2000-03-01T20:16 LLAMAICEA Wind    -2.70   178.32 0.987  1.0    19.33     3.99    0.427
147 2000-03-01T20:16 LLAMAICEB  ACE    -0.53   179.68 0.998  1.0    24.30     2.07    0.502
147 2000-03-01T20:16 LLAMAICEB Wind   -65.19    36.89 0.791 -1.0    11.07    96.88    0.199
147 2000-03-01T20:16 LLAMAICEC  ACE    -9.15   170.25 -0.545 -1.0    10.54    42.81    0.237
147 2000-03-01T20:16 LLAMAICEC Wind    -9.31   167.36 -0.518 -1.0     9.88    62.88    0.282
147 2000-03-01T20:16 LLAMAICED  ACE   -43.30   157.72 0.059 -1.0     8.25   187.78    0.227
147 2000-03-01T20:16 LLAMAICED Wind   -48.47   139.11 0.173 -1.0     8.13   263.96    0.252
148 2000-03-19T03:55        RC  ACE    -1.17   358.31 -0.970  1.0    19.81    15.94    0.111
148 2000-03-19T03:55        RC Wind    -0.65   359.06 -0.967  1.0    18.79    18.69    0.112
148 2000-03-19T03:55 LLAMAICEA  ACE   -29.40   234.51 -0.937 -1.0    15.36   124.85    0.121
148 2000-03-19T03:55 LLAMAICEA Wind   -28.74   228.65 -0.937 -1.0    14.75   121.97    0.109
148 2000-03-19T03:55 LLAMAICEB  ACE   -26.14   246.52 -0.848 -1.0    12.13    86.24    0.165
148 2000-03-19T03:55 LLAMAICEB Wind    -6.31   351.62 0.946 -1.0    14.45    19.52    0.142
148 2000-03-19T03:55 LLAMAICEC  ACE    -0.00   360.00 -0.982  1.0    19.29    30.09    0.125
148 2000-03-19T03:55 LLAMAICEC Wind    -0.00   360.00 -0.929  1.0    16.95    58.43    0.128
148 2000-03-19T03:55 LLAMAICED  ACE    14.16    18.46 -0.934 -1.0    14.75   109.97    0.136
148 2000-03-19T03:55 LLAMAICED Wind    -0.00   360.00 -0.900  1.0    15.13    50.93    0.127
149 2000-03-19T17:49    DREAMS  ACE    28.08   333.56 0.979 -1.0    17.87 174651397.96    0.156
149 2000-03-19T17:49    DREAMS Wind    30.96   325.54 0.977 -1.0    18.10   187.74    0.167
149 2000-03-19T17:49    DREAMS  ACE    22.06   338.66 0.935 -1.0    15.23    52.10    0.271
149 2000-03-19T17:49    DREAMS Wind    31.41   322.72 -0.914  1.0    17.60    37.66    0.221
149 2000-03-19T17:49 LLAMAICEA  ACE    29.42   329.92 0.946 -1.0    16.37   130.57    0.217
149 2000-03-19T17:49 LLAMAICEA Wind    26.99   330.16 -0.985  1.0    18.18   328.16    0.181
149 2000-03-19T17:49 LLAMAICEC  ACE    11.73   194.56 -0.720 -1.0    14.64    77.00    0.239
149 2000-03-19T17:49 LLAMAICEC Wind     2.60   184.06 -0.836 -1.0    16.57    72.24    0.224
150 2000-03-28T02:52      Wind  ACE     0.00   360.00 0.724 -1.0    13.05  2300.09    0.301
150 2000-03-28T02:52      Wind Wind    -0.00     0.03 0.736  1.0    13.36  2805.43    0.301
150 2000-03-28T02:52 LLAMAICEA  ACE     0.00   360.00 0.717 -1.0    14.37   122.47    0.209
150 2000-03-28T02:52 LLAMAICEA Wind     0.00   360.00 0.742 -1.0    14.62   126.65    0.197
150 2000-03-28T02:52 LLAMAICEB  ACE     0.00   360.00 0.783 -1.0    14.73   232.56    0.302
150 2000-03-28T02:52 LLAMAICEB Wind     0.00   360.00 0.749 -1.0    14.05  1786.69    0.245
151 2000-03-29T11:00    DREAMS  ACE    -5.06   157.58 0.897 -1.0     9.59    32.01    0.203
151 2000-03-29T11:00    DREAMS Wind    -6.37   162.76 0.916 -1.0    10.17    25.94    0.203
151 2000-03-29T11:00      Jian  ACE    -0.02   354.82 0.980 -1.0    17.22    18.68    0.528
151 2000-03-29T11:00      Jian Wind     1.59   173.25 0.973 -1.0    16.63    22.35    0.407
151 2000-03-29T11:00        RC  ACE   -13.36   356.07 0.943 -1.0    15.10    42.05    0.510
151 2000-03-29T11:00        RC Wind   -16.36   184.06 0.931  1.0    14.81    48.23    0.448
151 2000-03-29T11:00 LLAMAICEA  ACE    -5.06   157.58 0.897 -1.0     9.59    32.01    0.203
151 2000-03-29T11:00 LLAMAICEA Wind    -6.37   162.76 0.916 -1.0    10.17    25.94    0.203
152 2000-03-30T14:35    DREAMS  ACE    -6.01    17.73 -0.913  1.0    14.86    60.97    0.186
152 2000-03-30T14:35    DREAMS Wind    -5.18    16.22 -0.921  1.0    15.23    53.64    0.191
152 2000-03-30T14:35 LLAMAICEA  ACE   -11.26    20.47 -0.908  1.0    13.81    66.37    0.183
152 2000-03-30T14:35 LLAMAICEA Wind    -9.90    18.92 -0.910  1.0    13.97    58.04    0.149
152 2000-03-30T14:35 LLAMAICEB  ACE    -6.25   131.73 0.794  1.0    12.40   184.26    0.242
152 2000-03-30T14:35 LLAMAICEB Wind    -2.52     5.06 0.976 -1.0    18.61    25.44    0.311
152 2000-03-30T14:35 LLAMAICEC  ACE   -37.62   127.32 0.470  1.0    10.69   187.73    0.210
152 2000-03-30T14:35 LLAMAICEC Wind   -39.29   122.03 0.503  1.0    10.84   187.68    0.203
152 2000-03-30T14:35 LLAMAICED  ACE   -15.48    43.25 -0.416  1.0    10.74   187.38    0.226
152 2000-03-30T14:35 LLAMAICED Wind   -19.63    85.11 0.275  1.0     9.98   249.81    0.228
153 2000-04-03T13:56      Jian  ACE     0.00   180.00 -0.179  1.0    20.72    26.35    0.367
153 2000-04-03T13:56      Jian Wind    -0.05   179.77 -0.159 -1.0    21.82    23.38    0.351
154 2000-04-06T16:39    DREAMS  ACE   -12.39   193.16 -0.919  1.0     9.11    32.38    0.332
154 2000-04-06T16:39    DREAMS Wind    19.28    80.40 0.769 -1.0     7.47    95.87    0.254
154 2000-04-06T16:39      Jian  ACE   -13.31    47.78 0.887 -1.0    21.73   277.10    0.329
154 2000-04-06T16:39      Jian Wind    -0.92    14.84 0.933 -1.0    25.02   107.52    0.307
154 2000-04-06T16:39        RC  ACE    26.40    82.52 0.754 -1.0     8.88   123.33    0.248
154 2000-04-06T16:39        RC Wind    27.29    80.10 0.721 -1.0     9.20   151.24    0.265
154 2000-04-06T16:39 LLAMAICEA  ACE    -0.13   174.57 0.977  1.0    10.46    11.15    0.304
154 2000-04-06T16:39 LLAMAICEA Wind     0.35   169.44 0.952  1.0     9.26    18.73    0.241
154 2000-04-06T16:39 LLAMAICEC  ACE    22.06   143.13 -0.828 -1.0     8.83    74.54    0.193
154 2000-04-06T16:39 LLAMAICEC Wind    28.86    82.15 0.740 -1.0     8.70   131.23    0.224
155 2000-04-18T19:32    DREAMS  ACE    -0.00   360.00 -0.911  1.0    20.70    29.79    0.205
155 2000-04-18T19:32    DREAMS Wind    -0.00   360.00 -0.989  1.0    21.18    24.43    0.213
155 2000-04-18T19:32    DREAMS  ACE    -1.79   205.65 0.880  1.0    17.67   100.77    0.132
155 2000-04-18T19:32    DREAMS Wind     0.17   207.37 0.861  1.0    17.15    71.62    0.127
155 2000-04-18T19:32        RC  ACE    -3.92   197.11 0.993  1.0    19.32  8329.19    0.269
155 2000-04-18T19:32        RC Wind    -0.00   359.98 -0.971  1.0    18.83   387.36    0.294
155 2000-04-18T19:32 LLAMAICEA  ACE    -5.78   207.01 0.968  1.0    19.13   275.94    0.267
155 2000-04-18T19:32 LLAMAICEA Wind    -5.99   202.80 0.979  1.0    19.27   345.79    0.274
156 2000-04-24T03:31    DREAMS  ACE   -29.48   324.03 -0.945  1.0    25.34 938077438.12    0.198
156 2000-04-24T03:31    DREAMS Wind    -0.00   180.00 0.942  1.0    27.29    26.54    0.207
156 2000-04-24T03:31        RC  ACE     0.04   179.96 0.801 -1.0    23.59    92.87    0.189
156 2000-04-24T03:31        RC Wind   -25.53   330.91 1.000 -1.0    26.55 2046674516.55    0.212
156 2000-04-24T03:31 LLAMAICEA  ACE   -29.48   324.03 -0.945  1.0    25.34 938077438.12    0.198
156 2000-04-24T03:31 LLAMAICEA Wind    -0.00   180.00 0.942  1.0    27.29    26.54    0.207
157 2000-05-02T10:45        RC  ACE     4.04   172.77 0.969  1.0    17.20    28.01    0.260
157 2000-05-02T10:45        RC Wind    12.59   170.18 0.940  1.0    37.64    62.31    0.122
158 2000-05-07T00:00    DREAMS  ACE    38.58   310.10 0.922 -1.0    17.57   189.32    0.151
158 2000-05-07T00:00    DREAMS Wind    38.88   302.46 0.892 -1.0    16.60   143.51    0.160
158 2000-05-07T00:00      Jian  ACE    82.90   308.85 0.749 -1.0    15.85   241.79    0.213
158 2000-05-07T00:00      Jian Wind    81.72   296.19 0.765 -1.0    15.79   202.35    0.224
158 2000-05-07T00:00        RC  ACE    82.00   280.18 -0.623  1.0    12.88   232.80    0.207
158 2000-05-07T00:00        RC Wind    90.00     2.42 -0.607  1.0    12.34   191.96    0.209
158 2000-05-07T00:00      Wind  ACE    65.79   315.81 0.829 -1.0    18.09   273.97    0.159
158 2000-05-07T00:00      Wind Wind    63.60   307.40 0.824 -1.0    17.57   229.62    0.176
158 2000-05-07T00:00 LLAMAICEA  ACE    65.90   303.45 0.820 -1.0    17.16   271.92    0.222
158 2000-05-07T00:00 LLAMAICEA Wind    16.34   178.36 0.922  1.0    19.29    65.92    0.236
159 2000-05-14T02:36    DREAMS  ACE    -0.57   169.33 0.956 -1.0    20.51    13.96    0.379
159 2000-05-14T02:36    DREAMS Wind    -0.36   165.00 0.936 -1.0    19.18    18.08    0.346
159 2000-05-14T02:36        RC  ACE     1.86   194.33 0.941  1.0    19.02    20.38    0.322
159 2000-05-14T02:36        RC Wind     0.55   283.66 0.786 -1.0    13.66    67.76    0.214
159 2000-05-14T02:36 LLAMAICEA  ACE     0.35   197.03 0.711  1.0    11.95    44.74    0.160
159 2000-05-14T02:36 LLAMAICEA Wind     0.64   195.93 0.708  1.0    11.83    45.38    0.158
159 2000-05-14T02:36 LLAMAICEB  ACE    -3.56   292.18 -0.792  1.0    11.34    95.93    0.213
159 2000-05-14T02:36 LLAMAICEB Wind    -1.73   289.03 -0.775  1.0    11.34    80.90    0.242
159 2000-05-14T02:36 LLAMAICEC  ACE     0.95   191.10 0.954  1.0    20.47    15.26    0.370
159 2000-05-14T02:36 LLAMAICEC Wind     0.15   296.62 0.801 -1.0    14.15    63.47    0.269
159 2000-05-14T02:36 LLAMAICED  ACE     1.86   194.33 0.941  1.0    19.02    20.38    0.322
159 2000-05-14T02:36 LLAMAICED Wind     0.55   283.66 0.786 -1.0    13.66    67.76    0.214
160 2000-05-15T19:00        RC  ACE    -0.00   360.00 1.000 -1.0    20.00    14.83    0.265
160 2000-05-15T19:00        RC Wind    -0.00   360.00 -0.964  1.0    19.33    15.10    0.483
160 2000-05-15T19:00 LLAMAICEA  ACE    -0.00   360.00 1.000 -1.0    20.00    14.83    0.265
160 2000-05-15T19:00 LLAMAICEA Wind    -0.00   360.00 -0.964  1.0    19.33    15.10    0.483
161 2000-05-16T23:00        RC  ACE   -67.03   264.98 0.108 -1.0    12.20    46.74    0.539
161 2000-05-16T23:00        RC Wind   -72.84   192.67 -0.154 -1.0    12.26    90.49    0.593
162 2000-05-22T17:00        RC  ACE     0.00   360.00 0.835 -1.0    17.85   110.26    0.185
162 2000-05-22T17:00        RC Wind     0.00   360.00 -1.000  1.0    23.25    35.37    0.297
163 2000-05-23T23:42        RC  ACE   -79.89   360.00 -0.789  1.0     9.83   110.19    0.277
163 2000-05-23T23:42        RC Wind    -4.33   176.94 0.980  1.0    35.42    17.04    0.112
164 2000-06-04T15:02      Jian  ACE    -0.04   180.07 1.000  1.0    38.84     2.87    0.282
164 2000-06-04T15:02      Jian Wind    -0.06   180.07 1.000  1.0    34.22     2.78    0.300
164 2000-06-04T15:02        RC  ACE    -0.30   179.25 0.997  1.0    36.96     9.60    0.261
164 2000-06-04T15:02        RC Wind    -0.40   178.81 0.996  1.0    34.38    12.86    0.279
164 2000-06-04T15:02 LLAMAICEA  ACE    -0.23   178.62 0.995  1.0    33.97    14.26    0.258
164 2000-06-04T15:02 LLAMAICEA Wind     0.30   181.81 0.993 -1.0    32.71    16.97    0.276
165 2000-06-08T09:07    DREAMS  ACE    -4.05   346.90 -0.944 -1.0    29.87    24.02    0.174
165 2000-06-08T09:07    DREAMS Wind    25.77     9.67 0.891  1.0    25.95    36.26    0.128
165 2000-06-08T09:07      Jian  ACE   -29.27    46.98 0.816  1.0    25.47    75.45    0.118
165 2000-06-08T09:07      Jian Wind    70.17     0.00 -0.792 -1.0    24.51    91.04    0.155
165 2000-06-08T09:07        RC  ACE   -18.10   360.00 0.927  1.0    29.56    41.41    0.109
165 2000-06-08T09:07        RC Wind    23.76    56.98 0.808  1.0    32.76    83.32    0.190
165 2000-06-08T09:07      Wind  ACE    -4.23   348.60 -0.951 -1.0    31.01    22.15    0.175
165 2000-06-08T09:07      Wind Wind     4.29   327.09 -0.872 -1.0    24.87    42.25    0.071
165 2000-06-08T09:07 LLAMAICEA  ACE    -4.23   348.60 -0.951 -1.0    31.01    22.15    0.175
165 2000-06-08T09:07 LLAMAICEA Wind     4.29   327.09 -0.872 -1.0    24.87    42.25    0.071
165 2000-06-08T09:07 LLAMAICEB  ACE     3.02   351.06 0.963  1.0    32.71    20.25    0.199
165 2000-06-08T09:07 LLAMAICEB Wind    48.75   319.78 0.810  1.0    26.05    63.05    0.139
165 2000-06-08T09:07 LLAMAICEC  ACE     0.29    33.19 0.869  1.0    25.60    53.34    0.073
165 2000-06-08T09:07 LLAMAICEC Wind    59.18   325.34 -0.801 -1.0    23.48    74.31    0.094
165 2000-06-08T09:07 LLAMAICED  ACE     0.21    22.42 0.909  1.0    27.92    42.09    0.086
165 2000-06-08T09:07 LLAMAICED Wind    70.42   342.12 0.797  1.0    26.81    74.51    0.198
166 2000-06-11T09:23    DREAMS  ACE    -1.26   354.56 0.733 -1.0    19.64 392055311.22    0.112
166 2000-06-11T09:23    DREAMS Wind    -0.00   360.00 0.809 -1.0    19.70   167.20    0.092
166 2000-06-11T09:23        RC  ACE    -4.60   334.00 0.520 -1.0    16.97 37883119001.78    0.143
166 2000-06-11T09:23        RC Wind    -0.00   360.00 0.761 -1.0    18.88  2232.51    0.109
166 2000-06-11T09:23 LLAMAICEA  ACE    -1.26   354.56 0.733 -1.0    19.64 392055311.22    0.112
166 2000-06-11T09:23 LLAMAICEA Wind    -0.00   360.00 0.809 -1.0    19.70   167.20    0.092
166 2000-06-11T09:23 LLAMAICEC  ACE    -2.78   352.13 0.687 -1.0    18.35 627203502.15    0.103
167 2000-06-12T22:08      Jian  ACE     4.55    11.17 -0.952 -1.0    12.64    25.83    0.223
167 2000-06-12T22:08      Jian Wind     1.68   353.01 -0.971  1.0    15.50    17.90    0.256
167 2000-06-12T22:08        RC  ACE     4.57     1.48 -0.979 -1.0     9.13    12.98    0.182
167 2000-06-12T22:08        RC Wind     9.65     0.38 0.954  1.0     8.11    25.90    0.283
167 2000-06-12T22:08 LLAMAICEA  ACE    -9.46   353.94 0.951 -1.0    10.15    26.05    0.195
167 2000-06-12T22:08 LLAMAICEA Wind   -20.27     0.00 0.907 -1.0     8.66    58.43    0.224
168 2000-06-18T09:15    DREAMS  ACE    -0.00   360.00 0.817 -1.0    11.16   136.21    0.113
168 2000-06-18T09:15    DREAMS Wind    -0.02   359.99 1.000 -1.0    11.73    22.47    0.150
168 2000-06-18T09:15        RC  ACE   -13.19   336.42 -0.633  1.0     8.12    48.16    0.221
168 2000-06-18T09:15        RC Wind   -22.18   333.80 -0.862  1.0     8.33    51.49    0.345
169 2000-06-23T12:45    DREAMS  ACE    -4.86   190.72 0.952 -1.0    18.37    31.14    0.099
169 2000-06-23T12:45    DREAMS Wind     2.95   112.24 -0.791  1.0    13.08   121.37    0.125
169 2000-06-23T12:45      Jian Wind    29.03    83.75 -0.780  1.0    16.26   284.36    0.215
169 2000-06-23T12:45   Lepping  ACE    30.01   104.19 0.784 -1.0    12.59   113.67    0.104
169 2000-06-23T12:45   Lepping Wind    34.69   104.41 0.784 -1.0    12.51   119.72    0.148
169 2000-06-23T12:45        RC  ACE    -5.44   195.03 0.933 -1.0    20.95    55.95    0.203
169 2000-06-23T12:45        RC Wind    17.66    93.37 0.780 -1.0    15.80   195.59    0.181
169 2000-06-23T12:45      Wind  ACE    -9.45   194.18 -0.928  1.0    16.57    40.36    0.158
169 2000-06-23T12:45      Wind Wind    32.36   105.83 0.784 -1.0    12.81   126.52    0.092
169 2000-06-23T12:45 LLAMAICEA  ACE    29.92   104.92 0.784 -1.0    12.67   112.94    0.105
169 2000-06-23T12:45 LLAMAICEA Wind    34.22   104.95 0.784 -1.0    12.57   119.28    0.149
169 2000-06-23T12:45 LLAMAICEB  ACE    -4.86   190.72 0.952 -1.0    18.37    31.14    0.099
169 2000-06-23T12:45 LLAMAICEB Wind     2.95   112.24 -0.791  1.0    13.08   121.37    0.125
169 2000-06-23T12:45 LLAMAICED  ACE    30.16   103.53 0.785 -1.0    14.34   143.29    0.138
169 2000-06-23T12:45 LLAMAICED Wind    25.39    96.96 0.782 -1.0    14.26   149.78    0.140
170 2000-06-26T00:43        RC  ACE   -43.09    30.19 0.855 -1.0    16.25    91.36    0.171
170 2000-06-26T00:43        RC Wind     0.30   359.07 -0.966 -1.0    67.16    63.56    0.237
170 2000-06-26T00:43 LLAMAICEA  ACE     0.00   180.00 -0.877  1.0    21.92    66.71    0.183
170 2000-06-26T00:43 LLAMAICEA Wind     0.00   360.00 -0.997 -1.0    45.36   180.86    0.213
171 2000-07-01T01:54    DREAMS  ACE    65.63    61.81 0.652 -1.0    11.13   516.40    0.088
171 2000-07-01T01:54    DREAMS Wind    72.83   100.32 0.493 -1.0    10.19   778.78    0.085
171 2000-07-01T01:54   Lepping  ACE    -0.00   180.00 -0.761  1.0    13.83    75.89    0.094
171 2000-07-01T01:54   Lepping Wind    -0.00   180.00 -0.760  1.0    13.95    73.94    0.097
171 2000-07-01T01:54      Jian  ACE    65.10   141.21 0.327 -1.0     9.45   367.73    0.190
171 2000-07-01T01:54      Jian Wind    68.27   152.48 0.314 -1.0     9.27   434.61    0.192
171 2000-07-01T01:54        RC Wind    22.07    99.07 0.754 -1.0    10.84   236.08    0.160
171 2000-07-01T01:54      Wind  ACE     0.00   180.00 -0.652 -1.0    12.15   357.74    0.082
171 2000-07-01T01:54      Wind Wind     0.00   180.00 -0.712 -1.0    13.06   134.43    0.181
171 2000-07-01T01:54 LLAMAICEA  ACE    26.10    97.21 0.761 -1.0    10.74   203.32    0.135
171 2000-07-01T01:54 LLAMAICEA Wind    31.78    95.72 0.760 -1.0    10.73   199.21    0.124
172 2000-07-10T06:00      CDAW  ACE     5.60   336.00 -0.983  1.0    23.35   184.69    0.123
172 2000-07-10T06:00      CDAW Wind     9.23   321.62 -0.962  1.0    28.04   123.90    0.099
172 2000-07-10T06:00    DREAMS  ACE     0.00   180.00 0.999  1.0    25.40   189.79    0.073
172 2000-07-10T06:00    DREAMS Wind     6.00   330.06 -0.968  1.0    24.03   105.36    0.057
172 2000-07-10T06:00        RC  ACE    -0.00   180.00 1.000 -1.0    26.49   203.20    0.084
172 2000-07-10T06:00        RC Wind     7.61   324.82 -0.962  1.0    27.62   119.95    0.080
172 2000-07-10T06:00 LLAMAICEA  ACE     3.37   344.96 -1.000  1.0    24.73 124543491.77    0.059
172 2000-07-10T06:00 LLAMAICEA Wind     6.79   323.62 -0.963  1.0    26.17   119.47    0.088
172 2000-07-10T06:00 LLAMAICEB  ACE     3.37   345.42 1.000 -1.0    26.56 510484039.46    0.076
172 2000-07-10T06:00 LLAMAICEB Wind     8.03   324.84 -0.961  1.0    27.90   120.81    0.079
173 2000-07-11T12:09      CDAW  ACE   -12.69    14.35 0.898  1.0    19.52    69.98    0.219
173 2000-07-11T12:09      CDAW Wind    49.60   263.22 -0.741 -1.0    16.44   188.68    0.120
173 2000-07-11T12:09    DREAMS  ACE     0.05   359.63 0.915 -1.0    19.93    12.59    0.205
173 2000-07-11T12:09    DREAMS Wind    -0.01   359.94 0.687 -1.0    14.65    71.50    0.166
173 2000-07-11T12:09    DREAMS  ACE    45.14   191.33 -0.970 -1.0    18.08   535.40    0.147
173 2000-07-11T12:09    DREAMS Wind    46.16   192.58 0.972  1.0    18.34   379.69    0.149
173 2000-07-11T12:09      Jian  ACE     0.00   360.00 0.738 -1.0    19.21   208.02    0.132
173 2000-07-11T12:09      Jian Wind     0.00   360.00 -1.000  1.0    25.93    73.35    0.129
173 2000-07-11T12:09        RC  ACE    55.11   254.27 -0.775 -1.0    16.79   213.92    0.140
173 2000-07-11T12:09        RC Wind    49.62   263.20 -0.724 -1.0    16.25   211.74    0.069
173 2000-07-11T12:09      Wind  ACE    15.09   348.12 0.405 -1.0    16.01    82.56    0.137
173 2000-07-11T12:09      Wind Wind    52.24   261.39 -0.736 -1.0    16.14   209.97    0.118
173 2000-07-11T12:09 LLAMAICEA  ACE    19.33   344.56 0.301 -1.0    15.26    95.94    0.128
173 2000-07-11T12:09 LLAMAICEA Wind    51.59   262.45 -0.728 -1.0    16.14   209.52    0.116
173 2000-07-11T12:09 LLAMAICEB  ACE     2.38   357.48 0.739 -1.0    21.73    33.52    0.058
173 2000-07-11T12:09 LLAMAICEB Wind     6.60   353.29 0.598 -1.0    17.51    60.06    0.170
173 2000-07-11T12:09 LLAMAICEC  ACE   -15.99    16.39 0.798  1.0    17.98   440.65    0.146
173 2000-07-11T12:09 LLAMAICEC Wind     0.00   360.00 -1.000  1.0    24.69    70.13    0.135
173 2000-07-11T12:09 LLAMAICED  ACE    -0.37     0.44 0.804  1.0    21.29    65.93    0.120
173 2000-07-11T12:09 LLAMAICED Wind     0.00   360.00 0.700 -1.0    18.21   172.89    0.180
174 2000-07-13T09:42      Jian  ACE     0.08   359.24 0.998 -1.0    53.84     4.51    0.118
174 2000-07-13T09:42      Jian Wind     0.54   358.14 0.990 -1.0    29.61    19.49    0.078
174 2000-07-13T09:42        RC  ACE   -56.15   285.28 0.798  1.0    12.87   134.54    0.183
174 2000-07-13T09:42        RC Wind    -0.00     0.00 -1.000 -1.0    38.65     6.94    0.038
174 2000-07-13T09:42      Wind  ACE   -56.52   279.96 0.800  1.0    11.73   108.09    0.199
174 2000-07-13T09:42      Wind Wind     0.00     0.00 -0.444 -1.0    23.24     8.81    0.097
174 2000-07-13T09:42 LLAMAICEA  ACE   -56.52   279.96 0.800  1.0    11.73   108.09    0.199
174 2000-07-13T09:42 LLAMAICEA Wind     0.00     0.00 -0.441 -1.0    23.21     8.82    0.097
174 2000-07-13T09:42 LLAMAICEB  ACE   -55.94   278.64 0.800  1.0    11.82   103.63    0.207
174 2000-07-13T09:42 LLAMAICEB Wind     0.00     0.00 -0.458 -1.0    24.01     9.00    0.075
175 2000-07-14T15:32      Jian  ACE     1.16   180.99 -0.982 -1.0    23.87    32.46    0.432
175 2000-07-14T15:32      Jian Wind    -3.88   163.95 0.927  1.0    15.55    91.74    0.301
175 2000-07-14T15:32        RC  ACE   -44.65   314.20 0.999 -1.0    18.97   418.81    0.211
175 2000-07-14T15:32        RC Wind     1.68   191.99 0.948 -1.0    15.54    68.95    0.268
176 2000-07-15T02:23   Lepping  ACE   -44.65   314.20 0.999 -1.0    18.97   418.81    0.211
176 2000-07-15T02:23   Lepping Wind    -1.28   178.97 0.993  1.0    20.95    10.35    0.074
176 2000-07-15T02:23      Wind  ACE   -44.65   314.20 0.999 -1.0    18.97   418.81    0.211
176 2000-07-15T02:23      Wind Wind   -54.43    43.70 0.893 -1.0    15.81   286.23    0.107
177 2000-07-15T14:23      CDAW  ACE    33.02   336.92 0.749 -1.0    56.16   397.74    0.056
177 2000-07-15T14:23      CDAW Wind    31.99   290.74 0.590 -1.0    58.59   244.42    0.086
177 2000-07-15T14:23    DREAMS  ACE    74.97    12.36 0.382 -1.0    30.08   160.71    0.176
177 2000-07-15T14:23    DREAMS Wind     0.01   180.03 -0.627 -1.0    92.81    13.60    0.125
177 2000-07-15T14:23      Jian  ACE    74.72   360.00 0.433 -1.0    29.65   146.07    0.176
177 2000-07-15T14:23      Jian Wind    13.81   176.43 -0.141 -1.0    46.88    62.04    0.322
177 2000-07-15T14:23   Lepping  ACE    26.94   338.80 0.803 -1.0    59.92   501.20    0.066
177 2000-07-15T14:23   Lepping Wind    28.26   292.73 0.629 -1.0    61.23   238.58    0.089
177 2000-07-15T14:23        RC  ACE    65.22    14.05 0.757 -1.0    29.04   125.08    0.166
177 2000-07-15T14:23        RC Wind     0.00   180.01 1.000  1.0    70.91    27.38    0.165
177 2000-07-15T14:23      Wind  ACE    43.54   339.52 0.628 -1.0    45.21  1046.90    0.080
177 2000-07-15T14:23      Wind Wind    22.09   236.60 0.016 -1.0    47.24   249.31    0.166
177 2000-07-15T14:23 LLAMAICEA  ACE    65.22    14.05 0.757 -1.0    29.04   125.08    0.166
177 2000-07-15T14:23 LLAMAICEA Wind    -0.00   179.98 -0.655  1.0    95.25    12.80    0.100
178 2000-07-19T15:27    DREAMS  ACE     0.65   179.80 0.998 -1.0    25.85     3.55    0.613
178 2000-07-19T15:27    DREAMS Wind     1.12   179.80 0.996 -1.0    24.67     4.48    0.585
178 2000-07-19T15:27      Jian  ACE    -0.79   186.38 0.975 -1.0    24.20    30.46    0.156
178 2000-07-19T15:27      Jian Wind    -2.11   198.01 0.919 -1.0    16.52    78.75    0.226
178 2000-07-19T15:27        RC  ACE    -4.46   179.62 0.986  1.0    27.26    11.35    0.307
178 2000-07-19T15:27        RC Wind     9.40   183.43 0.960 -1.0    20.69    20.61    0.280
178 2000-07-19T15:27      Wind  ACE   -75.29   181.75 0.777 -1.0    15.63   128.40    0.249
178 2000-07-19T15:27      Wind Wind   -77.36   113.26 0.769 -1.0    15.43   142.64    0.263
178 2000-07-19T15:27 LLAMAICEA  ACE     3.80   205.02 0.897 -1.0    16.76    53.63    0.258
178 2000-07-19T15:27 LLAMAICEA Wind   -66.79   254.74 0.773 -1.0    14.03   124.20    0.260
179 2000-07-23T09:50        RC  ACE    -2.12   162.16 0.920  1.0    18.04   143.89    0.139
179 2000-07-23T09:50        RC Wind     0.00     0.00 -0.455  1.0   149.84     5.32    0.037
179 2000-07-23T09:50 LLAMAICEA  ACE    -0.24   161.07 0.926  1.0    16.81   191.05    0.120
179 2000-07-23T09:50 LLAMAICEA Wind     0.00     0.00 -0.853  1.0    82.70     6.73    0.042
179 2000-07-23T09:50 LLAMAICEB  ACE    -2.72   171.22 -0.897 -1.0    15.77   419.07    0.226
179 2000-07-23T09:50 LLAMAICEB Wind     0.00     0.00 -1.000  1.0    25.30   197.05    0.199
179 2000-07-23T09:50 LLAMAICEC  ACE    -2.12   159.90 0.910  1.0    17.77   149.88    0.127
179 2000-07-23T09:50 LLAMAICEC Wind     0.00     0.00 -0.487  1.0   151.31     5.23    0.038
179 2000-07-23T09:50 LLAMAICED  ACE    -6.73    19.41 0.931 -1.0    16.50   391.03    0.262
179 2000-07-23T09:50 LLAMAICED Wind     0.00     0.00 -0.433  1.0   152.00     5.16    0.032
180 2000-07-26T18:57      CDAW  ACE    11.17    37.00 0.848 -1.0    11.47   195.63    0.144
180 2000-07-26T18:57      CDAW Wind    19.26    34.74 0.861 -1.0    10.88   160.68    0.114
180 2000-07-26T18:57    DREAMS  ACE     7.97    43.72 0.776 -1.0    10.68   405.89    0.147
180 2000-07-26T18:57    DREAMS Wind    15.68    38.07 0.854 -1.0    11.29   166.59    0.128
180 2000-07-26T18:57      Jian  ACE    14.43   191.37 0.915 -1.0    13.41    42.42    0.298
180 2000-07-26T18:57      Jian Wind    48.43   216.07 0.726 -1.0    10.19   139.25    0.318
180 2000-07-26T18:57        RC  ACE     0.32   180.00 -0.999 -1.0    18.97     4.22    0.539
180 2000-07-26T18:57        RC Wind     1.07   179.81 -0.996 -1.0    17.21     7.75    0.420
180 2000-07-26T18:57 LLAMAICEA  ACE     9.64    45.17 0.763 -1.0    10.55   376.37    0.139
180 2000-07-26T18:57 LLAMAICEA Wind    18.97    41.64 0.819 -1.0    10.79   153.02    0.116
180 2000-07-26T18:57 LLAMAICEB  ACE    -0.00   180.00 0.135 -1.0    13.59    42.77    0.262
180 2000-07-26T18:57 LLAMAICEB Wind    -0.00   180.00 0.505 -1.0    14.53    35.54    0.215
180 2000-07-26T18:57 LLAMAICEC  ACE    35.71    63.03 0.660 -1.0     8.97   177.84    0.131
180 2000-07-26T18:57 LLAMAICEC Wind    48.01    58.84 0.775 -1.0     9.57   141.25    0.162
180 2000-07-26T18:57 LLAMAICED  ACE    -0.00   360.00 0.997  1.0     0.00     1.44    0.138
180 2000-07-26T18:57 LLAMAICED Wind    -0.01   180.00 0.989 -1.0    17.87    17.80    0.144
181 2000-07-28T06:38      CDAW  ACE   -26.68    54.94 0.820 -1.0    22.32   487.12    0.166
181 2000-07-28T06:38      CDAW Wind   -12.55    60.33 0.830 -1.0    22.74  1025.35    0.129
181 2000-07-28T06:38    DREAMS  ACE    -0.10   180.03 0.067  1.0    22.32    55.80    0.189
181 2000-07-28T06:38    DREAMS Wind     0.02   179.99 -0.013 -1.0    22.97    56.34    0.173
181 2000-07-28T06:38      Jian  ACE    -0.00   180.00 -1.000  1.0    44.54    19.86    0.209
181 2000-07-28T06:38      Jian Wind    -0.00   180.00 1.000 -1.0    40.82    23.51    0.212
181 2000-07-28T06:38   Lepping  ACE   -26.68    54.94 0.820 -1.0    22.32   487.12    0.166
181 2000-07-28T06:38   Lepping Wind   -12.55    60.33 0.830 -1.0    22.74  1025.35    0.129
181 2000-07-28T06:38        RC  ACE   -90.00   332.26 -0.839  1.0    16.38   814.65    0.307
181 2000-07-28T06:38        RC Wind   -90.00   309.53 -0.855  1.0    16.93   822.99    0.313
181 2000-07-28T06:38      Wind  ACE    -0.10   180.05 -0.023  1.0    22.40    45.78    0.177
181 2000-07-28T06:38      Wind Wind    -0.00   180.00 -0.005  1.0    21.19    65.91    0.180
181 2000-07-28T06:38 LLAMAICEA  ACE    -0.10   180.03 0.067  1.0    22.32    55.80    0.189
181 2000-07-28T06:38 LLAMAICEA Wind     0.02   179.99 -0.013 -1.0    22.97    56.34    0.173
181 2000-07-28T06:38 LLAMAICEB  ACE     0.00   180.00 0.093 -1.0    29.10    22.70    0.189
181 2000-07-28T06:38 LLAMAICEB Wind    -0.00   180.00 0.028  1.0    28.01    27.61    0.191
182 2000-07-31T19:28   Lepping  ACE    -8.54   239.05 0.941  1.0    20.52  1400.66    0.169
182 2000-07-31T19:28   Lepping Wind     0.00   360.00 -0.786  1.0    22.03    26.27    0.176
182 2000-07-31T19:28      Wind  ACE     0.09   358.73 -0.839  1.0    24.14    20.73    0.237
182 2000-07-31T19:28      Wind Wind     1.95   240.48 0.932  1.0    20.62  2197.58    0.162
182 2000-07-31T19:28 LLAMAICEA  ACE     0.09   358.73 -0.839  1.0    24.14    20.73    0.237
182 2000-07-31T19:28 LLAMAICEA Wind     1.95   240.48 0.932  1.0    20.62  2197.58    0.162
182 2000-07-31T19:28 LLAMAICEB Wind    -6.67   244.00 0.897  1.0    19.34 71756.41    0.133
183 2000-08-10T05:13      CDAW  ACE   -10.54   352.16 0.922 -1.0    23.08    94.45    0.180
183 2000-08-10T05:13      CDAW Wind    -1.24   358.25 0.993 -1.0    47.86     3.09    0.260
183 2000-08-10T05:13    DREAMS  ACE     0.00     0.00 0.837  1.0    23.15   484.32    0.087
183 2000-08-10T05:13    DREAMS Wind   -11.23   341.64 0.790 -1.0    24.29   148.43    0.100
183 2000-08-10T05:13      Jian  ACE   -12.50   347.41 0.843 -1.0    21.13   119.93    0.127
183 2000-08-10T05:13      Jian Wind    -0.44   359.40 0.998 -1.0    51.08     2.33    0.237
183 2000-08-10T05:13        RC  ACE    -0.00   360.00 0.871 -1.0    21.94  2161.36    0.042
183 2000-08-10T05:13        RC Wind    -0.33   359.41 -0.998  1.0    51.10     2.57    0.169
183 2000-08-10T05:13      Wind  ACE    -5.36   353.88 0.868 -1.0    21.09   209.18    0.026
183 2000-08-10T05:13      Wind Wind   -11.93   347.64 0.876 -1.0    22.96    78.05    0.034
183 2000-08-10T05:13 LLAMAICEA  ACE    -5.36   353.88 0.868 -1.0    21.09   209.18    0.026
183 2000-08-10T05:13 LLAMAICEA Wind   -11.93   347.64 0.876 -1.0    22.96    78.05    0.034
183 2000-08-10T05:13 LLAMAICEB  ACE    -0.00   360.00 0.866 -1.0    22.41  1398.96    0.051
184 2000-08-11T18:43      CDAW  ACE    22.20   294.42 0.190 -1.0    32.12   200.98    0.102
184 2000-08-11T18:43      CDAW Wind    16.68   285.46 0.104 -1.0    29.52 3806078241.43    0.183
184 2000-08-11T18:43    DREAMS  ACE    -0.27     3.88 0.983  1.0    52.85    28.26    0.217
184 2000-08-11T18:43    DREAMS Wind    -0.00     0.00 0.718  1.0    37.37    65.17    0.167
184 2000-08-11T18:43      Jian  ACE     0.68     3.30 0.986  1.0    58.57    24.64    0.253
184 2000-08-11T18:43      Jian Wind     0.84   358.94 0.655 -1.0    32.08   131.02    0.226
184 2000-08-11T18:43   Lepping  ACE    21.97   293.50 0.180 -1.0    32.09   201.88    0.102
184 2000-08-11T18:43   Lepping Wind    -0.00   180.00 -0.840  1.0    42.35 70464.32    0.157
184 2000-08-11T18:43        RC  ACE    -0.29   355.92 0.982 -1.0    54.67    28.62    0.236
184 2000-08-11T18:43        RC Wind    25.45   322.11 0.506 -1.0    34.73    79.89    0.157
184 2000-08-11T18:43      Wind  ACE    21.97   293.50 0.180 -1.0    32.09   201.88    0.102
184 2000-08-11T18:43      Wind Wind    -0.00   180.00 -0.840  1.0    42.35 70464.32    0.157
184 2000-08-11T18:43 LLAMAICEA  ACE     0.07     4.58 0.979  1.0    51.47    31.75    0.239
184 2000-08-11T18:43 LLAMAICEA Wind     0.04   359.94 0.658 -1.0    32.46   111.99    0.215
185 2000-09-02T23:29    DREAMS  ACE    71.78   137.76 0.813  1.0    12.45   118.26    0.117
185 2000-09-02T23:29    DREAMS Wind    64.88   132.77 0.831  1.0    12.68   110.02    0.122
185 2000-09-02T23:29      Jian  ACE    85.97   287.78 -0.689 -1.0    13.26   222.58    0.136
185 2000-09-02T23:29      Jian Wind    64.53   312.60 -0.610 -1.0    12.95   146.03    0.183
185 2000-09-02T23:29        RC  ACE     7.20     4.18 -0.961  1.0    17.87    18.69    0.114
185 2000-09-02T23:29        RC Wind    53.10   121.77 -0.870 -1.0    13.46   151.51    0.166
185 2000-09-02T23:29      Wind  ACE     1.00     0.71 -0.996  1.0    24.90     7.22    0.239
185 2000-09-02T23:29      Wind Wind    -7.22   356.10 0.965  1.0    17.35    21.16    0.174
185 2000-09-02T23:29 LLAMAICEA  ACE    66.94   137.87 0.832  1.0    12.66   118.02    0.114
185 2000-09-02T23:29 LLAMAICEA Wind    60.88   132.35 0.842  1.0    12.90   106.12    0.126
185 2000-09-02T23:29 LLAMAICEB  ACE     1.75   360.00 0.993 -1.0    22.30     9.90    0.253
185 2000-09-02T23:29 LLAMAICEB Wind    -4.04   356.53 0.978  1.0    19.45    15.16    0.187
186 2000-09-04T13:03    DREAMS  ACE    43.99   282.21 -0.843 -1.0    15.02    93.25    0.159
186 2000-09-04T13:03    DREAMS Wind    32.41   283.33 -0.828 -1.0    14.81    93.04    0.193
186 2000-09-04T13:03      Jian  ACE     3.25   273.67 -0.823 -1.0    15.74   143.57    0.218
186 2000-09-04T13:03      Jian Wind    35.56   285.93 0.801  1.0    15.30   121.28    0.228
186 2000-09-04T13:03      Wind  ACE    -1.05   356.58 0.987 -1.0    27.78    16.50    0.172
186 2000-09-04T13:03      Wind Wind    -3.96   355.89 0.979 -1.0    26.28    19.94    0.423
186 2000-09-04T13:03    DREAMS  ACE    -0.00   360.00 -0.125 -1.0    18.96    27.81    0.178
186 2000-09-04T13:03    DREAMS Wind     0.02     0.01 0.093  1.0    18.94    26.32    0.126
186 2000-09-04T13:03 LLAMAICEA  ACE    -0.97   356.74 0.988 -1.0    28.04    16.13    0.175
186 2000-09-04T13:03 LLAMAICEA Wind    -4.02   355.72 0.978 -1.0    26.08    20.51    0.420
186 2000-09-04T13:03 LLAMAICEB  ACE    -0.61   358.82 0.996 -1.0    30.77    10.61    0.204
186 2000-09-04T13:03 LLAMAICEB Wind    -1.98   358.95 0.993 -1.0    29.48    12.80    0.160
187 2000-09-06T17:02    DREAMS  ACE     0.00   360.00 -0.796  1.0    17.56    85.06    0.115
187 2000-09-06T17:02    DREAMS Wind     0.00   360.00 -0.728  1.0    18.13    81.32    0.150
187 2000-09-06T17:02      Jian  ACE   -55.30   271.38 0.284  1.0     9.45   770.11    0.493
187 2000-09-06T17:02      Jian Wind   -11.66    27.20 0.888  1.0    13.14   459.15    0.325
187 2000-09-06T17:02      Wind  ACE    -1.75   205.61 0.973  1.0    16.37   440.07    0.169
187 2000-09-06T17:02      Wind Wind    -0.19   358.44 0.994 -1.0    27.89    15.48    0.460
187 2000-09-06T17:02 LLAMAICEA  ACE     0.00   360.00 -0.791  1.0    17.56    85.27    0.116
187 2000-09-06T17:02 LLAMAICEA Wind    10.88   231.97 0.854  1.0    18.52 422807094.79    0.119
188 2000-09-08T12:00        RC  ACE    -1.78   115.50 0.792  1.0     9.20   129.49    0.372
188 2000-09-08T12:00        RC Wind    -6.53    85.83 -0.774  1.0     8.84   149.14    0.354
189 2000-09-17T16:04      CDAW  ACE    16.78    44.25 0.878 -1.0    38.87   100.54    0.106
189 2000-09-17T16:04      CDAW Wind    20.57    45.40 0.874 -1.0    37.68    96.47    0.065
189 2000-09-17T16:04    DREAMS  ACE   -23.24   114.88 0.801 -1.0    22.74   117.63    0.156
189 2000-09-17T16:04    DREAMS Wind   -10.98    92.05 0.788 -1.0    21.75   124.84    0.148
189 2000-09-17T16:04      Jian  ACE    -9.30   191.64 -0.935  1.0    42.31    35.76    0.117
189 2000-09-17T16:04      Jian Wind     7.53   170.27 -0.946 -1.0    43.96    30.08    0.107
189 2000-09-17T16:04   Lepping  ACE    16.57    45.83 0.874 -1.0    38.08   104.55    0.108
189 2000-09-17T16:04   Lepping Wind    19.48    47.01 0.863 -1.0    36.74   103.31    0.071
189 2000-09-17T16:04        RC  ACE    -3.23    90.92 0.788 -1.0    23.00   134.97    0.180
189 2000-09-17T16:04        RC Wind    -4.50    91.32 0.788 -1.0    22.94   131.98    0.174
189 2000-09-17T16:04      Wind Wind     3.54   171.61 -0.960 -1.0    37.32    30.29    0.066
189 2000-09-17T16:04 LLAMAICEA  ACE     6.61   173.52 0.961  1.0    48.68    25.05    0.118
189 2000-09-17T16:04 LLAMAICEA Wind     6.82   173.95 0.962  1.0    48.15    23.90    0.115
189 2000-09-17T16:04 LLAMAICEB Wind    -5.14   184.84 -0.971  1.0    50.17    22.04    0.097
190 2000-10-03T01:01    DREAMS  ACE     0.00   179.97 0.521 -1.0    22.59   263.91    0.255
190 2000-10-03T01:01    DREAMS Wind     0.77   181.32 0.993  1.0    41.10    25.96    0.228
190 2000-10-03T01:01      Jian  ACE    30.80   247.99 -0.278  1.0    21.25   423.67    0.048
190 2000-10-03T01:01      Jian Wind    40.68   242.79 -0.349  1.0    21.34   284.22    0.063
190 2000-10-03T01:01   Lepping  ACE    23.83   243.07 -0.193  1.0    20.31   586.29    0.053
190 2000-10-03T01:01   Lepping Wind    33.36   240.60 -0.290  1.0    20.76   256.65    0.068
190 2000-10-03T01:01        RC  ACE     4.31   232.67 0.045  1.0    19.69   284.53    0.304
190 2000-10-03T01:01        RC Wind     4.47   230.82 0.116  1.0    19.32   249.52    0.376
190 2000-10-03T01:01      Wind  ACE     3.01   230.56 0.077  1.0    19.66   304.38    0.261
190 2000-10-03T01:01      Wind Wind     3.52   231.02 0.127  1.0    19.36   245.25    0.344
190 2000-10-03T01:01 LLAMAICEA  ACE     0.57   199.46 0.910  1.0    29.46    93.26    0.275
190 2000-10-03T01:01 LLAMAICEA Wind    -1.42   211.97 0.847  1.0    25.37   155.56    0.352
190 2000-10-03T01:01 LLAMAICEB  ACE     0.16   181.70 -0.994 -1.0    47.29    17.02    0.290
190 2000-10-03T01:01 LLAMAICEB Wind    -0.10   175.05 0.979 -1.0    35.84    42.66    0.269
191 2000-10-05T03:34      CDAW  ACE    25.22     0.00 -0.896 -1.0    11.89    62.63    0.185
191 2000-10-05T03:34      CDAW Wind   -22.77   105.87 0.784  1.0     9.63   130.70    0.236
191 2000-10-05T03:34    DREAMS  ACE     3.51    11.44 0.949 -1.0    11.67    16.99    0.314
191 2000-10-05T03:34    DREAMS Wind    18.82   117.77 -0.796 -1.0     8.54    56.45    0.213
191 2000-10-05T03:34      Jian  ACE    -3.93   360.00 -0.980  1.0    18.14    28.43    0.100
191 2000-10-05T03:34      Jian Wind    -0.43   359.92 -0.998  1.0    19.02    30.42    0.157
191 2000-10-05T03:34        RC  ACE    19.51    16.70 0.895  1.0    11.97    62.24    0.223
191 2000-10-05T03:34        RC Wind   -21.89   101.38 0.780  1.0     9.72   131.83    0.234
191 2000-10-05T03:34      Wind  ACE   -17.84    89.08 0.776  1.0     9.07    84.54    0.163
191 2000-10-05T03:34      Wind Wind   -24.14    84.82 0.778  1.0     9.36    76.08    0.172
191 2000-10-05T03:34 LLAMAICEA  ACE   -27.17   102.25 0.780  1.0    10.39   141.35    0.204
191 2000-10-05T03:34 LLAMAICEA Wind   -28.09    97.25 0.777  1.0    10.61   138.38    0.241
191 2000-10-05T03:34 LLAMAICEC  ACE   -37.16    91.78 0.776  1.0    12.68   164.99    0.307
191 2000-10-05T03:34 LLAMAICEC Wind   -34.96    92.73 0.777  1.0    12.74   164.33    0.342
192 2000-10-12T22:28      CDAW  ACE   -36.14   223.15 0.718  1.0    19.45   751.85    0.125
192 2000-10-12T22:28      CDAW Wind    -7.61   350.64 -0.670  1.0    18.95   139.42    0.134
192 2000-10-12T22:28    DREAMS  ACE   -33.53   227.33 0.714  1.0    19.34   564.65    0.114
192 2000-10-12T22:28    DREAMS Wind   -28.76   226.28 0.789  1.0    19.47   810.93    0.135
192 2000-10-12T22:28      Jian  ACE    26.76   274.43 0.457  1.0    19.68   114.41    0.339
192 2000-10-12T22:28      Jian Wind     6.69   360.00 0.972 -1.0    36.52    16.61    0.331
192 2000-10-12T22:28   Lepping  ACE   -35.72   223.96 0.715  1.0    19.39   688.97    0.121
192 2000-10-12T22:28   Lepping Wind   -32.94   227.89 0.763  1.0    19.14   691.35    0.137
192 2000-10-12T22:28        RC  ACE   -35.23   234.07 0.663  1.0    18.91   483.22    0.119
192 2000-10-12T22:28        RC Wind   -33.01   251.12 0.590  1.0    17.27   514.48    0.132
192 2000-10-12T22:28      Wind  ACE   -33.95   333.00 -0.286  1.0    15.22 1382801079.06    0.161
192 2000-10-12T22:28      Wind Wind   -11.32   348.31 -0.601  1.0    18.17   201.97    0.104
192 2000-10-12T22:28 LLAMAICEA  ACE     2.98   301.00 0.119  1.0    17.95   158.72    0.301
192 2000-10-12T22:28 LLAMAICEA Wind     9.17   328.45 -0.116  1.0    19.00   104.71    0.281
192 2000-10-12T22:28 LLAMAICEB  ACE     1.55   360.00 0.995 -1.0    47.74     9.63    0.391
192 2000-10-12T22:28 LLAMAICEB Wind     2.44   360.00 0.991 -1.0    44.34    12.08    0.344
193 2000-10-28T09:27    DREAMS  ACE   -17.05   220.55 -0.829 -1.0    24.53   128.25    0.053
193 2000-10-28T09:27    DREAMS Wind   -20.10   223.32 -0.791 -1.0    24.80   130.51    0.061
193 2000-10-28T09:27      Jian  ACE   -17.06   220.93 -0.824 -1.0    24.45   129.17    0.053
193 2000-10-28T09:27      Jian Wind   -20.33   223.80 -0.787 -1.0    24.66   130.44    0.060
193 2000-10-28T09:27   Lepping  ACE   -15.33   219.39 -0.838 -1.0    24.19   123.77    0.067
193 2000-10-28T09:27   Lepping Wind   -17.43   222.07 -0.813 -1.0    24.61   124.19    0.059
193 2000-10-28T09:27        RC  ACE   -22.44   224.48 -0.776 -1.0    24.78   135.41    0.056
193 2000-10-28T09:27        RC Wind   -23.52   223.37 -0.771 -1.0    24.48   163.24    0.090
193 2000-10-28T09:27      Wind  ACE   -15.33   219.39 -0.838 -1.0    24.19   123.77    0.067
193 2000-10-28T09:27      Wind Wind   -17.43   222.07 -0.813 -1.0    24.61   124.19    0.059
193 2000-10-28T09:27 LLAMAICEA  ACE   -22.34   226.74 -0.755 -1.0    24.21   138.95    0.079
193 2000-10-28T09:27 LLAMAICEA Wind   -23.80   227.19 -0.739 -1.0    23.83   160.78    0.093
193 2000-10-28T09:27 LLAMAICEB  ACE   -18.86   221.44 -0.773 -1.0    23.79   156.31    0.150
193 2000-10-28T09:27 LLAMAICEB Wind   -21.48   226.57 -0.748 -1.0    23.15   154.45    0.110
194 2000-11-06T09:30      CDAW  ACE    11.75   280.71 -0.005 -1.0    29.50    81.34    0.079
194 2000-11-06T09:30      CDAW Wind     6.26   262.88 -0.310 -1.0    29.73    87.51    0.081
194 2000-11-06T09:30    DREAMS  ACE     8.15   278.94 -0.029 -1.0    29.10    85.08    0.076
194 2000-11-06T09:30    DREAMS Wind     2.77   264.94 -0.267 -1.0    28.96    92.18    0.078
194 2000-11-06T09:30      Jian  ACE    35.18   271.05 -0.103 -1.0    30.13    88.06    0.114
194 2000-11-06T09:30      Jian Wind    30.07   270.55 -0.140 -1.0    29.77    89.51    0.110
194 2000-11-06T09:30   Lepping  ACE    11.75   280.71 -0.005 -1.0    29.50    81.34    0.079
194 2000-11-06T09:30   Lepping Wind     6.26   262.88 -0.310 -1.0    29.73    87.51    0.081
194 2000-11-06T09:30        RC  ACE    21.36   271.51 -0.066 -1.0    27.94   100.74    0.176
194 2000-11-06T09:30        RC Wind    19.87   242.38 -0.763 -1.0    33.21    88.78    0.252
194 2000-11-06T09:30      Wind  ACE    11.49   280.75 -0.003 -1.0    29.45    82.04    0.079
194 2000-11-06T09:30      Wind Wind     5.97   263.81 -0.294 -1.0    29.56    88.25    0.080
194 2000-11-06T09:30    DREAMS  ACE    29.25     1.40 -0.974  1.0    32.96    97.67    0.193
194 2000-11-06T09:30    DREAMS Wind    26.64     1.01 -0.964  1.0    33.64   106.89    0.160
194 2000-11-06T09:30 LLAMAICEA  ACE    28.29   304.85 0.788 -1.0    33.55    98.29    0.283
194 2000-11-06T09:30 LLAMAICEA Wind    25.45   303.66 0.789 -1.0    33.29    98.03    0.279
195 2000-11-08T09:59        RC  ACE    -1.22   109.87 0.804 -1.0    12.50    30.16    0.136
195 2000-11-08T09:59        RC Wind     0.00   180.00 -0.875  1.0    11.23   122.16    0.145
196 2000-11-10T06:20      Jian  ACE    -2.04   184.20 0.548 -1.0    19.51    33.35    0.168
196 2000-11-10T06:20      Jian Wind     0.00   180.00 -1.000  1.0    32.83     7.85    0.133
196 2000-11-10T06:20      Wind Wind    58.96   105.53 -0.777  1.0    12.88    92.95    0.189
196 2000-11-10T06:20 LLAMAICEA Wind    59.94   104.34 -0.776  1.0    12.96    88.24    0.186
197 2000-11-11T04:00      Jian  ACE    -6.97    82.74 0.770 -1.0    13.71    70.48    0.179
197 2000-11-11T04:00      Jian Wind    -2.40    79.38 0.769 -1.0    13.81    72.12    0.151
197 2000-11-11T04:00        RC  ACE   -32.08    87.54 0.771 -1.0    12.33    63.79    0.145
197 2000-11-11T04:00        RC Wind   -23.27    81.16 0.771 -1.0    12.35    68.13    0.133
197 2000-11-11T04:00      Wind  ACE   -15.00    86.60 0.773 -1.0    13.36    69.90    0.174
197 2000-11-11T04:00      Wind Wind    -9.35    82.74 0.772 -1.0    13.43    72.18    0.143
197 2000-11-11T04:00 LLAMAICEA  ACE   -47.48    88.52 0.771 -1.0    11.22    63.84    0.156
197 2000-11-11T04:00 LLAMAICEA Wind   -36.64    74.63 0.777 -1.0    11.39    66.17    0.150
197 2000-11-11T04:00 LLAMAICEC  ACE   -30.17    87.82 0.771 -1.0    12.43    63.98    0.145
197 2000-11-11T04:00 LLAMAICEC Wind   -21.68    81.84 0.771 -1.0    12.44    68.43    0.133
198 2000-11-26T05:30      CDAW  ACE   -54.71   102.21 0.749 -1.0    17.57   145.81    0.323
198 2000-11-26T05:30      CDAW Wind   -69.75    99.59 0.772 -1.0    18.37   158.20    0.338
198 2000-11-26T05:30        RC  ACE    30.58   209.20 -0.832  1.0    17.55    70.16    0.234
198 2000-11-26T05:30        RC Wind    31.24   206.27 -0.835  1.0    18.13    70.69    0.272
198 2000-11-26T05:30      Wind  ACE     0.27   182.15 0.992 -1.0    30.50     8.16    0.169
198 2000-11-26T05:30      Wind Wind     0.42   183.55 0.986 -1.0    28.86    11.15    0.129
198 2000-11-26T05:30 LLAMAICEA  ACE    57.64   132.99 -0.809  1.0    21.67   224.94    0.346
198 2000-11-26T05:30 LLAMAICEA Wind   -90.00     0.30 0.823 -1.0    23.64   281.02    0.415
198 2000-11-26T05:30 LLAMAICEB  ACE    56.65   192.76 -0.828  1.0    21.64   225.90    0.319
198 2000-11-26T05:30 LLAMAICEB Wind   -90.00   260.45 0.822 -1.0    23.30   296.94    0.390
199 2000-11-28T05:29    DREAMS  ACE   -68.01   239.04 0.014 -1.0    13.21   132.77    0.297
199 2000-11-28T05:29    DREAMS Wind   -76.08   241.84 0.039 -1.0    13.29   131.99    0.298
199 2000-11-28T05:29      Jian  ACE   -35.55   164.53 0.845  1.0    15.83   113.79    0.289
199 2000-11-28T05:29      Jian Wind   -48.89   150.53 0.802  1.0    15.19   141.16    0.333
199 2000-11-28T05:29        RC  ACE   -61.77   178.98 -0.776 -1.0    15.23   146.71    0.301
199 2000-11-28T05:29        RC Wind   -68.03   172.03 -0.769 -1.0    15.23   149.66    0.333
199 2000-11-28T05:29 LLAMAICEA  ACE   -58.62   175.78 -0.781 -1.0    15.49   137.03    0.289
199 2000-11-28T05:29 LLAMAICEA Wind   -64.10   170.40 -0.776 -1.0    15.56   140.57    0.321
200 2000-12-03T03:54    DREAMS  ACE     0.00   357.14 0.990 -1.0    29.29    11.13    0.396
200 2000-12-03T03:54    DREAMS Wind    -0.10   354.64 0.980 -1.0    26.52    15.59    0.370
200 2000-12-03T03:54      Jian  ACE     3.98   337.29 0.907 -1.0    20.24    57.30    0.225
200 2000-12-03T03:54      Jian Wind    -5.15   232.25 0.817  1.0    16.68   107.43    0.228
200 2000-12-03T03:54      Wind  ACE    -1.78   217.57 0.856  1.0    18.25    75.88    0.207
200 2000-12-03T03:54      Wind Wind    -3.70   234.28 0.813  1.0    17.08    97.20    0.228
200 2000-12-03T03:54 LLAMAICEA  ACE    -0.04   356.85 0.989 -1.0    29.83    11.42    0.378
200 2000-12-03T03:54 LLAMAICEA Wind    -0.17   355.20 0.983 -1.0    28.27    13.63    0.400
201 2000-12-21T13:01        RC  ACE     0.38   360.00 0.954  1.0     8.62    21.12    0.146
201 2000-12-21T13:01        RC Wind    -2.70   358.44 0.987 -1.0     9.89    15.37    0.145
201 2000-12-21T13:01 LLAMAICEA  ACE   -32.20   236.16 0.832  1.0     5.48   174.23    0.088
201 2000-12-21T13:01 LLAMAICEA Wind   -31.02   228.56 0.872  1.0     6.06   145.78    0.078
201 2000-12-21T13:01 LLAMAICEB  ACE    -0.00   360.00 -0.725  1.0     8.30    16.94    0.199
201 2000-12-21T13:01 LLAMAICEB Wind    -0.10   359.74 0.999 -1.0    10.90     4.49    0.068
201 2000-12-21T13:01 LLAMAICEC  ACE    19.78    12.71 0.925  1.0     6.77   103.82    0.154
201 2000-12-21T13:01 LLAMAICEC Wind    -8.41   354.08 0.949 -1.0     8.30    32.68    0.123
201 2000-12-21T13:01 LLAMAICED  ACE     0.00   360.00 0.994  1.0    11.49    10.14    0.150
201 2000-12-21T13:01 LLAMAICED Wind    -1.78   359.09 -0.992  1.0    11.25    12.57    0.087
202 2000-12-22T19:41    DREAMS  ACE   -13.69   181.73 -0.945 -1.0    21.45    34.30    0.116
202 2000-12-22T19:41    DREAMS Wind   -16.45   181.36 -0.946 -1.0    22.71    40.14    0.143
202 2000-12-22T19:41        RC  ACE   -14.39   181.96 -0.946 -1.0    21.81    37.06    0.133
202 2000-12-22T19:41        RC Wind   -18.31   181.06 -0.936 -1.0    22.48    43.53    0.134
202 2000-12-22T19:41 LLAMAICEA  ACE   -13.90   181.69 -0.944 -1.0    21.48    34.40    0.117
202 2000-12-22T19:41 LLAMAICEA Wind   -16.60   181.33 -0.946 -1.0    22.71    40.45    0.142
202 2000-12-22T19:41 LLAMAICEC  ACE   -15.78   181.56 -0.937 -1.0    22.33    40.84    0.119
202 2000-12-22T19:41 LLAMAICEC Wind   -30.88   356.87 0.940 -1.0    21.98    93.97    0.171
203 2001-01-13T02:27      Jian  ACE     0.36   351.86 -0.958  1.0    19.56    34.62    0.105
203 2001-01-13T02:27      Jian Wind     0.08   348.03 -0.935  1.0    18.67    49.36    0.098
204 2001-01-23T10:48    DREAMS  ACE   -12.09    87.12 -0.766  1.0     7.55   165.30    0.512
204 2001-01-23T10:48    DREAMS Wind   -17.90    94.96 0.759  1.0     7.68   180.82    0.478
204 2001-01-23T10:48      Jian  ACE   -14.46   356.96 0.942 -1.0    14.20    48.46    0.221
204 2001-01-23T10:48      Jian Wind   -28.26     1.79 0.889 -1.0    12.08    84.42    0.252
204 2001-01-23T10:48        RC  ACE   -84.39     0.78 0.776 -1.0     7.75   168.07    0.554
204 2001-01-23T10:48        RC Wind   -42.02    96.34 0.773  1.0     7.64   182.50    0.523
204 2001-01-23T10:48      Wind  ACE    -8.78    86.72 -0.754  1.0     7.53   184.62    0.515
204 2001-01-23T10:48      Wind Wind   -18.93    96.44 0.726  1.0     7.51   206.85    0.460
204 2001-01-23T10:48    DREAMS  ACE   -52.34    63.02 -0.259  1.0     8.16    96.08    0.118
204 2001-01-23T10:48    DREAMS Wind   -31.72   163.16 0.595  1.0     8.90   163.23    0.120
204 2001-01-23T10:48 LLAMAICEA  ACE   -74.88    72.66 -0.775  1.0     8.05   208.97    0.534
204 2001-01-23T10:48 LLAMAICEA Wind   -71.40   128.24 0.777  1.0     8.07   215.46    0.427
205 2001-01-31T08:37      Jian  ACE    -0.64   359.55 0.998 -1.0    30.69     6.59    0.178
205 2001-01-31T08:37      Jian Wind    -1.38   359.53 0.995 -1.0    26.52    11.04    0.147
206 2001-03-03T11:21      CDAW  ACE   -41.99     0.00 -0.849  1.0    13.69   267.20    0.223
206 2001-03-03T11:21      CDAW Wind   -41.02   332.61 -0.776  1.0    12.25   287.55    0.187
206 2001-03-03T11:21    DREAMS  ACE    14.90   161.21 0.944 -1.0    12.70 116895803.72    0.326
206 2001-03-03T11:21    DREAMS Wind   -22.59   303.26 -0.788  1.0    12.25   540.23    0.276
206 2001-03-03T11:21    DREAMS  ACE   -64.34    34.18 -0.422  1.0    13.33   519.96    0.108
206 2001-03-03T11:21    DREAMS Wind   -44.50     1.46 -0.651  1.0    14.68  9633.73    0.103
206 2001-03-03T11:21      Jian  ACE   -50.93   330.52 -0.657  1.0    12.10   345.20    0.191
206 2001-03-03T11:21      Jian Wind   -36.89     0.00 -0.907  1.0    13.75   243.67    0.201
206 2001-03-03T11:21        RC  ACE   -53.40   326.51 -0.623  1.0    11.65   350.01    0.209
206 2001-03-03T11:21        RC Wind   -26.84   196.55 0.566  1.0    11.03   207.59    0.232
206 2001-03-03T11:21      Wind  ACE    -0.00   360.00 0.858 -1.0    16.55   349.55    0.361
206 2001-03-03T11:21      Wind Wind     0.00     0.00 0.845  1.0    16.24   469.68    0.366
206 2001-03-03T11:21 LLAMAICEA  ACE   -55.97   337.01 -0.596  1.0    11.52   386.49    0.189
206 2001-03-03T11:21 LLAMAICEA Wind   -48.02   336.33 -0.685  1.0    12.27   498.66    0.172
207 2001-03-19T11:33    DREAMS  ACE   -47.57   335.59 0.805 -1.0    30.84    91.84    0.274
207 2001-03-19T11:33    DREAMS Wind   -47.48   341.49 0.808 -1.0    30.57    93.65    0.308
207 2001-03-19T11:33      Jian  ACE   -48.51   336.46 0.806 -1.0    30.84    92.77    0.281
207 2001-03-19T11:33      Jian Wind   -47.81   342.12 0.809 -1.0    30.58    94.23    0.314
207 2001-03-19T11:33   Lepping  ACE   -34.03    20.46 0.412 -1.0    28.07    72.52    0.080
207 2001-03-19T11:33   Lepping Wind   -31.99    26.06 0.387 -1.0    27.04    68.78    0.105
207 2001-03-19T11:33   Lepping  ACE    -1.39   357.59 0.990 -1.0    46.08    13.13    0.257
207 2001-03-19T11:33   Lepping Wind    -4.02   198.28 -0.919 -1.0    27.91    54.03    0.139
207 2001-03-19T11:33        RC  ACE   -49.63   340.29 0.811 -1.0    30.98    92.54    0.295
207 2001-03-19T11:33        RC Wind   -48.78   345.21 0.813 -1.0    30.86    95.12    0.332
207 2001-03-19T11:33      Wind  ACE   -51.37    69.35 -0.177 -1.0    24.56   116.11    0.084
207 2001-03-19T11:33      Wind Wind   -47.56    91.36 -0.403 -1.0    25.19   112.34    0.124
207 2001-03-19T11:33      Wind  ACE    -8.45   322.15 0.843 -1.0    25.76    62.16    0.098
207 2001-03-19T11:33      Wind Wind   -11.44   220.69 -0.834 -1.0    25.58    71.22    0.062
207 2001-03-19T11:33 LLAMAICEA  ACE   -47.57   335.59 0.805 -1.0    30.84    91.84    0.274
207 2001-03-19T11:33 LLAMAICEA Wind   -47.48   341.49 0.808 -1.0    30.57    93.65    0.308
207 2001-03-19T11:33 LLAMAICEB  ACE   -20.28   356.64 0.918 -1.0    36.58    54.68    0.307
207 2001-03-19T11:33 LLAMAICEB Wind   -32.01   345.70 0.865 -1.0    31.62    80.95    0.317
207 2001-03-19T11:33 LLAMAICEC  ACE   -49.72   340.73 0.811 -1.0    31.01    92.33    0.296
207 2001-03-19T11:33 LLAMAICEC Wind   -48.83   345.71 0.813 -1.0    30.88    94.91    0.331
207 2001-03-19T11:33 LLAMAICED  ACE   -21.73   358.34 0.914 -1.0    36.39    56.71    0.312
207 2001-03-19T11:33 LLAMAICED Wind   -34.43   347.41 0.862 -1.0    31.75    83.85    0.330
208 2001-03-22T14:00      CDAW  ACE     0.02   359.98 0.588  1.0    12.94    19.44    0.156
208 2001-03-22T14:00      CDAW Wind    -0.00     0.00 0.595 -1.0    13.50    32.32    0.144
209 2001-03-27T01:59      Jian  ACE    -0.00   360.00 -0.865  1.0    26.13    53.62    0.295
209 2001-03-27T01:59      Jian Wind     1.39   351.55 -0.695  1.0    22.57   177.31    0.249
209 2001-03-27T01:59        RC  ACE     0.00   360.00 0.761 -1.0    35.22    11.47    0.141
209 2001-03-27T01:59        RC Wind     0.00     0.00 -0.853 -1.0    22.03   990.81    0.287
209 2001-03-27T01:59      Wind  ACE    -0.00     0.00 0.996  1.0    30.58    49.86    0.178
209 2001-03-27T01:59      Wind Wind    -0.00   360.00 1.000 -1.0    31.29    47.35    0.191
209 2001-03-27T01:59 LLAMAICEA  ACE     0.00   360.00 0.931 -1.0    26.34    37.19    0.144
209 2001-03-27T01:59 LLAMAICEA Wind     0.00   360.00 0.945 -1.0    24.66    40.27    0.166
209 2001-03-27T01:59 LLAMAICEB  ACE     0.00   360.00 0.995 -1.0    28.87    40.67    0.170
209 2001-03-27T01:59 LLAMAICEB Wind     0.00   360.00 0.951 -1.0    26.23    46.22    0.138
210 2001-03-27T18:11      Jian  ACE     0.22   359.73 0.852 -1.0    33.67     8.51    0.388
210 2001-03-27T18:11      Jian Wind   -14.43   241.12 0.739  1.0    20.83   401.88    0.306
210 2001-03-27T18:11        RC Wind    41.47     0.00 0.845  1.0     7.30    82.28    0.432
210 2001-03-27T18:11      Wind  ACE    -0.00     0.00 0.996  1.0    30.58    49.86    0.178
210 2001-03-27T18:11      Wind Wind    -0.00   360.00 1.000 -1.0    31.29    47.35    0.191
210 2001-03-27T18:11 LLAMAICEA  ACE    -0.00     0.00 0.889  1.0    30.03     9.34    0.378
210 2001-03-27T18:11 LLAMAICEA Wind     0.06   359.84 0.815 -1.0    27.11    13.25    0.129
210 2001-03-27T18:11 LLAMAICEB  ACE    -0.22   360.00 0.436  1.0    29.00    10.37    0.355
210 2001-03-27T18:11 LLAMAICEB Wind    -0.00   360.00 -0.849  1.0    33.08    10.40    0.257
211 2001-03-31T01:21    DREAMS  ACE    37.37   262.30 -0.114 -1.0    41.81    48.57    0.329
211 2001-03-31T01:21    DREAMS Wind    -0.73   284.39 -0.008 -1.0    49.88    29.96    0.242
211 2001-03-31T01:21    DREAMS  ACE   -23.65   175.65 -0.741 -1.0    50.07    36.45    0.172
211 2001-03-31T01:21    DREAMS Wind   -46.19    29.62 0.700 -1.0    47.72   155.15    0.200
211 2001-03-31T01:21      Jian  ACE   -29.33   190.88 0.850  1.0    61.98    73.41    0.338
211 2001-03-31T01:21      Jian Wind    -4.39   181.82 -0.994 -1.0    66.09    98.76    0.365
211 2001-03-31T01:21        RC  ACE    -0.51   359.98 0.998 -1.0   138.30     2.47    0.403
211 2001-03-31T01:21        RC Wind    -1.65   180.02 0.994  1.0   117.68     4.57    0.401
211 2001-03-31T01:21 LLAMAICEA  ACE    36.62    86.72 -0.788 -1.0    12.64   116.23    0.185
211 2001-03-31T01:21 LLAMAICEA Wind   -11.29    28.13 0.898  1.0    16.54    72.98    0.109
212 2001-03-31T22:00    DREAMS  ACE   -21.64    15.19 0.899  1.0    14.03    36.25    0.149
212 2001-03-31T22:00    DREAMS Wind    -3.01    11.26 0.972 -1.0    15.73    29.72    0.171
212 2001-03-31T22:00      Jian  ACE    -8.30    19.18 0.920  1.0    15.14    33.62    0.158
212 2001-03-31T22:00      Jian Wind     1.53    10.88 0.970 -1.0    16.12    32.14    0.127
212 2001-03-31T22:00        RC  ACE   -21.77    18.67 0.873  1.0    12.95    52.49    0.165
212 2001-03-31T22:00        RC Wind     3.29    15.58 0.955 -1.0    14.78    43.26    0.154
213 2001-04-04T14:55 LLAMAICEA  ACE   -34.77   207.49 -0.790  1.0    18.14    72.26    0.079
213 2001-04-04T14:55 LLAMAICEC  ACE    16.88   128.89 0.760 -1.0    18.75    83.62    0.116
214 2001-04-07T17:00      Jian  ACE    -9.30   195.08 0.921 -1.0    20.23    32.81    0.096
214 2001-04-07T17:00      Jian Wind    22.55    62.30 -0.908  1.0    17.13   187.55    0.146
215 2001-04-08T11:22    DREAMS  ACE     2.02   177.88 0.989 -1.0    27.34    10.06    0.210
215 2001-04-08T11:22    DREAMS Wind     5.67   179.04 0.979 -1.0    25.95    13.69    0.216
215 2001-04-08T11:22      Jian  ACE    -8.08   251.50 -0.792  1.0    17.36   118.92    0.184
215 2001-04-08T11:22      Jian Wind    -1.67    98.97 0.786 -1.0    17.01   132.16    0.170
215 2001-04-08T11:22        RC  ACE    50.81   247.40 -0.791  1.0    22.31   121.64    0.115
215 2001-04-08T11:22        RC Wind    56.55   238.84 -0.724  1.0    19.98   514.97    0.090
215 2001-04-08T11:22 LLAMAICEA  ACE   -33.18   217.39 0.957 -1.0    28.83   123.14    0.198
215 2001-04-08T11:22 LLAMAICEA Wind    -0.00   180.00 0.653 -1.0    25.21    17.56    0.209
216 2001-04-11T14:09      CDAW  ACE     2.29   163.31 0.951  1.0    54.60    17.98    0.120
216 2001-04-11T14:09      CDAW Wind     2.74   155.28 0.916  1.0    51.86    22.42    0.164
216 2001-04-11T14:09      CDAW  ACE    14.45    13.16 -0.900  1.0    24.87   854.10    0.060
216 2001-04-11T14:09      CDAW Wind    17.50    18.44 -0.901  1.0    26.92    63.25    0.076
216 2001-04-11T14:09    DREAMS  ACE     0.01   179.99 0.985  1.0    19.18    47.89    0.072
216 2001-04-11T14:09    DREAMS Wind    -0.00   180.00 0.986 -1.0    18.59    82.41    0.074
216 2001-04-11T14:09      Jian  ACE     0.13   178.92 0.996  1.0    70.60     7.85    0.140
216 2001-04-11T14:09      Jian Wind    18.39    25.76 -0.805  1.0    25.12   186.38    0.120
216 2001-04-11T14:09   Lepping  ACE    14.45    13.16 -0.900  1.0    24.87   854.10    0.060
216 2001-04-11T14:09   Lepping Wind    17.50    18.44 -0.901  1.0    26.92    63.25    0.076
216 2001-04-11T14:09        RC  ACE     0.66   177.45 0.990  1.0    54.10    14.56    0.109
216 2001-04-11T14:09        RC Wind    19.51    27.16 -0.806  1.0    24.36   177.90    0.127
216 2001-04-11T14:09      Wind  ACE    14.15    29.70 -0.868  1.0    34.66    63.76    0.060
216 2001-04-11T14:09      Wind Wind     9.13   157.64 0.892  1.0    37.32    49.05    0.065
216 2001-04-11T14:09 LLAMAICEA  ACE    11.34   166.61 0.826  1.0    25.92    82.11    0.088
216 2001-04-11T14:09 LLAMAICEA Wind    19.62    25.80 -0.816  1.0    23.75   196.20    0.127
216 2001-04-11T14:09 LLAMAICEB  ACE     0.09   179.57 0.999  1.0    79.48     5.16    0.132
216 2001-04-11T14:09 LLAMAICEB Wind    16.49    21.83 -0.854  1.0    23.53   321.86    0.129
217 2001-04-13T07:26    DREAMS  ACE     6.20    21.16 0.906 -1.0    18.27    30.96    0.130
217 2001-04-13T07:26    DREAMS Wind     5.01    17.60 0.920 -1.0    19.01    29.56    0.121
217 2001-04-13T07:26      Jian  ACE    11.50    45.21 0.827 -1.0    17.01    63.10    0.113
217 2001-04-13T07:26      Jian Wind    10.85    40.69 0.838 -1.0    17.34    60.20    0.124
217 2001-04-13T07:26        RC  ACE     9.78    39.71 0.843 -1.0    17.45    60.98    0.128
217 2001-04-13T07:26        RC Wind     8.34    30.20 0.871 -1.0    18.14    53.92    0.124
217 2001-04-13T07:26      Wind  ACE     8.53    41.49 0.830 -1.0    14.82    41.85    0.121
217 2001-04-13T07:26      Wind Wind     8.71    53.84 0.794 -1.0    14.59    51.06    0.170
217 2001-04-13T07:26 LLAMAICEA  ACE     6.30    21.62 0.904 -1.0    18.24    31.57    0.128
217 2001-04-13T07:26 LLAMAICEA Wind     5.21    18.46 0.917 -1.0    18.84    30.95    0.118
218 2001-04-15T18:04        RC Wind    -0.48     8.36 0.970 -1.0     7.36    67.25    0.116
218 2001-04-15T18:04 LLAMAICEA Wind     0.00   360.00 0.974  1.0     7.84   152.31    0.109
218 2001-04-15T18:04 LLAMAICEC Wind    -0.88     8.38 0.958 -1.0     7.44    85.36    0.118
219 2001-04-18T00:46    DREAMS  ACE     8.33    98.24 -0.786  1.0    13.91   160.69    0.129
219 2001-04-18T00:46    DREAMS Wind     8.47   104.37 -0.787  1.0    14.88   128.94    0.110
219 2001-04-18T00:46      Jian  ACE    13.79    99.62 -0.790  1.0    16.24   181.04    0.150
219 2001-04-18T00:46      Jian Wind     9.94    98.03 -0.785  1.0    17.43   190.09    0.213
219 2001-04-18T00:46        RC  ACE     8.42    98.14 -0.786  1.0    14.02   159.76    0.131
219 2001-04-18T00:46        RC Wind     7.45   104.13 -0.787  1.0    14.94   130.97    0.115
219 2001-04-18T00:46 LLAMAICEA  ACE     8.24    98.34 -0.786  1.0    13.83   163.53    0.128
219 2001-04-18T00:46 LLAMAICEA Wind    17.72   105.64 0.789 -1.0    14.84   129.52    0.142
219 2001-04-18T00:46 LLAMAICEC  ACE    21.58   104.84 0.789 -1.0    14.74   168.71    0.092
220 2001-04-21T15:29    DREAMS  ACE   -54.78   123.56 -0.379 -1.0    17.38   145.82    0.033
220 2001-04-21T15:29    DREAMS Wind   -48.89   111.99 -0.266 -1.0    17.45   138.39    0.032
220 2001-04-21T15:29      Jian  ACE   -56.29   108.12 -0.263 -1.0    16.74   156.90    0.034
220 2001-04-21T15:29      Jian Wind   -48.59    98.49 -0.142 -1.0    16.89   148.91    0.044
220 2001-04-21T15:29   Lepping  ACE   -52.69   140.77 -0.488 -1.0    17.83   143.21    0.051
220 2001-04-21T15:29   Lepping Wind   -54.63   119.15 -0.272 -1.0    17.21   150.27    0.036
220 2001-04-21T15:29        RC  ACE   -58.58   100.31 -0.186 -1.0    16.18   166.17    0.066
220 2001-04-21T15:29        RC Wind   -51.54    91.91 -0.062 -1.0    16.42   167.22    0.081
220 2001-04-21T15:29      Wind  ACE   -55.73   129.98 -0.403 -1.0    17.34   150.60    0.040
220 2001-04-21T15:29      Wind Wind   -52.53   112.97 -0.247 -1.0    17.22   146.91    0.033
220 2001-04-21T15:29 LLAMAICEA  ACE   -37.02   171.17 -0.792 -1.0    20.09    92.43    0.059
220 2001-04-21T15:29 LLAMAICEA Wind   -36.40   165.17 -0.747 -1.0    20.74    82.22    0.066
220 2001-04-21T15:29 LLAMAICEB  ACE   -26.29   173.75 -0.890 -1.0    20.54    89.89    0.113
220 2001-04-21T15:29 LLAMAICEB Wind   -30.43   171.47 -0.808 -1.0    20.65    91.04    0.086
220 2001-04-21T15:29 LLAMAICEC  ACE   -52.30    90.95 -0.138 -1.0    16.26   162.44    0.054
220 2001-04-21T15:29 LLAMAICEC Wind   -43.20    90.65 -0.073 -1.0    16.69   152.08    0.076
220 2001-04-21T15:29 LLAMAICED  ACE   -59.66    95.51 -0.137 -1.0    15.74   183.94    0.113
220 2001-04-21T15:29 LLAMAICED Wind   -53.11    91.14 -0.045 -1.0    16.21   173.19    0.098
221 2001-04-28T05:00      CDAW  ACE    13.98   274.08 -0.686 -1.0    16.12    69.38    0.103
221 2001-04-28T05:00      CDAW Wind    22.06   267.83 -0.734 -1.0    15.88    74.85    0.140
221 2001-04-28T05:00    DREAMS  ACE    -2.45   325.18 0.874 -1.0    17.43    73.52    0.098
221 2001-04-28T05:00    DREAMS Wind    14.73   323.04 0.862 -1.0    16.59    76.31    0.084
221 2001-04-28T05:00      Jian  ACE   -19.30   266.46 -0.447 -1.0    15.69   155.31    0.229
221 2001-04-28T05:00      Jian Wind     8.75   319.92 0.822 -1.0    19.15    86.12    0.201
221 2001-04-28T05:00   Lepping  ACE    13.98   274.08 -0.686 -1.0    16.12    69.38    0.103
221 2001-04-28T05:00   Lepping Wind    22.06   267.83 -0.734 -1.0    15.88    74.85    0.140
221 2001-04-28T05:00        RC  ACE   -25.74   269.94 0.789  1.0    15.78   105.80    0.254
221 2001-04-28T05:00        RC Wind    31.51   268.34 -0.790 -1.0    15.45   103.48    0.159
221 2001-04-28T05:00      Wind  ACE    -3.37   338.22 0.919 -1.0    19.20    49.35    0.081
221 2001-04-28T05:00      Wind Wind    10.87   328.83 0.880 -1.0    16.65    65.39    0.075
221 2001-04-28T05:00 LLAMAICEA  ACE   -15.31   270.48 0.788  1.0    15.08   103.43    0.259
221 2001-04-28T05:00 LLAMAICEA Wind     0.92   268.50 0.791  1.0    14.84    98.13    0.183
221 2001-04-28T05:00 LLAMAICEB  ACE    -2.45   325.18 0.874 -1.0    17.43    73.52    0.098
221 2001-04-28T05:00 LLAMAICEB Wind    14.73   323.04 0.862 -1.0    16.59    76.31    0.084
222 2001-05-03T11:00    DREAMS  ACE    -3.69   197.44 -1.000 -1.0    15.76 2081894863.82    0.181
222 2001-05-03T11:00    DREAMS Wind    -3.84   195.65 1.000  1.0    15.49 1197316967.85    0.177
222 2001-05-03T11:00        RC  ACE    -0.00   360.00 0.995 -1.0    15.73   181.85    0.195
222 2001-05-03T11:00        RC Wind    -0.00   360.00 -0.999  1.0    15.27   247.81    0.189
223 2001-05-07T22:17    DREAMS  ACE     0.00   180.00 -0.759  1.0    15.16    24.76    0.118
223 2001-05-07T22:17    DREAMS Wind    -4.84    84.29 0.885 -1.0    14.23   122.12    0.161
223 2001-05-07T22:17        RC  ACE     0.20   221.09 -0.884  1.0    14.09   109.12    0.158
223 2001-05-07T22:17        RC Wind    11.32   230.68 0.932 -1.0    14.05   149.70    0.178
223 2001-05-07T22:17 LLAMAICEA  ACE     1.30   183.71 -0.780  1.0    15.43    18.44    0.257
223 2001-05-07T22:17 LLAMAICEB  ACE     0.00   180.00 -0.756  1.0    14.90    30.99    0.123
223 2001-05-07T22:17 LLAMAICEB Wind     0.35   171.36 -0.395 -1.0    14.15    22.21    0.274
223 2001-05-07T22:17 LLAMAICEC  ACE    -1.10   216.40 -0.844  1.0    13.71   112.16    0.155
223 2001-05-07T22:17 LLAMAICEC Wind    13.50   220.60 0.905 -1.0    13.86   115.32    0.185
223 2001-05-07T22:17 LLAMAICED  ACE    -0.02   181.09 -0.572  1.0    13.97    39.90    0.086
224 2001-05-09T14:29    DREAMS  ACE     6.34   182.46 0.967 -1.0    17.59    30.04    0.197
224 2001-05-09T14:29    DREAMS Wind   -22.07   166.33 0.586  1.0    12.11   121.60    0.163
224 2001-05-09T14:29        RC  ACE    -4.97   177.53 0.973  1.0    18.50    35.06    0.218
224 2001-05-09T14:29        RC Wind   -40.93    56.82 -0.776  1.0    12.48   220.61    0.179
224 2001-05-09T14:29 LLAMAICEA  ACE    -2.34   179.01 0.989  1.0    21.51    19.32    0.290
224 2001-05-09T14:29 LLAMAICEA Wind   -25.37   149.13 0.323  1.0    10.48   173.08    0.141
225 2001-05-11T13:00    DREAMS  ACE   -11.72    50.14 -0.931  1.0    15.59   117.06    0.127
225 2001-05-11T13:00    DREAMS Wind    -9.78    51.67 0.940 -1.0    15.06   140.56    0.153
225 2001-05-11T13:00        RC  ACE   -12.24    48.86 -0.944  1.0    15.41   158.46    0.113
225 2001-05-11T13:00        RC Wind    -9.26    49.93 0.954 -1.0    14.83   196.79    0.151
226 2001-05-27T14:59    DREAMS  ACE    -7.93   337.83 0.902 -1.0    18.84    53.76    0.402
226 2001-05-27T14:59    DREAMS Wind    -7.60   198.91 -0.916 -1.0    19.59    45.72    0.349
226 2001-05-27T14:59      Jian  ACE   -13.87   212.71 -0.859 -1.0    17.99    62.79    0.312
226 2001-05-27T14:59      Jian Wind   -17.16   320.42 0.837 -1.0    17.30    70.84    0.369
226 2001-05-27T14:59   Lepping  ACE   -15.51   300.89 0.642 -1.0    15.28   107.13    0.199
226 2001-05-27T14:59   Lepping Wind   -18.58   301.26 0.668 -1.0    15.43   105.61    0.215
226 2001-05-27T14:59        RC  ACE    -4.14   334.23 0.899 -1.0    18.04    66.87    0.283
226 2001-05-27T14:59        RC Wind    -4.85   332.14 0.891 -1.0    17.43    72.40    0.294
226 2001-05-27T14:59      Wind  ACE    -9.66   207.08 -0.879 -1.0    17.51    67.39    0.233
226 2001-05-27T14:59      Wind Wind   -13.18   320.47 0.839 -1.0    16.38    87.83    0.298
226 2001-05-27T14:59 LLAMAICEA  ACE    -7.93   337.83 0.902 -1.0    18.84    53.76    0.402
226 2001-05-27T14:59 LLAMAICEA Wind    -7.60   198.91 -0.916 -1.0    19.59    45.72    0.349
227 2001-06-07T09:29    DREAMS  ACE    13.30     1.55 -0.937  1.0    16.58    46.56    0.167
227 2001-06-07T09:29    DREAMS Wind    12.55     0.82 -0.958  1.0    16.73    55.20    0.074
227 2001-06-07T09:29        RC  ACE    13.10     2.21 -0.962  1.0    16.17    87.59    0.104
227 2001-06-07T09:29        RC Wind    12.58     1.52 -0.970  1.0    16.17   103.84    0.081
227 2001-06-07T09:29 LLAMAICEA  ACE    29.12   150.02 0.367  1.0    11.89   164.05    0.170
227 2001-06-07T09:29 LLAMAICEA Wind    39.05    49.71 -0.678  1.0    13.63   180.80    0.137
227 2001-06-07T09:29 LLAMAICEB  ACE    40.63    39.05 -0.674  1.0    13.69   199.96    0.173
227 2001-06-07T09:29 LLAMAICEB Wind    40.91    41.66 -0.675  1.0    13.87   187.09    0.148
228 2001-06-19T00:41    DREAMS  ACE     0.00   360.00 0.960 -1.0    30.61    42.15    0.208
228 2001-06-19T00:41    DREAMS Wind     0.00   360.00 0.928 -1.0    29.75    85.93    0.182
228 2001-06-19T00:41 LLAMAICEA  ACE     0.00   360.00 0.960 -1.0    30.61    42.15    0.208
228 2001-06-19T00:41 LLAMAICEA Wind     0.00   360.00 0.928 -1.0    29.75    85.93    0.182
229 2001-06-27T04:36    DREAMS  ACE     8.69    50.59 0.816  1.0     5.22   101.71    0.138
229 2001-06-27T04:36    DREAMS Wind    60.75   360.00 0.799  1.0     5.20   106.35    0.168
229 2001-06-27T04:36      Jian  ACE    66.32     0.00 -0.792 -1.0     5.12   119.78    0.097
229 2001-06-27T04:36      Jian Wind    26.86   292.84 -0.787 -1.0     5.36   116.10    0.105
229 2001-06-27T04:36        RC  ACE    66.32     0.00 -0.792 -1.0     5.12   119.78    0.097
229 2001-06-27T04:36        RC Wind    26.86   292.84 -0.787 -1.0     5.36   116.10    0.105
229 2001-06-27T04:36      Wind  ACE    72.19     0.00 -0.787 -1.0     5.51   122.00    0.178
229 2001-06-27T04:36      Wind Wind    10.94    60.10 0.802  1.0     5.66   107.16    0.226
229 2001-06-27T04:36 LLAMAICEA  ACE     8.69    50.59 0.816  1.0     5.22   101.71    0.138
229 2001-06-27T04:36 LLAMAICEA Wind    60.75   360.00 0.799  1.0     5.20   106.35    0.168
230 2001-07-08T12:00    DREAMS  ACE   -22.16    28.16 0.859 -1.0    10.15   134.32    0.428
230 2001-07-08T12:00    DREAMS Wind   -32.15    36.95 0.826 -1.0     9.61   162.34    0.432
230 2001-07-08T12:00      Jian  ACE   -19.75    22.98 0.878 -1.0    10.55   114.76    0.408
230 2001-07-08T12:00      Jian Wind   -25.36    27.27 0.857 -1.0    10.15   128.91    0.399
230 2001-07-08T12:00   Lepping  ACE    -5.68    22.63 -0.373  1.0    12.07    91.86    0.168
230 2001-07-08T12:00   Lepping Wind    -4.48     2.58 0.979 -1.0    19.23    20.49    0.388
230 2001-07-08T12:00        RC  ACE    -1.15   185.23 0.979 -1.0    11.75    25.71    0.339
230 2001-07-08T12:00        RC Wind     0.36   184.93 0.981 -1.0    12.47    24.29    0.278
230 2001-07-08T12:00 LLAMAICEA  ACE   -50.83    67.55 0.783 -1.0    10.33   235.25    0.519
230 2001-07-08T12:00 LLAMAICEA Wind   -50.95    75.48 0.780 -1.0    10.17   237.16    0.478
231 2001-07-13T17:26        RC  ACE    -0.00   360.00 0.774 -1.0    13.22    86.14    0.096
231 2001-07-13T17:26        RC Wind    -0.00   360.00 0.798 -1.0    12.84   110.59    0.123
231 2001-07-13T17:26 LLAMAICEA  ACE    -0.00   360.00 0.766 -1.0    13.57    76.45    0.082
231 2001-07-13T17:26 LLAMAICEA Wind    -0.00   360.00 0.815 -1.0    13.43    55.36    0.101
231 2001-07-13T17:26 LLAMAICEB  ACE    -0.00   360.00 0.775 -1.0    13.93    58.07    0.071
231 2001-07-13T17:26 LLAMAICEB Wind    -0.00   360.00 0.840 -1.0    13.96    50.82    0.082
232 2001-08-03T07:16    DREAMS  ACE    -0.00   180.00 0.981  1.0    18.30    78.23    0.153
232 2001-08-03T07:16    DREAMS Wind    -3.31    10.06 -1.000  1.0    20.95 194942999.90    0.189
232 2001-08-03T07:16      Jian  ACE     0.82    31.65 -0.822  1.0    14.34    98.68    0.181
232 2001-08-03T07:16      Jian Wind    -1.43   169.13 0.803  1.0    15.08    48.61    0.139
232 2001-08-03T07:16        RC  ACE    -2.73    12.53 0.993 -1.0    19.66    73.79    0.146
232 2001-08-03T07:16        RC Wind    -6.36    15.87 -0.996  1.0    19.73   119.15    0.190
233 2001-08-05T12:28      Jian  ACE    -0.00   360.00 0.542 -1.0    15.78    20.82    0.307
233 2001-08-05T12:28      Jian Wind     0.00   360.00 0.525  1.0    17.44    16.48    0.276
233 2001-08-05T12:28      Wind  ACE     0.00     0.00 0.973  1.0    20.18    17.06    0.222
233 2001-08-05T12:28      Wind Wind    -0.00   360.00 0.777 -1.0    14.47    66.44    0.213
234 2001-08-12T11:10      CDAW  ACE    11.59   352.32 -0.931  1.0    20.49    28.54    0.274
234 2001-08-12T11:10      CDAW Wind    79.70   192.01 0.106  1.0    13.00   395.98    0.329
235 2001-08-15T05:00    DREAMS  ACE    58.78   319.41 0.355 -1.0     9.40    32.56    0.425
235 2001-08-15T05:00    DREAMS Wind    11.65   332.91 0.875 -1.0     9.49    74.32    0.210
235 2001-08-15T05:00        RC  ACE    18.19   299.07 0.801 -1.0     9.46    70.06    0.295
235 2001-08-15T05:00        RC Wind     8.89   326.89 0.860 -1.0     9.16    80.29    0.228
236 2001-08-17T11:03    DREAMS  ACE    11.70     8.72 0.537 -1.0    24.36    33.07    0.104
236 2001-08-17T11:03    DREAMS Wind    52.20    93.21 -0.816 -1.0    25.71    65.15    0.055
236 2001-08-17T11:03      Jian  ACE   -26.94   349.27 0.894  1.0    27.79   102.21    0.091
236 2001-08-17T11:03      Jian Wind    63.38    98.85 -0.728 -1.0    26.14   174.25    0.151
236 2001-08-17T11:03        RC  ACE    12.36     4.52 0.938 -1.0    25.13    58.09    0.103
236 2001-08-17T11:03        RC Wind   -25.40   360.00 -0.894 -1.0    21.38   108.78    0.178
236 2001-08-17T11:03      Wind  ACE    -5.42   357.50 0.975  1.0    39.45    12.85    0.095
236 2001-08-17T11:03      Wind Wind    52.75   100.45 -0.808 -1.0    25.50    80.25    0.084
236 2001-08-17T11:03 LLAMAICEA  ACE    -6.41   357.32 0.970  1.0    39.63    12.65    0.112
236 2001-08-17T11:03 LLAMAICEA Wind    50.98   104.49 -0.834 -1.0    27.46    80.83    0.065
236 2001-08-17T11:03 LLAMAICEB  ACE    -5.42   357.50 0.975  1.0    39.45    12.85    0.095
236 2001-08-17T11:03 LLAMAICEB Wind    52.75   100.45 -0.808 -1.0    25.50    80.25    0.084
236 2001-08-17T11:03 LLAMAICEC  ACE   -26.65   347.14 0.907  1.0    30.34   108.83    0.061
236 2001-08-17T11:03 LLAMAICEC Wind   -26.01   351.92 0.822  1.0    30.18   151.80    0.098
236 2001-08-17T11:03 LLAMAICED  ACE   -25.59   347.27 0.899  1.0    28.08    90.79    0.072
236 2001-08-17T11:03 LLAMAICED Wind   -32.69   352.46 0.878  1.0    29.60   105.01    0.119
237 2001-08-27T19:39    DREAMS  ACE    -0.99   175.86 0.983  1.0    21.60     8.37    0.215
237 2001-08-27T19:39    DREAMS Wind    -1.19   175.05 0.979  1.0    21.64     9.18    0.213
237 2001-08-27T19:39      Jian  ACE   -18.14    71.25 0.801 -1.0    16.27   118.43    0.139
237 2001-08-27T19:39      Jian Wind   -15.62    68.05 0.831 -1.0    17.02   152.86    0.137
238 2001-08-30T13:57    DREAMS  ACE    -0.98   177.02 -0.544 -1.0    13.40    10.95    0.335
238 2001-08-30T13:57    DREAMS Wind     0.14   179.62 -0.999 -1.0    23.04     2.14    0.609
238 2001-08-30T13:57        RC  ACE    -0.41   179.49 0.998  1.0    22.13     2.81    0.575
238 2001-08-30T13:57        RC Wind    -0.13   179.36 -0.998 -1.0    22.61     2.57    0.624
238 2001-08-30T13:57    DREAMS  ACE   -12.43    37.33 0.811  1.0     7.95   273.85    0.196
238 2001-08-30T13:57    DREAMS Wind     1.62   354.25 0.345 -1.0     7.48    33.31    0.311
238 2001-08-30T13:57        RC  ACE    -3.70     7.72 -0.964 -1.0    13.18    23.91    0.160
238 2001-08-30T13:57        RC Wind    -1.39     8.11 -0.965 -1.0    11.51    26.05    0.151
238 2001-08-30T13:57 LLAMAICEA  ACE   -51.72   271.20 -0.776 -1.0     9.34   272.40    0.477
238 2001-08-30T13:57 LLAMAICEA Wind   -63.68   271.28 -0.776 -1.0     8.99   258.46    0.502
239 2001-09-13T02:31    DREAMS  ACE     0.00   180.00 0.991  1.0    15.02    40.59    0.130
239 2001-09-13T02:31    DREAMS Wind     0.00   180.00 1.000  1.0    13.34    74.68    0.117
239 2001-09-13T02:31        RC  ACE    -0.00   180.00 0.926 -1.0    16.65  1683.64    0.108
239 2001-09-13T02:31        RC Wind     4.82   179.50 0.960  1.0    17.12   183.92    0.110
239 2001-09-13T02:31    DREAMS  ACE    18.05     4.10 0.882 -1.0    16.62 175396372.30    0.181
239 2001-09-13T02:31    DREAMS Wind    17.72     1.86 0.956 -1.0    18.52   261.43    0.149
239 2001-09-13T02:31 LLAMAICEA  ACE     0.00   180.00 -0.872 -1.0    14.96 7375078.05    0.207
239 2001-09-13T02:31 LLAMAICEA Wind     4.09   179.09 -0.990 -1.0    16.29   461.09    0.203
240 2001-09-17T21:45      Jian  ACE    -0.72   181.49 0.942 -1.0    15.39    62.93    0.365
240 2001-09-17T21:45      Jian Wind     3.30   174.20 0.969  1.0    13.93   164.23    0.386
241 2001-09-23T19:39    DREAMS  ACE     1.38    92.39 -0.756 -1.0    13.01    55.50    0.155
241 2001-09-23T19:39    DREAMS Wind     1.79     4.34 0.633 -1.0    13.47    31.53    0.131
241 2001-09-23T19:39        RC  ACE    48.56    91.29 -0.785 -1.0    15.48    45.01    0.324
241 2001-09-23T19:39        RC Wind    44.30    53.56 0.040 -1.0    11.00   115.02    0.312
241 2001-09-23T19:39 LLAMAICEA  ACE     1.38    92.39 -0.756 -1.0    13.01    55.50    0.155
241 2001-09-23T19:39 LLAMAICEA Wind     1.79     4.34 0.633 -1.0    13.47    31.53    0.131
241 2001-09-23T19:39 LLAMAICEB  ACE    20.78    90.91 0.790  1.0    14.03    28.90    0.309
241 2001-09-23T19:39 LLAMAICEB Wind    11.46   102.97 -0.777 -1.0    11.70   109.21    0.310
241 2001-09-23T19:39 LLAMAICEC  ACE    50.71    75.26 -0.179 -1.0    11.72    85.96    0.282
241 2001-09-23T19:39 LLAMAICEC Wind     6.14     0.11 0.970 -1.0    20.53    19.41    0.254
241 2001-09-23T19:39 LLAMAICED  ACE    44.37    91.03 -0.788 -1.0    15.27    41.77    0.302
241 2001-09-23T19:39 LLAMAICED Wind    39.46   360.00 0.819 -1.0    14.15    79.36    0.319
242 2001-09-25T00:00    DREAMS  ACE    -3.32   168.27 -0.978 -1.0    14.21   248.92    0.167
242 2001-09-25T00:00    DREAMS Wind    -0.00     0.00 0.970 -1.0    13.62  6646.27    0.161
242 2001-09-25T00:00        RC Wind    -4.44   147.38 0.926  1.0    10.05   126.41    0.078
243 2001-09-25T20:16    DREAMS  ACE     0.00     0.00 0.136 -1.0    30.79     6.14    0.240
243 2001-09-25T20:16    DREAMS Wind   -20.31     0.00 0.919  1.0    28.08    13.41    0.249
243 2001-09-25T20:16      Jian  ACE    -0.00   360.00 0.271 -1.0    27.31    15.40    0.299
243 2001-09-25T20:16      Jian Wind    74.17   288.89 -0.782 -1.0    20.55    77.73    0.344
243 2001-09-25T20:16      Wind  ACE    47.09    82.07 -0.926 -1.0    27.68   470.80    0.166
243 2001-09-25T20:16      Wind Wind     1.15    68.00 -0.815 -1.0    25.54    27.08    0.142
243 2001-09-25T20:16 LLAMAICEA  ACE    47.09    82.07 -0.926 -1.0    27.68   470.80    0.166
243 2001-09-25T20:16 LLAMAICEA Wind     8.32    70.19 -0.804 -1.0    25.34    24.59    0.172
243 2001-09-25T20:16 LLAMAICEB  ACE     0.00     0.00 0.136 -1.0    30.79     6.14    0.240
243 2001-09-25T20:16 LLAMAICEB Wind   -20.70   350.37 0.909  1.0    26.98    14.91    0.247
243 2001-09-25T20:16 LLAMAICEC  ACE     0.00     0.00 0.999  1.0    22.02    14.83    0.476
243 2001-09-25T20:16 LLAMAICEC Wind    51.65   360.00 -0.707 -1.0    18.21   403.79    0.493
243 2001-09-25T20:16 LLAMAICED  ACE     0.00     0.00 -0.366 -1.0    16.06    27.22    0.484
243 2001-09-25T20:16 LLAMAICED Wind   -37.82    81.89 0.780  1.0    18.07    77.87    0.419
244 2001-09-29T09:40    DREAMS  ACE    16.00     0.00 0.934  1.0    29.64    27.06    0.246
244 2001-09-29T09:40    DREAMS Wind    14.31   354.44 -0.939 -1.0    30.62    23.16    0.224
244 2001-09-29T09:40      Jian  ACE   -25.99    75.03 -0.788 -1.0    22.00    69.90    0.222
244 2001-09-29T09:40      Jian Wind   -24.16    76.76 -0.787 -1.0    22.00    68.39    0.214
244 2001-09-29T09:40        RC  ACE    -4.54     9.62 0.959 -1.0    33.84    21.35    0.256
244 2001-09-29T09:40        RC Wind     3.50   342.67 0.929  1.0    29.94    30.16    0.222
244 2001-09-29T09:40      Wind  ACE   -53.07    68.59 0.785  1.0    21.53    73.80    0.158
244 2001-09-29T09:40      Wind Wind   -52.73    61.71 0.790  1.0    21.77    63.99    0.188
244 2001-09-29T09:40 LLAMAICEA  ACE   -40.12    68.21 -0.789 -1.0    21.83    71.49    0.155
244 2001-09-29T09:40 LLAMAICEA Wind   -35.03    71.12 -0.790 -1.0    21.91    66.23    0.209
244 2001-09-29T09:40 LLAMAICEB  ACE     5.92   344.28 0.933  1.0    29.81    27.34    0.230
244 2001-09-29T09:40 LLAMAICEB Wind     2.96   337.13 0.908  1.0    27.88    32.77    0.209
245 2001-09-30T19:14    DREAMS  ACE   -10.19   336.88 -0.887  1.0    29.00    27.67    0.120
245 2001-09-30T19:14    DREAMS Wind   -21.01   234.29 0.803  1.0    26.17    53.42    0.130
245 2001-09-30T19:14    DREAMS  ACE     0.00   360.00 -0.503 -1.0    12.31    28.65    0.117
245 2001-09-30T19:14    DREAMS Wind    -0.00     0.00 -0.549  1.0    12.75    26.57    0.114
245 2001-09-30T19:14      Jian  ACE    -3.59   350.45 -0.952  1.0    30.78    23.25    0.131
245 2001-09-30T19:14      Jian Wind   -25.69   240.12 0.714  1.0    22.20   100.84    0.154
245 2001-09-30T19:14        RC  ACE     0.00     0.00 -0.634 -1.0    17.01    23.55    0.136
245 2001-09-30T19:14        RC Wind    -0.00   360.00 -0.745  1.0    18.16    22.41    0.132
245 2001-09-30T19:14      Wind  ACE   -47.72   238.32 0.699  1.0    18.41   232.45    0.151
245 2001-09-30T19:14      Wind Wind   -44.66   242.44 0.656  1.0    18.29   213.56    0.160
246 2001-10-01T22:01      Jian  ACE   -65.95    18.83 0.074 -1.0    19.50 324704.41    0.216
246 2001-10-01T22:01      Jian Wind    -0.00     0.00 -1.000  1.0    65.61    39.03    0.347
246 2001-10-01T22:01        RC Wind   -43.15   228.50 -0.902 -1.0    12.78    93.08    0.140
246 2001-10-01T22:01        RC Wind    -0.00   360.00 -1.000  1.0    37.63    54.46    0.268
246 2001-10-01T22:01 LLAMAICEA  ACE    -0.00   180.00 0.966  1.0    12.79 43597122.84    0.353
246 2001-10-01T22:01 LLAMAICEA Wind    -0.00   360.00 0.680 -1.0    18.98    11.42    0.088
247 2001-10-03T00:11 LLAMAICEA  ACE     0.00   360.00 0.644  1.0    25.04  1306.95    0.283
247 2001-10-03T00:11 LLAMAICEA Wind    -0.00     0.00 0.853 -1.0    63.43    46.39    0.370
248 2001-10-03T22:00      Jian  ACE     0.95   181.53 0.994  1.0    32.21     2.65    0.446
248 2001-10-03T22:00      Jian Wind    -0.00   360.00 0.856  1.0    52.71    34.95    0.354
249 2001-10-04T21:59    DREAMS  ACE   -23.75   292.84 0.813  1.0     6.88   102.00    0.173
249 2001-10-04T21:59    DREAMS Wind    -4.72    42.84 -0.833 -1.0     6.47    56.75    0.062
249 2001-10-04T21:59        RC  ACE    -2.47     2.47 0.987  1.0    10.66    11.36    0.192
249 2001-10-04T21:59        RC Wind    -3.09     2.95 0.984  1.0     9.90    13.01    0.184
249 2001-10-04T21:59 LLAMAICEA  ACE    56.66   360.00 -0.792 -1.0     6.70    94.74    0.249
249 2001-10-04T21:59 LLAMAICEA Wind    -4.29    12.01 -0.938 -1.0     7.50    20.34    0.139
249 2001-10-04T21:59 LLAMAICEB Wind     0.41   359.53 -0.998  1.0    12.28     4.68    0.239
249 2001-10-04T21:59 LLAMAICEC  ACE    -7.60     5.56 0.959  1.0     8.39    15.96    0.309
249 2001-10-04T21:59 LLAMAICEC Wind   -17.17   360.00 -0.924 -1.0     6.94    24.16    0.154
249 2001-10-04T21:59 LLAMAICED  ACE    -1.91   360.00 -0.993 -1.0    10.91     7.88    0.214
249 2001-10-04T21:59 LLAMAICED Wind    -1.93     1.16 0.992  1.0    10.12     8.21    0.221
250 2001-10-11T16:49      CDAW  ACE    -3.35   176.60 0.981 -1.0    44.85     9.36    0.174
250 2001-10-11T16:49      CDAW Wind    33.72   294.85 -0.865  1.0    36.02    60.09    0.224
250 2001-10-11T16:49    DREAMS  ACE    35.64   316.68 0.973 -1.0    40.07    98.52    0.129
250 2001-10-11T16:49    DREAMS Wind    34.24   304.66 -0.933  1.0    38.80    62.56    0.205
250 2001-10-11T16:49        RC  ACE   -18.83   152.94 0.955 -1.0    37.91    42.89    0.142
250 2001-10-11T16:49        RC Wind   -12.88   156.58 0.905 -1.0    37.19    14.12    0.190
250 2001-10-11T16:49 LLAMAICEA  ACE    -0.00   180.00 0.714 -1.0    36.95    30.96    0.362
250 2001-10-11T16:49 LLAMAICEA Wind    -0.00   180.00 0.695 -1.0    35.90    32.39    0.318
250 2001-10-11T16:49 LLAMAICEB  ACE    -0.00   180.00 0.714 -1.0    36.95    30.96    0.362
250 2001-10-11T16:49 LLAMAICEB Wind    -0.00   180.00 0.695 -1.0    35.90    32.39    0.318
251 2001-10-21T16:39      Jian  ACE     7.41   353.89 0.961  1.0    41.68    14.07    0.396
251 2001-10-21T16:39      Jian Wind     8.31   350.04 0.947  1.0    39.42    16.84    0.358
251 2001-10-21T16:39        RC Wind    -5.25   357.01 0.980 -1.0    62.06    22.48    0.181
251 2001-10-21T16:39      Wind  ACE     5.17   356.44 0.976  1.0    45.06    11.04    0.418
251 2001-10-21T16:39      Wind Wind     5.77   354.61 0.969  1.0    44.00    12.23    0.393
251 2001-10-21T16:39 LLAMAICEA  ACE    15.91   346.32 0.911  1.0    35.47    22.89    0.345
251 2001-10-21T16:39 LLAMAICEA Wind   -68.62   360.00 -0.790 -1.0    29.26    52.06    0.179
251 2001-10-21T16:39 LLAMAICEB  ACE     6.16   355.92 0.971  1.0    43.87    11.94    0.415
251 2001-10-21T16:39 LLAMAICEB Wind     7.27   353.53 0.961  1.0    42.34    13.68    0.382
252 2001-10-26T19:06    DREAMS  ACE    -0.00     0.00 -0.887 -1.0    15.01  1172.87    0.100
252 2001-10-26T19:06    DREAMS Wind     0.00   360.00 -0.935  1.0    15.27   350.84    0.102
252 2001-10-26T19:06    DREAMS  ACE    -4.40   342.77 0.954 -1.0    11.48    94.91    0.183
252 2001-10-26T19:06    DREAMS Wind    -5.17   333.29 -0.946  1.0    10.79    58.24    0.291
252 2001-10-26T19:06      Jian  ACE     5.99   311.43 0.818 -1.0    17.48   121.86    0.179
252 2001-10-26T19:06      Jian Wind     3.94   226.17 -0.804 -1.0    17.29   133.45    0.200
252 2001-10-26T19:06        RC  ACE     0.00   360.00 -0.884  1.0    16.57  8134.23    0.093
252 2001-10-26T19:06        RC Wind    -0.00   360.00 -0.897  1.0    16.71 11408.74    0.103
252 2001-10-26T19:06        RC  ACE    -3.51   343.48 0.986 -1.0    11.48    64.83    0.205
252 2001-10-26T19:06        RC Wind    12.02   254.43 -0.066  1.0     7.24    39.21    0.476
252 2001-10-26T19:06      Wind  ACE    -1.04     3.50 -0.982  1.0    16.46     8.52    0.478
252 2001-10-26T19:06      Wind Wind    -0.52     0.34 -0.998  1.0    21.00     1.78    0.486
252 2001-10-26T19:06 LLAMAICEA  ACE    -0.00   180.00 -1.000 -1.0    16.46  1069.32    0.159
252 2001-10-26T19:06 LLAMAICEA Wind    -0.00   180.00 -1.000 -1.0    16.60   526.15    0.160
252 2001-10-26T19:06 LLAMAICEC  ACE    -0.00   360.00 -0.984  1.0    16.17 40172182.64    0.161
252 2001-10-26T19:06 LLAMAICEC Wind    -0.00   180.00 0.998  1.0    16.23  1086.52    0.158
253 2001-11-05T20:20    DREAMS  ACE    -0.00   360.00 1.000 -1.0    54.42    35.36    0.220
253 2001-11-05T20:20    DREAMS Wind    -0.05   359.97 -0.838  1.0    63.79    77.93    0.196
253 2001-11-05T20:20    DREAMS  ACE     0.06   194.46 -0.807 -1.0    41.34    32.31    0.150
253 2001-11-05T20:20    DREAMS Wind   -19.94   206.59 -0.833 -1.0    54.80    18.61    0.203
253 2001-11-05T20:20      Jian  ACE    -0.00   360.00 1.000 -1.0    60.72    15.90    0.171
253 2001-11-05T20:20      Jian Wind     0.00     0.00 -0.759 -1.0    54.41    74.64    0.274
253 2001-11-05T20:20        RC  ACE    -0.00   360.00 1.000 -1.0    52.06    43.17    0.224
253 2001-11-05T20:20        RC Wind     0.00     0.00 -0.892 -1.0    62.63    68.58    0.235
253 2001-11-05T20:20        RC  ACE    -0.67    92.97 -0.791  1.0     8.97   520.20    0.244
253 2001-11-05T20:20        RC Wind   -29.99    96.17 -0.692  1.0    13.41   416.83    0.297
253 2001-11-05T20:20 LLAMAICEA  ACE    -0.00     0.00 1.000 -1.0    55.88    29.45    0.218
253 2001-11-05T20:20 LLAMAICEA Wind     0.00     0.00 -0.755 -1.0    55.69    72.85    0.273
254 2001-11-14T08:00      Jian  ACE     2.51   171.85 0.961  1.0     7.73    27.17    0.350
255 2001-11-15T13:51      Jian  ACE     0.00   180.00 0.874  1.0    23.59 93218889.89    0.174
255 2001-11-15T13:51      Jian Wind    12.69   342.09 1.000 -1.0    40.17  6731.50    0.217
255 2001-11-15T13:51 LLAMAICEA  ACE     0.00   180.00 0.927  1.0    25.28   800.41    0.171
255 2001-11-15T13:51 LLAMAICEA Wind    24.78   323.13 -0.777  1.0    34.96  1436.49    0.085
256 2001-11-19T18:15      Jian  ACE    11.67   331.17 0.874 -1.0    15.16    36.52    0.143
256 2001-11-19T18:15      Jian Wind    23.17   251.59 -0.776 -1.0    12.83    79.06    0.182
256 2001-11-19T18:15        RC  ACE     4.80   349.92 0.956 -1.0    15.32    24.22    0.142
256 2001-11-19T18:15        RC Wind     5.84   345.37 0.937 -1.0    14.48    30.05    0.123
257 2001-11-24T05:51    DREAMS  ACE    57.47    14.52 0.810 -1.0    29.04    58.06    0.124
257 2001-11-24T05:51    DREAMS Wind    47.97     3.73 0.831 -1.0    31.25    45.56    0.157
257 2001-11-24T05:51      Jian  ACE    56.68    14.21 0.811 -1.0    29.03    57.94    0.125
257 2001-11-24T05:51      Jian Wind    11.87   180.30 0.954  1.0    46.47    14.04    0.259
257 2001-11-24T05:51   Lepping  ACE    66.99    12.61 0.798 -1.0    30.17    56.48    0.133
257 2001-11-24T05:51   Lepping Wind    64.34   357.06 0.803 -1.0    31.76    47.69    0.140
257 2001-11-24T05:51        RC  ACE    60.10    21.88 0.811 -1.0    27.40    72.40    0.110
257 2001-11-24T05:51        RC Wind    31.28   175.08 0.881  1.0    34.90    30.07    0.255
257 2001-11-24T05:51      Wind  ACE    68.04    11.85 0.798 -1.0    30.43    55.87    0.137
257 2001-11-24T05:51      Wind Wind    66.66   355.63 0.799 -1.0    31.82    47.78    0.139
257 2001-11-24T05:51 LLAMAICEA  ACE    66.99    12.61 0.798 -1.0    30.17    56.48    0.133
257 2001-11-24T05:51 LLAMAICEA Wind    62.67     0.85 0.805 -1.0    31.45    49.36    0.134
257 2001-11-24T05:51 LLAMAICEC  ACE    71.94    13.30 0.784 -1.0    28.45   132.48    0.113
257 2001-11-24T05:51 LLAMAICEC Wind    76.81   275.23 0.783 -1.0    32.17    57.07    0.097
258 2001-12-13T05:24    DREAMS  ACE    -0.62     0.00 -0.229 -1.0    15.20    33.78    0.234
258 2001-12-13T05:24    DREAMS Wind   -27.39   307.62 0.852  1.0    13.61   149.47    0.112
259 2001-12-28T00:00        RC  ACE    -0.00   180.00 0.853 -1.0    18.38   144.86    0.135
259 2001-12-28T00:00        RC Wind     0.00   180.00 0.791  1.0    17.27   203.95    0.141
260 2001-12-29T05:16    DREAMS Wind    -0.00   180.00 -0.054  1.0    25.47    44.89    0.573
260 2001-12-29T05:16      Jian Wind     0.00   180.00 -0.528 -1.0    23.17 40728.06    0.561
260 2001-12-29T05:16        RC Wind     0.00   180.00 0.012 -1.0    25.12    46.59    0.579
260 2001-12-29T05:16      Wind Wind    46.39    72.13 0.304 -1.0    21.80 3012141139.52    0.372
260 2001-12-29T05:16 LLAMAICEA Wind     0.00   180.00 -0.213 -1.0    19.97 34378.01    0.476
260 2001-12-29T05:16 LLAMAICEB Wind    -0.14   180.07 -0.687  1.0    25.66   604.12    0.533
260 2001-12-29T05:16 LLAMAICEC Wind     0.36   179.87 -0.999 -1.0    55.65     2.93    0.527
260 2001-12-29T05:16 LLAMAICED Wind     0.00   180.00 -0.943 -1.0    28.17   450.24    0.477
261 2001-12-30T20:05      Jian Wind     8.88    33.38 0.998 -1.0    27.44 97004350.13    0.130
261 2001-12-30T20:05      Wind Wind    13.25    64.64 0.824 -1.0    22.65    41.76    0.168
262 2002-02-28T05:06    DREAMS  ACE     5.25   178.35 -0.166  1.0    18.06    80.26    0.095
262 2002-02-28T05:06    DREAMS Wind    11.11   174.73 -0.452  1.0    14.88   216.48    0.228
262 2002-02-28T05:06      Jian  ACE     3.93   187.55 0.951 -1.0    28.26    30.13    0.249
262 2002-02-28T05:06      Jian Wind   -12.33   173.11 0.934  1.0    23.91    33.79    0.329
262 2002-02-28T05:06        RC  ACE    15.07   175.00 -0.305  1.0    16.01   190.32    0.172
262 2002-02-28T05:06        RC Wind     3.52   180.98 0.984 -1.0    23.36    36.04    0.281
262 2002-02-28T05:06      Wind  ACE     5.04   178.63 -0.174  1.0    18.52    71.72    0.089
262 2002-02-28T05:06      Wind Wind   -11.02   185.31 -0.167 -1.0    14.05   178.34    0.231
262 2002-02-28T05:06 LLAMAICEA  ACE     6.20   178.38 -0.201  1.0    18.18    78.82    0.094
262 2002-02-28T05:06 LLAMAICEA Wind    13.79   173.38 -0.495  1.0    15.32   176.78    0.219
263 2002-03-18T13:22      CDAW  ACE    -0.00   180.00 0.794 -1.0    24.92   296.74    0.039
263 2002-03-18T13:22      CDAW Wind    -0.00   180.00 0.791 -1.0    24.70   240.12    0.037
263 2002-03-18T13:22    DREAMS  ACE     0.00   180.00 0.668  1.0    22.52   925.70    0.105
263 2002-03-18T13:22    DREAMS Wind    57.99   302.87 -0.430  1.0    19.36 227031413.31    0.111
263 2002-03-18T13:22      Jian  ACE    28.42   179.15 0.884  1.0    29.66    83.92    0.278
263 2002-03-18T13:22      Jian Wind    28.83   180.02 0.884  1.0    29.98    69.16    0.318
263 2002-03-18T13:22   Lepping  ACE     0.00   180.00 0.786  1.0    24.76   419.29    0.040
263 2002-03-18T13:22   Lepping Wind     0.00   180.00 0.769  1.0    24.14   416.35    0.036
263 2002-03-18T13:22        RC  ACE    -0.00   180.00 0.625 -1.0    22.02  9845.13    0.123
263 2002-03-18T13:22        RC Wind    62.19   275.18 -0.272  1.0    18.00 1398677444.76    0.137
263 2002-03-18T13:22      Wind  ACE    -0.00   180.00 0.639 -1.0    21.84  8308.67    0.110
263 2002-03-18T13:22      Wind Wind    -0.00   180.00 0.683 -1.0    22.68  7235.60    0.142
263 2002-03-18T13:22 LLAMAICEA  ACE    16.66   186.23 0.632  1.0    24.11   121.02    0.089
263 2002-03-18T13:22 LLAMAICEA Wind    65.24   293.13 -0.365  1.0    20.44   227.14    0.100
263 2002-03-18T13:22 LLAMAICEB  ACE     0.00   180.00 0.648  1.0    22.18  1305.22    0.110
263 2002-03-18T13:22 LLAMAICEB Wind    -0.00   180.00 0.679 -1.0    22.60  8421.56    0.143
263 2002-03-18T13:22 LLAMAICEC  ACE    75.66   254.69 -0.302  1.0    20.31   288.87    0.148
263 2002-03-18T13:22 LLAMAICEC Wind    78.98   291.18 -0.331  1.0    21.03   178.62    0.172
263 2002-03-18T13:22 LLAMAICED  ACE    -0.00   180.00 0.605 -1.0    21.84 24858.70    0.192
263 2002-03-18T13:22 LLAMAICED Wind    -0.00   180.00 0.654 -1.0    22.10 69837.07    0.242
264 2002-03-20T13:17    DREAMS  ACE     0.00   180.00 -0.978 -1.0    15.52   188.64    0.073
264 2002-03-20T13:17    DREAMS Wind    -0.02   180.02 -0.982  1.0    14.93   100.83    0.084
264 2002-03-20T13:17      Jian  ACE     0.47   184.48 0.984  1.0    32.45    13.39    0.111
264 2002-03-20T13:17      Jian Wind     0.84   184.95 0.981  1.0    32.39    14.86    0.124
264 2002-03-20T13:17        RC  ACE    12.05    13.27 0.908 -1.0    14.08 882904422.99    0.076
264 2002-03-20T13:17        RC Wind    15.71    14.04 0.858 -1.0    12.98 130248135.70    0.098
264 2002-03-20T13:17 LLAMAICEA  ACE     0.29   179.64 -0.995 -1.0    14.31   125.67    0.049
264 2002-03-20T13:17 LLAMAICEA Wind     5.71   172.95 -0.973 -1.0    13.31    68.45    0.192
264 2002-03-20T13:17 LLAMAICEB  ACE     0.00   180.00 -0.978 -1.0    15.52   188.64    0.073
264 2002-03-20T13:17 LLAMAICEB Wind    -0.02   180.02 -0.982  1.0    14.93   100.83    0.084
264 2002-03-20T13:17 LLAMAICEC  ACE    26.66   169.36 -0.692 -1.0    11.24   141.98    0.119
264 2002-03-20T13:17 LLAMAICEC Wind    54.13    24.18 0.495 -1.0     9.56   183.63    0.199
264 2002-03-20T13:17 LLAMAICED  ACE    38.87    25.32 0.648 -1.0    11.29   553.63    0.128
264 2002-03-20T13:17 LLAMAICED Wind    22.92   169.63 -0.705 -1.0    11.42   209.40    0.134
265 2002-03-22T03:45    DREAMS  ACE     0.89   179.71 0.997  1.0    18.23     6.30    0.118
265 2002-03-22T03:45    DREAMS Wind     2.94   179.33 0.988  1.0    14.92    12.01    0.083
265 2002-03-22T03:45 LLAMAICEA  ACE    72.75    38.13 0.839 -1.0     8.49   135.48    0.165
265 2002-03-22T03:45 LLAMAICEA Wind    77.63   360.00 -0.810  1.0     8.20   114.23    0.146
265 2002-03-22T03:45 LLAMAICEB Wind    71.52    49.20 0.805 -1.0     8.01   122.33    0.169
265 2002-03-22T03:45 LLAMAICEC  ACE   -19.71   183.02 0.910 -1.0    10.56    47.83    0.084
265 2002-03-22T03:45 LLAMAICEC Wind    76.15    18.41 -0.812  1.0     8.96   148.89    0.116
265 2002-03-22T03:45 LLAMAICED  ACE     5.16   179.02 0.977  1.0    14.17    18.00    0.059
265 2002-03-22T03:45 LLAMAICED Wind    78.63    12.84 -0.800  1.0     8.72   150.77    0.133
266 2002-03-23T11:21    DREAMS  ACE    -1.53   174.29 -0.899 -1.0    18.59 225910051.65    0.170
266 2002-03-23T11:21    DREAMS Wind    -0.30   178.18 -0.917 -1.0    18.95 69191055.84    0.191
266 2002-03-23T11:21    DREAMS  ACE     0.00   180.00 0.855  1.0    28.06   174.53    0.088
266 2002-03-23T11:21    DREAMS Wind    11.54    33.17 -0.816  1.0    26.30 1498532252.21    0.089
266 2002-03-23T11:21    DREAMS Wind   -11.21   189.28 -0.993  1.0    29.31   144.76    0.163
266 2002-03-23T11:21      Jian  ACE    13.64   165.86 0.619  1.0    24.13   341.53    0.069
266 2002-03-23T11:21      Jian Wind    13.47   164.85 0.643  1.0    24.26   297.88    0.066
266 2002-03-23T11:21   Lepping  ACE    34.41   106.62 -0.123  1.0    18.29  1016.96    0.080
266 2002-03-23T11:21   Lepping Wind    30.23   114.57 0.005  1.0    18.20   677.66    0.082
266 2002-03-23T11:21   Lepping  ACE    34.41   106.62 -0.123  1.0    18.29  1016.96    0.080
266 2002-03-23T11:21   Lepping Wind    30.23   114.57 0.005  1.0    18.20   677.66    0.082
266 2002-03-23T11:21   Lepping  ACE    34.41   106.62 -0.123  1.0    18.29  1016.96    0.080
266 2002-03-23T11:21   Lepping Wind    30.23   114.57 0.005  1.0    18.20   677.66    0.082
266 2002-03-23T11:21        RC  ACE     9.31   169.54 0.696  1.0    25.45   300.56    0.069
266 2002-03-23T11:21        RC Wind    10.03   167.90 0.701  1.0    25.16   289.65    0.068
266 2002-03-23T11:21        RC  ACE     9.31   169.54 0.696  1.0    25.45   300.56    0.069
266 2002-03-23T11:21        RC Wind    10.03   167.90 0.701  1.0    25.16   289.65    0.068
266 2002-03-23T11:21        RC  ACE     9.31   169.54 0.696  1.0    25.45   300.56    0.069
266 2002-03-23T11:21        RC Wind    10.03   167.90 0.701  1.0    25.16   289.65    0.068
266 2002-03-23T11:21      Wind  ACE    14.31   166.98 0.623  1.0    24.25   306.30    0.073
266 2002-03-23T11:21      Wind Wind    15.65   164.38 0.619  1.0    24.09   274.61    0.070
266 2002-03-23T11:21      Wind  ACE    14.31   166.98 0.623  1.0    24.25   306.30    0.073
266 2002-03-23T11:21      Wind Wind    15.65   164.38 0.619  1.0    24.09   274.61    0.070
266 2002-03-23T11:21      Wind  ACE    14.31   166.98 0.623  1.0    24.25   306.30    0.073
266 2002-03-23T11:21      Wind Wind    15.65   164.38 0.619  1.0    24.09   274.61    0.070
266 2002-03-23T11:21 LLAMAICEA  ACE    18.19   122.80 0.152  1.0    18.54   390.62    0.113
266 2002-03-23T11:21 LLAMAICEA Wind    17.94   115.87 0.098  1.0    18.05   426.39    0.127
266 2002-03-23T11:21 LLAMAICEC  ACE    20.05    90.82 -0.257  1.0    18.09   646.26    0.136
266 2002-03-23T11:21 LLAMAICEC Wind    18.60    79.71 -0.362  1.0    18.40   663.16    0.140
267 2002-04-12T01:39    DREAMS  ACE   -12.39   283.77 -0.693  1.0    13.28   262.07    0.287
267 2002-04-12T01:39    DREAMS Wind    -9.06   281.52 -0.667  1.0    13.18   268.70    0.312
267 2002-04-12T01:39        RC  ACE    -5.20   283.96 -0.693  1.0    13.35   276.38    0.277
267 2002-04-12T01:39        RC Wind    -1.61   281.94 -0.652  1.0    12.98   314.74    0.307
268 2002-04-14T12:56    DREAMS  ACE    50.63   241.22 -0.874 -1.0    17.34   118.86    0.188
268 2002-04-14T12:56    DREAMS Wind    40.68   223.55 -0.900 -1.0    18.04   141.47    0.183
268 2002-04-14T12:56      Jian  ACE   -32.58   360.00 0.864  1.0    17.24    76.98    0.322
268 2002-04-14T12:56      Jian Wind    17.22   275.11 0.769  1.0    14.60   156.15    0.235
268 2002-04-14T12:56      Wind  ACE   -18.81    15.38 0.915  1.0    18.47    51.01    0.203
268 2002-04-14T12:56      Wind Wind    40.41   221.06 -0.922 -1.0    18.25   171.37    0.198
268 2002-04-14T12:56 LLAMAICEA  ACE    50.63   241.22 -0.874 -1.0    17.34   118.86    0.188
268 2002-04-14T12:56 LLAMAICEA Wind    40.68   223.55 -0.900 -1.0    18.04   141.47    0.183
268 2002-04-14T12:56 LLAMAICEB  ACE    64.70   249.33 -0.812 -1.0    16.28   123.09    0.163
268 2002-04-14T12:56 LLAMAICEB Wind   -12.02    10.04  0.937  1.0    17.60    55.00    0.207
269 2002-04-15T07:17    DREAMS  ACE    51.75    36.26 -1.000 -1.0    15.05 2754390130.45    0.263
269 2002-04-15T07:17    DREAMS Wind    -4.81     0.49 0.450 -1.0    14.53    40.07    0.319
269 2002-04-15T07:17 LLAMAICEA  ACE    51.75    36.26 -1.000 -1.0    15.05 2754390130.45    0.263
269 2002-04-15T07:17 LLAMAICEA Wind    -4.81     0.49 0.450 -1.0    14.53    40.07    0.319
269 2002-04-15T07:17 LLAMAICEC  ACE     0.72   358.32 0.072  1.0    15.72    28.18    0.290
269 2002-04-15T07:17 LLAMAICEC Wind     0.44     0.77 0.997  1.0    25.26     5.01    0.584
270 2002-04-17T11:01      CDAW  ACE   -12.19   150.06 0.850  1.0    23.41    71.14    0.135
270 2002-04-17T11:01      CDAW Wind   -13.39   147.95 0.837  1.0    22.72    79.29    0.139
270 2002-04-17T11:01    DREAMS  ACE    -5.64   164.80 0.886  1.0    23.29   181.80    0.058
270 2002-04-17T11:01    DREAMS Wind    -6.77   159.65 0.851  1.0    21.90   274.94    0.052
270 2002-04-17T11:01      Jian  ACE   -33.28   128.91 0.774  1.0    24.98   163.18    0.206
270 2002-04-17T11:01      Jian Wind   -30.95   119.56 0.761  1.0    24.28   191.38    0.236
270 2002-04-17T11:01   Lepping  ACE   -12.19   150.06 0.850  1.0    23.41    71.14    0.135
270 2002-04-17T11:01   Lepping Wind   -13.39   147.95 0.837  1.0    22.72    79.29    0.139
270 2002-04-17T11:01        RC  ACE    -0.83   359.26 0.996 -1.0    48.60    11.23    0.260
270 2002-04-17T11:01        RC Wind     0.79     0.59 0.997  1.0    48.28    10.93    0.199
270 2002-04-17T11:01      Wind  ACE   -13.69   155.49 0.880  1.0    24.81    66.49    0.090
270 2002-04-17T11:01      Wind Wind    -2.63     1.93 0.989 -1.0    41.24     9.60    0.611
270 2002-04-17T11:01 LLAMAICEA  ACE   -12.32   148.53 0.844  1.0    22.86    95.95    0.029
270 2002-04-17T11:01 LLAMAICEA Wind   -14.39   139.46 0.811  1.0    21.66   104.99    0.130
270 2002-04-17T11:01 LLAMAICEC  ACE    -5.19     2.66 0.978 -1.0    38.16    16.63    0.309
270 2002-04-17T11:01 LLAMAICEC Wind   -21.62   143.37 0.841  1.0    23.63    74.35    0.245
270 2002-04-17T11:01 LLAMAICED  ACE     0.49     0.61 0.998  1.0    49.16     6.11    0.270
270 2002-04-17T11:01 LLAMAICED Wind    -1.00   359.44 -0.996  1.0    45.05     7.47    0.293
271 2002-04-19T08:24    DREAMS  ACE   -28.82   267.56 -0.796 -1.0    13.97    46.89    0.247
271 2002-04-19T08:24    DREAMS Wind    -3.79   356.70 0.981 -1.0    21.66    11.10    0.291
271 2002-04-19T08:24      Jian  ACE   -53.72   268.81 -0.794 -1.0    17.01    69.90    0.156
271 2002-04-19T08:24      Jian Wind   -42.54   263.03 -0.773 -1.0    15.12   113.01    0.166
271 2002-04-19T08:24   Lepping  ACE   -38.97   268.37 0.794  1.0    14.38    43.30    0.468
271 2002-04-19T08:24   Lepping Wind    -2.70   358.46 0.989 -1.0    25.05     7.85    0.376
271 2002-04-19T08:24        RC  ACE   -56.05   268.73 -0.793 -1.0    17.35    75.20    0.173
271 2002-04-19T08:24        RC Wind   -41.11   263.51 -0.774 -1.0    15.27   117.24    0.183
271 2002-04-19T08:24      Wind  ACE   -37.15   269.06 -0.790 -1.0    15.04    50.29    0.250
271 2002-04-19T08:24      Wind Wind    -8.59   352.95 0.956 -1.0    19.93    23.11    0.288
271 2002-04-19T08:24 LLAMAICEA  ACE   -25.26   268.62 -0.794 -1.0    14.22    42.00    0.240
271 2002-04-19T08:24 LLAMAICEA Wind    -3.50   356.91 0.982 -1.0    21.92    11.22    0.292
271 2002-04-19T08:24 LLAMAICEB  ACE   -23.07   269.14 -0.788 -1.0    14.55    42.18    0.243
271 2002-04-19T08:24 LLAMAICEB Wind    -2.65   357.69 0.987 -1.0    23.03    10.96    0.320
271 2002-04-19T08:24 LLAMAICEC  ACE   -56.36   268.67 -0.794 -1.0    17.44    73.13    0.174
271 2002-04-19T08:24 LLAMAICEC Wind   -45.31   263.14 -0.774 -1.0    15.45   112.50    0.181
271 2002-04-19T08:24 LLAMAICED  ACE   -53.84   269.46 -0.794 -1.0    17.71    68.80    0.161
271 2002-04-19T08:24 LLAMAICED Wind   -38.30   264.22 -0.776 -1.0    15.12   120.99    0.176
272 2002-04-23T05:00      Jian  ACE    -0.15     1.00 0.997  1.0    34.60     6.70    0.189
272 2002-04-23T05:00      Jian Wind     1.61   356.54 0.983 -1.0    25.34    22.52    0.146
272 2002-04-23T05:00      Wind  ACE    -8.65   216.06 0.996  1.0    13.56  3663.52    0.174
272 2002-04-23T05:00      Wind Wind    -0.25   358.88 -0.964  1.0    15.17    31.96    0.220
273 2002-05-10T11:09      Jian  ACE    -4.61   118.47 0.729 -1.0    13.00   176.48    0.288
273 2002-05-10T11:09      Jian Wind   -12.30    86.97 0.764 -1.0    13.26   118.33    0.400
273 2002-05-10T11:09      Wind  ACE    -0.00   180.00 -1.000 -1.0    15.76    29.76    0.136
273 2002-05-10T11:09      Wind Wind    -6.74   173.71 -0.956 -1.0    15.39    16.51    0.113
274 2002-05-11T10:36      CDAW  ACE   -46.15   349.11 -0.666  1.0    27.87 232761756.10    0.093
274 2002-05-11T10:36      CDAW Wind    -0.00   180.00 -0.961 -1.0    32.91    13.84    0.172
274 2002-05-11T10:36      Jian  ACE   -23.75   360.00 -0.750  1.0    24.27   113.16    0.311
274 2002-05-11T10:36      Jian Wind   -60.81    46.95 -0.300  1.0    20.05   191.16    0.370
274 2002-05-11T10:36        RC  ACE   -10.08    14.30 -0.832  1.0    23.24    78.14    0.216
274 2002-05-11T10:36        RC Wind   -19.47    21.78 -0.662  1.0    22.90    47.44    0.186
274 2002-05-11T10:36      Wind  ACE   -47.47    46.61 -0.415  1.0    21.55   210.61    0.214
274 2002-05-11T10:36      Wind Wind   -41.42   360.00 -0.670  1.0    27.27    80.22    0.256
274 2002-05-11T10:36 LLAMAICEA  ACE   -27.35    29.68 -0.625  1.0    21.83   162.43    0.234
274 2002-05-11T10:36 LLAMAICEA Wind   -52.42    51.28 -0.271  1.0    19.95   128.30    0.263
275 2002-05-18T19:45      CDAW  ACE    27.84   283.65 -0.821 -1.0    18.93   125.70    0.052
275 2002-05-18T19:45      CDAW Wind     8.96    50.01 0.852  1.0    21.31   112.93    0.049
275 2002-05-18T19:45    DREAMS  ACE     0.00   359.14 0.362 -1.0    34.19    10.74    0.107
275 2002-05-18T19:45    DREAMS Wind     9.04    45.61 0.844  1.0    20.21   135.19    0.063
275 2002-05-18T19:45      Jian  ACE     1.27   354.01 0.202 -1.0    25.06    24.71    0.058
275 2002-05-18T19:45      Jian Wind     5.39    46.51 0.840  1.0    20.63   119.50    0.065
275 2002-05-18T19:45   Lepping  ACE    27.67   281.36 -0.832 -1.0    18.75   140.34    0.054
275 2002-05-18T19:45   Lepping Wind     9.00    49.88 0.850  1.0    21.11   113.63    0.050
275 2002-05-18T19:45      Wind  ACE     0.17   357.72 0.294 -1.0    29.73    15.06    0.079
275 2002-05-18T19:45      Wind Wind    22.73   285.96 -0.825 -1.0    19.77   150.63    0.067
275 2002-05-18T19:45 LLAMAICEA  ACE    27.77   288.21 -0.798 -1.0    19.78   108.86    0.055
275 2002-05-18T19:45 LLAMAICEA Wind    21.99   284.89 -0.838 -1.0    21.47   151.55    0.065
275 2002-05-18T19:45 LLAMAICEB  ACE     0.17   357.74 0.303 -1.0    30.18    14.88    0.081
275 2002-05-18T19:45 LLAMAICEB Wind     8.51    46.01 0.843  1.0    20.40   116.51    0.057
275 2002-05-18T19:45 LLAMAICEC  ACE    -2.68    33.06 0.843  1.0    23.90    60.68    0.089
275 2002-05-18T19:45 LLAMAICEC Wind    -8.15    42.93 0.835  1.0    22.98   130.47    0.103
275 2002-05-18T19:45 LLAMAICED  ACE     2.30   353.33 0.400 -1.0    26.05    28.77    0.089
275 2002-05-18T19:45 LLAMAICED Wind    22.68    18.64 -0.866 -1.0    22.77    88.27    0.126
276 2002-05-20T03:35      CDAW  ACE    -0.08     0.70 0.998  1.0    20.57    14.67    0.175
276 2002-05-20T03:35      CDAW Wind    -5.56   232.67 0.945  1.0    17.21   239.43    0.164
276 2002-05-20T03:35    DREAMS  ACE     1.12   291.07 -0.788 -1.0    10.43   103.12    0.151
276 2002-05-20T03:35    DREAMS Wind    -7.47    66.77 0.790  1.0    10.79   113.08    0.160
276 2002-05-20T03:35      Jian  ACE   -33.39   277.34 0.775  1.0    12.74   144.51    0.202
276 2002-05-20T03:35      Jian Wind   -67.25     0.01 0.786  1.0    13.28   155.92    0.197
276 2002-05-20T03:35        RC  ACE   -31.24    45.38 0.814  1.0    12.38   122.86    0.175
276 2002-05-20T03:35        RC Wind   -41.58    47.12 0.798  1.0    12.54   138.88    0.177
276 2002-05-20T03:35      Wind  ACE     4.22    53.49 0.812  1.0    10.80    95.58    0.163
276 2002-05-20T03:35      Wind Wind    -9.33    65.19 0.791  1.0    10.93   117.76    0.144
276 2002-05-20T03:35 LLAMAICEA  ACE     1.12   291.07 -0.788 -1.0    10.43   103.12    0.151
276 2002-05-20T03:35 LLAMAICEA Wind    -7.47    66.77 0.790  1.0    10.79   113.08    0.160
276 2002-05-20T03:35 LLAMAICEC  ACE   -57.88    35.58 0.792  1.0    12.05   130.96    0.200
276 2002-05-20T03:35 LLAMAICEC Wind   -51.53    44.09 0.791  1.0    12.41   140.47    0.170
277 2002-05-23T10:44    DREAMS  ACE    11.73   276.45 -0.797 -1.0    22.71    50.46    0.307
277 2002-05-23T10:44    DREAMS Wind    10.15   275.55 -0.794 -1.0    22.75    51.21    0.142
277 2002-05-23T10:44      Jian  ACE    17.73   271.25 -0.797 -1.0    28.20    72.60    0.142
277 2002-05-23T10:44      Jian Wind    12.49   270.29 -0.793 -1.0    26.63    87.50    0.184
277 2002-05-23T10:44   Lepping  ACE     0.58   282.06 -0.786 -1.0    18.95    59.50    0.212
277 2002-05-23T10:44   Lepping Wind     3.91   282.65 -0.786 -1.0    19.27    54.80    0.228
277 2002-05-23T10:44        RC  ACE    26.49   275.22 0.796  1.0    23.05    53.12    0.120
277 2002-05-23T10:44        RC Wind     8.72   275.18 -0.800 -1.0    22.98    54.21    0.146
277 2002-05-23T10:44      Wind  ACE    10.85   299.34 -0.818 -1.0    23.42    45.12    0.318
277 2002-05-23T10:44      Wind Wind     9.40   301.91 -0.820 -1.0    23.41    44.47    0.199
277 2002-05-23T10:44 LLAMAICEA  ACE    12.99   280.92 -0.799 -1.0    22.81    48.00    0.302
277 2002-05-23T10:44 LLAMAICEA Wind    11.67   279.55 -0.796 -1.0    22.64    48.21    0.180
277 2002-05-23T10:44 LLAMAICEC  ACE    27.43   281.98 0.799  1.0    22.74    48.00    0.326
277 2002-05-23T10:44 LLAMAICEC Wind    12.12   279.98 -0.796 -1.0    22.58    48.02    0.297
278 2002-05-30T02:15      CDAW  ACE    -2.20   250.02 0.792  1.0    11.44    67.59    0.231
278 2002-05-30T02:15      CDAW Wind    -4.32   249.79 0.793  1.0    11.68    62.63    0.267
279 2002-06-27T16:57    DREAMS  ACE    27.73   312.40 0.943 -1.0     7.65   168.83    0.146
279 2002-06-27T16:57    DREAMS Wind   -27.23   129.78 -0.930  1.0     8.07   133.21    0.157
280 2002-07-17T15:56      CDAW  ACE     0.00   360.00 0.805 -1.0    10.10   527.84    0.282
280 2002-07-17T15:56      CDAW Wind     0.01   360.00 0.788 -1.0    15.72  1207.15    0.177
280 2002-07-17T15:56      Jian  ACE     0.22   359.47 0.998 -1.0    34.30     6.53    0.119
280 2002-07-17T15:56      Jian Wind     0.00   360.00 0.818 -1.0    17.33    59.16    0.168
280 2002-07-17T15:56        RC  ACE    -0.00   360.00 0.788  1.0     9.90   526.80    0.311
280 2002-07-17T15:56        RC Wind     0.00   360.00 0.786 -1.0    15.62  2088.52    0.183
280 2002-07-17T15:56      Wind  ACE    -1.25     0.05 0.986  1.0    11.39   134.71    0.150
280 2002-07-17T15:56      Wind Wind    41.25   190.09 -0.843 -1.0    16.75   231.65    0.188
280 2002-07-17T15:56 LLAMAICEA  ACE     0.00   360.00 0.805 -1.0    10.10   527.84    0.282
280 2002-07-17T15:56 LLAMAICEA Wind     0.01   360.00 0.788 -1.0    15.72  1207.15    0.177
280 2002-07-17T15:56 LLAMAICEB  ACE    -6.12     0.09 0.954  1.0    12.29   118.89    0.180
280 2002-07-17T15:56 LLAMAICEB Wind   -30.41   360.00 0.969  1.0    18.41   635.40    0.205
281 2002-07-19T14:50      Jian Wind    58.26   274.02 0.852  1.0    26.12   318.82    0.267
281 2002-07-19T14:50        RC  ACE   -29.17   201.86 -0.873  1.0    15.68    44.12    0.144
281 2002-07-19T14:50        RC Wind    10.50   357.82 -0.961  1.0    53.19   142.51    0.231
282 2002-07-25T13:00      Jian  ACE   -29.43    84.41 0.774 -1.0    14.79   119.96    0.198
282 2002-07-25T13:00      Jian Wind   -28.48    83.12 0.771 -1.0    14.72   132.97    0.206
283 2002-07-29T12:42      Jian  ACE     4.97   170.13 0.954  1.0    24.57    23.98    0.160
283 2002-07-29T12:42      Jian Wind     8.82    39.11 0.851 -1.0    17.10    93.03    0.167
284 2002-07-31T11:37    DREAMS  ACE     0.00   180.00 -0.703 -1.0    13.78    67.75    0.098
284 2002-07-31T11:37    DREAMS Wind     0.00   180.00 -0.737 -1.0    13.26   171.81    0.090
284 2002-07-31T11:37        RC  ACE    -0.00   180.00 -0.934  1.0    18.79    27.34    0.210
284 2002-07-31T11:37        RC Wind     0.00   180.00 -0.942 -1.0    18.40    37.59    0.189
285 2002-08-01T05:12      CDAW  ACE     5.27    24.59 -0.571  1.0    18.51    63.44    0.115
285 2002-08-01T05:12      CDAW Wind     8.12    73.62 0.108  1.0    15.66   162.81    0.102
285 2002-08-01T05:12    DREAMS  ACE    -0.00     0.00 0.817 -1.0    21.02  4546.62    0.347
285 2002-08-01T05:12    DREAMS Wind    -0.00     0.00 0.909 -1.0    22.96   281.02    0.421
285 2002-08-01T05:12      Jian  ACE    -9.64    41.04 -0.576  1.0    18.56   281.86    0.378
285 2002-08-01T05:12      Jian Wind    -6.24   154.11 0.697  1.0    19.81 719469280.24    0.432
285 2002-08-01T05:12   Lepping  ACE     4.19    21.16 -0.620  1.0    19.02    61.33    0.134
285 2002-08-01T05:12   Lepping Wind     9.38    73.27 0.109  1.0    15.57   163.43    0.102
285 2002-08-01T05:12        RC  ACE    -3.38    44.84 -0.316  1.0    15.85   510.73    0.223
285 2002-08-01T05:12        RC Wind    -5.77    53.49 -0.211  1.0    15.35 47863055.49    0.242
285 2002-08-01T05:12      Wind  ACE     2.62    12.26 -0.754  1.0    20.68    47.14    0.191
285 2002-08-01T05:12      Wind Wind    14.32    75.64 0.152  1.0    15.51   157.51    0.105
285 2002-08-01T05:12 LLAMAICEA  ACE     2.97     9.72 -0.831  1.0    21.85    31.40    0.178
285 2002-08-01T05:12 LLAMAICEA Wind     7.06    22.28 -0.581  1.0    18.75    56.16    0.078
285 2002-08-01T05:12 LLAMAICEC  ACE    -3.16    44.83 -0.316  1.0    15.83   551.75    0.233
285 2002-08-01T05:12 LLAMAICEC Wind    -5.44    53.15 -0.214  1.0    15.34 14874.06    0.241
286 2002-08-01T23:09    DREAMS  ACE   -20.11    30.40 0.453 -1.0    17.02    86.10    0.170
286 2002-08-01T23:09    DREAMS Wind    -3.65    11.61 0.940 -1.0    24.26    34.71    0.213
286 2002-08-01T23:09      Jian  ACE   -23.03   118.32 -0.795 -1.0    19.24   140.04    0.128
286 2002-08-01T23:09      Jian Wind    -3.49    14.30 0.930 -1.0    24.05    38.48    0.224
286 2002-08-01T23:09   Lepping  ACE    -7.22    18.60 0.676 -1.0    20.39    47.83    0.136
286 2002-08-01T23:09   Lepping Wind   -13.81   117.56 -0.775 -1.0    20.16   107.89    0.110
286 2002-08-01T23:09        RC  ACE    -0.61     3.18 0.987 -1.0    32.85    19.39    0.401
286 2002-08-01T23:09        RC Wind    -0.44     3.68 0.985 -1.0    32.53    20.17    0.392
286 2002-08-01T23:09      Wind  ACE    -7.38    19.23 0.666 -1.0    20.31    48.90    0.135
286 2002-08-01T23:09      Wind Wind   -14.14   116.35 -0.764 -1.0    20.04   107.49    0.109
286 2002-08-01T23:09 LLAMAICEA  ACE   -14.12   134.70 0.840  1.0    19.32   205.35    0.205
286 2002-08-01T23:09 LLAMAICEA Wind    -7.25    21.40 -0.892  1.0    21.29   116.45    0.200
287 2002-08-18T18:46    DREAMS  ACE   -63.74    26.48 0.781 -1.0    13.73   197.21    0.400
287 2002-08-18T18:46    DREAMS Wind   -63.09    31.81 0.778 -1.0    13.62   194.86    0.408
287 2002-08-18T18:46      Jian  ACE   -62.53   178.82 0.797  1.0    16.19   195.68    0.371
287 2002-08-18T18:46      Jian Wind   -77.92   177.01 0.778  1.0    15.46   235.00    0.418
287 2002-08-18T18:46        RC  ACE   -62.57    37.41 0.737 -1.0    13.32   249.21    0.283
287 2002-08-18T18:46        RC Wind   -60.35    40.99 0.714 -1.0    13.05   248.47    0.264
287 2002-08-18T18:46      Wind  ACE   -62.09    16.24 0.761 -1.0    13.32   213.69    0.289
287 2002-08-18T18:46      Wind Wind   -60.63    19.66 0.745 -1.0    13.10   217.55    0.281
287 2002-08-18T18:46 LLAMAICEA  ACE   -63.67    26.42 0.781 -1.0    13.71   195.33    0.400
287 2002-08-18T18:46 LLAMAICEA Wind   -63.08    31.58 0.778 -1.0    13.61   193.03    0.409
287 2002-08-18T18:46 LLAMAICEC  ACE   -61.63    43.64 0.774 -1.0    13.80   224.58    0.374
287 2002-08-18T18:46 LLAMAICEC Wind   -58.97    47.85 0.773 -1.0    13.72   218.28    0.361
288 2002-08-26T11:16      Jian  ACE   -40.64    62.01 0.928 -1.0    21.60   193.29    0.149
288 2002-08-26T11:16      Jian Wind   -44.59    50.86 -0.904  1.0    21.34   182.89    0.187
288 2002-08-26T11:16      Wind  ACE    -0.64   179.31 0.917  1.0    33.38    11.67    0.256
288 2002-08-26T11:16      Wind Wind     0.91   181.13 0.890 -1.0    27.82    21.42    0.200
289 2002-08-29T21:00        RC  ACE   -19.47    92.56 0.311 -1.0    10.06   109.79    0.205
289 2002-08-29T21:00        RC Wind    47.72   187.96 0.987  1.0   126.19   138.49    0.108
290 2002-09-03T02:48   Lepping  ACE     0.05     0.03 -0.812  1.0    19.84   779.31    0.132
290 2002-09-03T02:48   Lepping Wind    17.50    11.71 -0.634  1.0    16.93 514809625.99    0.126
290 2002-09-03T02:48      Wind  ACE    68.96   312.96 0.108  1.0    17.49 6345488976.11    0.159
290 2002-09-03T02:48      Wind Wind    78.22   306.71 0.216  1.0    17.28 36514649559.42    0.152
290 2002-09-03T02:48 LLAMAICEA  ACE    36.47   162.80 0.759  1.0    20.28 2530570763.91    0.113
290 2002-09-03T02:48 LLAMAICEA Wind    10.16     4.89 -0.761  1.0    20.00   247.75    0.115
290 2002-09-03T02:48 LLAMAICEB  ACE    70.56   333.09 0.066  1.0    16.88 6621885463.86    0.167
290 2002-09-03T02:48 LLAMAICEB Wind    -0.00   360.00 -0.718 -1.0    22.61   120.78    0.204
291 2002-09-07T16:21    DREAMS  ACE   -42.72     3.66 -0.962 -1.0    19.46   366.16    0.131
291 2002-09-07T16:21    DREAMS Wind    54.47   186.75 -0.985 -1.0    19.65   534.94    0.179
291 2002-09-07T16:21      Jian  ACE    -1.88   355.70 0.981 -1.0    47.17    13.60    0.164
291 2002-09-07T16:21      Jian Wind    -1.95   357.08 0.987 -1.0    53.24    10.50    0.214
291 2002-09-07T16:21        RC  ACE     0.01     0.01 0.885  1.0    29.34   186.46    0.185
291 2002-09-07T16:21        RC Wind    -0.01   359.99 0.833 -1.0    28.71   242.81    0.212
291 2002-09-07T16:21        RC  ACE    54.98   186.00 -0.992 -1.0    19.81   870.31    0.138
291 2002-09-07T16:21        RC Wind    53.98   189.60 -0.990 -1.0    19.66   763.96    0.121
291 2002-09-07T16:21 LLAMAICEA  ACE    60.15   195.47 -0.962 -1.0    19.17   227.56    0.140
291 2002-09-07T16:21 LLAMAICEA Wind    60.58   194.82 -0.948 -1.0    18.90   180.35    0.150
291 2002-09-07T16:21 LLAMAICEB  ACE   -26.11   360.00 0.960  1.0    19.09   132.09    0.183
291 2002-09-07T16:21 LLAMAICEB Wind    -2.64     0.49 0.989  1.0    24.06    13.64    0.259
291 2002-09-07T16:21 LLAMAICEC  ACE     4.87   354.45 0.422 -1.0    24.53    28.60    0.098
291 2002-09-07T16:21 LLAMAICEC Wind     4.08   354.94 0.450 -1.0    24.88    29.36    0.094
291 2002-09-07T16:21 LLAMAICED  ACE    -3.10     5.00 0.654  1.0    26.46    26.50    0.102
291 2002-09-07T16:21 LLAMAICED Wind     2.60   356.39 0.499 -1.0    26.98    24.06    0.095
292 2002-09-08T19:44    DREAMS  ACE     4.32   271.84 0.765  1.0    15.68   208.98    0.156
292 2002-09-08T19:44    DREAMS Wind     4.04   273.14 0.769  1.0    15.98   183.72    0.171
292 2002-09-08T19:44      Jian  ACE     6.66   272.26 0.766  1.0    15.77   196.86    0.155
292 2002-09-08T19:44      Jian Wind     6.95   272.64 0.768  1.0    15.88   182.31    0.166
292 2002-09-08T19:44        RC  ACE     5.72   272.78 0.765  1.0    15.77   199.16    0.158
292 2002-09-08T19:44        RC Wind     5.70   273.68 0.768  1.0    15.92   181.50    0.170
292 2002-09-08T19:44 LLAMAICEA  ACE     4.32   271.84 0.765  1.0    15.68   208.98    0.156
292 2002-09-08T19:44 LLAMAICEA Wind     4.04   273.14 0.769  1.0    15.98   183.72    0.171
293 2002-09-19T06:13    DREAMS  ACE     4.53   127.92 0.826  1.0    10.15    35.61    0.279
293 2002-09-19T06:13    DREAMS Wind     7.03   116.65 0.805  1.0     9.83    40.39    0.259
293 2002-09-19T06:13      Jian  ACE    18.70    90.35 -0.788 -1.0    10.76    76.04    0.341
293 2002-09-19T06:13      Jian Wind    37.08   105.74 0.792  1.0    10.76    79.30    0.361
293 2002-09-19T06:13        RC  ACE     5.99   114.31 0.803  1.0     9.96    40.54    0.289
293 2002-09-19T06:13        RC Wind     9.16   135.93 0.844  1.0    10.88    31.23    0.331
293 2002-09-19T06:13 LLAMAICEA  ACE     4.90   141.50 0.859  1.0    10.86    29.75    0.323
293 2002-09-19T06:13 LLAMAICEA Wind     7.11   114.67 0.803  1.0     9.79    41.13    0.264
293 2002-09-19T06:13 LLAMAICEC  ACE     9.62    33.81 0.876 -1.0    12.44    25.89    0.382
293 2002-09-19T06:13 LLAMAICEC Wind    10.44   128.17 0.831  1.0    11.41    33.74    0.250
294 2002-09-26T15:18    DREAMS Wind    -6.38     7.50- 0.971  1.0    14.53   231.31    0.163
295 2002-09-30T19:11    DREAMS  ACE    -0.66   285.27 0.111  1.0    24.92 72226.19    0.123
295 2002-09-30T19:11    DREAMS Wind     0.90   288.23 0.124  1.0    25.64 16662.66    0.125
295 2002-09-30T19:11      Jian  ACE    13.89   303.89 -0.080  1.0    26.53 3127206268.00    0.088
295 2002-09-30T19:11      Jian Wind    16.72   298.04 0.027  1.0    26.91 2054739652.13    0.101
295 2002-09-30T19:11   Lepping  ACE    14.86   325.74 -0.302  1.0    27.89 2547313273.28    0.084
295 2002-09-30T19:11   Lepping Wind    27.58   279.55 0.246  1.0    27.74 3948810860.16    0.096
295 2002-09-30T19:11        RC  ACE    23.97   301.67 -0.012  1.0    26.32 46068.36    0.151
295 2002-09-30T19:11        RC Wind    23.94   301.22 0.019  1.0    26.54 131976.75    0.167
295 2002-09-30T19:11      Wind  ACE    -3.98   281.70 0.150  1.0    24.60 3480117696.37    0.140
295 2002-09-30T19:11      Wind Wind    -2.58   288.66 0.115  1.0    24.99 22976.15    0.143
295 2002-09-30T19:11 LLAMAICEA  ACE    11.80   301.39 -0.060  1.0    26.35 2757261590.51    0.087
295 2002-09-30T19:11 LLAMAICEA Wind    14.41   295.72 0.048  1.0    26.83 3374768615.60    0.101
295 2002-09-30T19:11 LLAMAICEB  ACE    -3.98   281.70 0.150  1.0    24.60 3480117696.37    0.140
295 2002-09-30T19:11 LLAMAICEB Wind    -2.58   288.66 0.115  1.0    24.99 22976.15    0.143
296 2002-10-02T22:39    DREAMS  ACE   -27.81   235.75 0.585  1.0    18.33   139.07    0.127
296 2002-10-02T22:39    DREAMS Wind   -22.57   219.75 0.791  1.0    20.52   103.76    0.196
296 2002-10-02T22:39      Jian  ACE   -18.45   231.08 0.788  1.0    19.93   131.75    0.242
296 2002-10-02T22:39      Jian Wind   -18.88   225.34 0.810  1.0    20.25   116.97    0.263
296 2002-10-02T22:39        RC  ACE   -23.77   255.23 0.405  1.0    16.99   169.80    0.144
296 2002-10-02T22:39        RC Wind   -21.72   231.06 0.755  1.0    19.71   133.36    0.220
296 2002-10-02T22:39 LLAMAICEA  ACE   -20.42   257.77 0.365  1.0    16.98   164.12    0.142
296 2002-10-02T22:39 LLAMAICEA Wind   -19.98   235.15 0.736  1.0    19.76   129.77    0.218
297 2002-11-08T08:38    DREAMS  ACE    -9.69    25.89 0.882  1.0     9.06    82.05    0.159
297 2002-11-08T08:38    DREAMS Wind    25.89   260.73 -0.788 -1.0     8.12   173.26    0.209
298 2002-11-16T23:16    DREAMS  ACE    -0.19   177.87 0.993  1.0    32.29    10.78    0.556
298 2002-11-16T23:16    DREAMS Wind     0.14   177.67 0.992  1.0    31.70    11.16    0.547
298 2002-11-16T23:16      Jian  ACE     0.30   177.20 0.990  1.0    31.32    11.90    0.552
298 2002-11-16T23:16      Jian Wind     0.46   176.62 0.988  1.0    30.21    13.57    0.560
298 2002-11-16T23:16        RC  ACE   -21.30    33.38 0.912 -1.0    18.83   288.75    0.139
298 2002-11-16T23:16        RC Wind     0.09   179.34 0.998  1.0    36.22     7.35    0.430
298 2002-11-16T23:16      Wind  ACE   -21.81    16.40 0.985 -1.0    18.04   474.44    0.157
298 2002-11-16T23:16      Wind Wind   -20.57    18.52 0.982 -1.0    17.81   447.11    0.161
298 2002-11-16T23:16 LLAMAICEA  ACE   -21.81    16.40 0.985 -1.0    18.04   474.44    0.157
298 2002-11-16T23:16 LLAMAICEA Wind   -20.57    18.52 0.982 -1.0    17.81   447.11    0.161
298 2002-11-16T23:16 LLAMAICEB  ACE   -18.44    18.79 -0.904  1.0    18.63 4498839083.20    0.084
298 2002-11-16T23:16 LLAMAICEB Wind    -0.00   180.00 0.912  1.0    18.51  1485.74    0.102
298 2002-11-16T23:16 LLAMAICEC  ACE    -0.41   177.63 -0.992 -1.0    31.77    11.45    0.536
298 2002-11-16T23:16 LLAMAICEC Wind     0.12   177.52 0.991  1.0    31.43    11.43    0.572
298 2002-11-16T23:16 LLAMAICED  ACE   -20.66    33.90 0.907 -1.0    18.83   281.74    0.146
298 2002-11-16T23:16 LLAMAICED Wind   -22.14    31.95 -0.906  1.0    18.63   262.72    0.163
299 2002-11-26T21:10      Jian  ACE     1.51   352.09 0.962 -1.0    29.47    27.43    0.110
299 2002-11-26T21:10      Jian Wind    24.25   235.57 -0.773 -1.0    27.43   135.28    0.244
300 2002-12-17T20:36    DREAMS  ACE    56.37     8.71 -0.905  1.0    20.14   160.85    0.170
300 2002-12-17T20:36    DREAMS Wind    57.65    11.43 -0.893  1.0    19.28   151.85    0.171
300 2002-12-17T20:36        RC  ACE    -0.00   180.00 0.553 -1.0    19.37 49048940.16    0.203
300 2002-12-17T20:36        RC Wind     0.00   180.00 -1.000 -1.0    27.53   107.19    0.164
301 2002-12-18T12:58    DREAMS  ACE    47.83   320.56 -0.878  1.0    28.84   259.26    0.197
301 2002-12-18T12:58    DREAMS Wind    51.70   329.17 -0.856  1.0    27.67   109.25    0.131
302 2002-12-21T03:21    DREAMS  ACE    48.21   124.35 -0.990 -1.0    19.52  1527.48    0.166
302 2002-12-21T03:21    DREAMS Wind    -1.57     0.00 0.059 -1.0    22.46    14.59    0.213
302 2002-12-21T03:21        RC  ACE     0.43     0.57 0.998 -1.0    27.80     7.00    0.216
302 2002-12-21T03:21        RC Wind    -0.06   358.18 0.994  1.0    25.83    12.35    0.198
302 2002-12-21T03:21      Wind  ACE    -0.12     0.28 -0.999  1.0    30.67     4.21    0.213
302 2002-12-21T03:21      Wind Wind    -0.17     0.30 -0.999  1.0    30.55     4.24    0.204
302 2002-12-21T03:21 LLAMAICEA  ACE    -0.00   360.00 -0.278 -1.0    18.38    92.90    0.228
302 2002-12-21T03:21 LLAMAICEA Wind    -0.00   360.00 -0.280 -1.0    18.23   100.38    0.237
302 2002-12-21T03:21 LLAMAICEC  ACE    -0.00     0.00 -0.138 -1.0    18.95    70.05    0.238
302 2002-12-21T03:21 LLAMAICEC Wind    -0.00   360.00 -0.327 -1.0    19.23    73.88    0.224
303 2003-01-27T01:40    DREAMS  ACE    90.00   164.16 -0.720  1.0    17.75    79.75    0.169
303 2003-01-27T01:40    DREAMS Wind   -16.98   185.28 0.921 -1.0    21.89    24.90    0.271
303 2003-01-27T01:40        RC  ACE     3.60   178.89 0.986  1.0    29.59    12.63    0.422
303 2003-01-27T01:40        RC Wind     4.08   178.81 0.984  1.0    28.85    13.47    0.441
303 2003-01-27T01:40      Wind  ACE    77.28    14.34 -0.784  1.0    18.36    77.27    0.167
303 2003-01-27T01:40      Wind Wind   -16.71   185.48 0.922 -1.0    21.97    24.46    0.275
303 2003-01-27T01:40 LLAMAICEA  ACE    77.28    14.34 -0.784  1.0    18.36    77.27    0.167
303 2003-01-27T01:40 LLAMAICEA Wind   -16.71   185.48 0.922 -1.0    21.97    24.46    0.275
303 2003-01-27T01:40 LLAMAICEB  ACE    11.12   178.26 0.952  1.0    23.03    19.76    0.346
303 2003-01-27T01:40 LLAMAICEB Wind    10.51   178.06 0.954  1.0    23.13    18.90    0.352
303 2003-01-27T01:40 LLAMAICEC  ACE    23.09   182.49 -0.898 -1.0    21.44    31.28    0.360
303 2003-01-27T01:40 LLAMAICEC Wind    79.71   344.31 0.778 -1.0    18.05    72.79    0.395
303 2003-01-27T01:40 LLAMAICED  ACE    20.76   182.31 0.912  1.0    20.62    32.24    0.422
303 2003-01-27T01:40 LLAMAICED Wind    19.01   182.39 0.919  1.0    20.96    29.64    0.435
304 2003-02-01T18:50    DREAMS  ACE    -9.58    35.94 0.856 -1.0    23.26    31.39    0.279
304 2003-02-01T18:50    DREAMS Wind    -8.27    32.26 0.870 -1.0    23.92    26.80    0.303
304 2003-02-01T18:50      Jian  ACE    -0.51   177.92 0.993  1.0    40.02     6.30    0.595
304 2003-02-01T18:50      Jian Wind    -0.58     1.87 0.994 -1.0    40.27     5.57    0.611
304 2003-02-01T18:50        RC  ACE    -1.25   175.39 0.983  1.0    36.38    11.43    0.537
304 2003-02-01T18:50        RC Wind    -1.56     4.34 0.984 -1.0    36.81    10.62    0.573
304 2003-02-01T18:50    DREAMS  ACE   -73.05     9.65 -0.844  1.0    18.31   377.19    0.288
304 2003-02-01T18:50    DREAMS Wind   -72.65     5.49 -0.806  1.0    17.94   286.59    0.297
304 2003-02-01T18:50        RC  ACE    -1.25   175.39 0.983  1.0    36.38    11.43    0.537
304 2003-02-01T18:50        RC Wind    -1.56     4.34 0.984 -1.0    36.81    10.62    0.573
304 2003-02-01T18:50      Wind  ACE    -0.00   180.00 0.383  1.0    15.01    70.80    0.134
304 2003-02-01T18:50      Wind Wind    -0.00   180.00 0.415  1.0    14.46   115.37    0.127
304 2003-02-01T18:50 LLAMAICEA  ACE    -1.19   175.47 0.984  1.0    36.53    11.37    0.536
304 2003-02-01T18:50 LLAMAICEA Wind    -1.50     4.37 0.984 -1.0    36.86    10.68    0.572
304 2003-02-01T18:50 LLAMAICEC  ACE    -2.23   162.71 0.934  1.0    29.86    29.63    0.472
304 2003-02-01T18:50 LLAMAICEC Wind    -5.31   154.59 0.900  1.0    26.62    41.09    0.474
305 2003-02-17T21:50      Jian  ACE    84.17   102.26 -0.751 -1.0    13.90   186.50    0.185
305 2003-02-17T21:50      Jian Wind   -40.06     0.00 -0.866 -1.0    12.02    44.21    0.246
305 2003-02-17T21:50        RC  ACE   -20.36   322.02 0.841  1.0    13.48    69.76    0.111
305 2003-02-17T21:50        RC Wind   -11.74     0.00 -0.948 -1.0    14.96    25.03    0.203
305 2003-02-17T21:50 LLAMAICEA  ACE    63.47    56.42 0.784  1.0    11.11    72.65    0.224
305 2003-02-17T21:50 LLAMAICEA Wind   -33.56   356.26 -0.870 -1.0    12.12    41.12    0.255
305 2003-02-17T21:50 LLAMAICEB  ACE   -16.13   354.19 -0.929 -1.0    14.90    30.81    0.173
305 2003-02-17T21:50 LLAMAICEB Wind   -11.74     0.00 -0.948 -1.0    14.96    25.03    0.203
305 2003-02-17T21:50 LLAMAICEC  ACE    88.94     0.00 0.778  1.0    12.47    92.88    0.181
305 2003-02-17T21:50 LLAMAICEC Wind   -33.56   356.26 -0.870 -1.0    12.12    41.12    0.255
305 2003-02-17T21:50 LLAMAICED  ACE   -20.36   322.02 0.841  1.0    13.48    69.76    0.111
305 2003-02-17T21:50 LLAMAICED Wind   -11.74     0.00 -0.948 -1.0    14.96    25.03    0.203
306 2003-03-20T04:30    DREAMS  ACE     0.94     0.00 0.543  1.0    19.29    22.58    0.182
306 2003-03-20T04:30    DREAMS Wind    -0.00     0.00 0.567 -1.0    20.42    18.72    0.173
306 2003-03-20T04:30      Jian  ACE     1.55   355.32 0.981  1.0    31.70     7.43    0.442
306 2003-03-20T04:30      Jian Wind     1.87   356.48 0.984  1.0    30.79     8.14    0.463
306 2003-03-20T04:30   Lepping  ACE     2.13     0.00 0.585  1.0    26.60     7.72    0.343
306 2003-03-20T04:30   Lepping Wind    -2.54   360.00 0.513 -1.0    24.44    10.35    0.297
306 2003-03-20T04:30        RC  ACE    -3.99   360.00 0.476 -1.0    23.15    10.77    0.274
306 2003-03-20T04:30        RC Wind    -2.48   360.00 0.484 -1.0    25.99     7.83    0.346
306 2003-03-20T04:30      Wind  ACE    -4.12   359.91 0.447 -1.0    22.26    12.35    0.251
306 2003-03-20T04:30      Wind Wind     2.09     0.00 0.560  1.0    27.60     6.99    0.382
306 2003-03-20T04:30 LLAMAICEA  ACE     0.94     0.00 0.543  1.0    19.29    22.58    0.182
306 2003-03-20T04:30 LLAMAICEA Wind    -0.00     0.00 0.567 -1.0    20.42    18.72    0.173
306 2003-03-20T04:30 LLAMAICEC  ACE     2.02   354.46 0.977  1.0    30.88     7.99    0.429
306 2003-03-20T04:30 LLAMAICEC Wind     3.13   355.21 0.975  1.0    28.59    10.34    0.423
307 2003-05-09T05:16    DREAMS  ACE    -9.12   338.92 0.903 -1.0    17.07    41.12    0.406
307 2003-05-09T05:16    DREAMS Wind   -51.32   234.09 0.794  1.0    14.07    85.29    0.567
307 2003-05-09T05:16      Jian  ACE    -9.11   353.82 0.955 -1.0    22.45    16.28    0.545
307 2003-05-09T05:16      Jian Wind    -4.23   355.65 0.980 -1.0    27.90    10.58    0.493
307 2003-05-09T05:16        RC  ACE   -11.20   338.03 0.894 -1.0    17.79    43.95    0.452
307 2003-05-09T05:16        RC Wind     2.29    20.92 -0.922 -1.0    20.22    34.95    0.376
307 2003-05-09T05:16      Wind  ACE    -9.12   338.92 0.903 -1.0    17.07    41.12    0.406
307 2003-05-09T05:16      Wind Wind   -51.32   234.09 0.794  1.0    14.07    85.29    0.567
307 2003-05-09T05:16 LLAMAICEA  ACE   -13.83   209.75 0.871  1.0    17.35    41.25    0.433
307 2003-05-09T05:16 LLAMAICEA Wind    -4.89   191.80 0.953  1.0    22.78    19.69    0.430
307 2003-05-09T05:16 LLAMAICEB  ACE   -10.60   344.40 0.920 -1.0    19.00    33.30    0.433
307 2003-05-09T05:16 LLAMAICEB Wind     8.79    17.68 -0.928 -1.0    20.30    32.28    0.379
308 2003-05-29T11:49    DREAMS  ACE    -0.00   180.00 -1.000 -1.0    34.20    19.81    0.252
308 2003-05-29T11:49    DREAMS Wind    -0.00   180.00 0.997  1.0    32.89    24.74    0.201
308 2003-05-29T11:49      Jian  ACE     1.40     0.70 -0.977 -1.0    21.52    57.06    0.107
308 2003-05-29T11:49      Jian Wind   -20.80   187.74 0.974  1.0    22.08   198.61    0.178
308 2003-05-29T11:49        RC  ACE     6.72     3.73 -0.985 -1.0    20.49    42.64    0.248
308 2003-05-29T11:49        RC Wind   -21.17   188.65 0.974  1.0    21.37   126.49    0.249
309 2003-05-29T18:25    DREAMS  ACE    35.56   348.20 -0.888  1.0    37.89    64.37    0.234
309 2003-05-29T18:25    DREAMS Wind    15.02   184.36 0.929  1.0    46.61    20.79    0.229
309 2003-05-29T18:25      Jian  ACE    44.79   341.11 -0.843  1.0    39.87    51.85    0.252
309 2003-05-29T18:25      Jian Wind    23.15   185.56 -0.895 -1.0    45.66    25.53    0.250
309 2003-05-29T18:25        RC  ACE    35.56   348.20 -0.888  1.0    37.89    64.37    0.234
309 2003-05-29T18:25        RC Wind    15.02   184.36 0.929  1.0    46.61    20.79    0.229
309 2003-05-29T18:25 LLAMAICEA  ACE    42.00   349.67 0.864 -1.0    37.74    63.85    0.239
309 2003-05-29T18:25 LLAMAICEA Wind    19.34   185.83 -0.909 -1.0    44.84    25.18    0.248
310 2003-05-30T16:00    DREAMS  ACE    39.32   290.76 -0.777  1.0    11.45    79.16    0.413
310 2003-05-30T16:00    DREAMS Wind    36.82   287.60 -0.774  1.0    11.47    87.85    0.449
310 2003-05-30T16:00      Jian  ACE    50.53   227.53 0.759  1.0    12.50   137.79    0.336
310 2003-05-30T16:00      Jian Wind    36.70   217.30 0.767  1.0    12.92   183.96    0.327
310 2003-05-30T16:00        RC  ACE    38.49   258.20 0.777  1.0    11.41    87.30    0.376
310 2003-05-30T16:00        RC Wind    35.95   258.39 0.775  1.0    11.39    96.82    0.395
311 2003-06-15T14:10      Jian  ACE     3.36    65.03 0.230 -1.0    13.75   253.67    0.365
311 2003-06-15T14:10      Jian Wind     0.15    42.14 0.588 -1.0    14.95   390.42    0.343
311 2003-06-15T14:10        RC  ACE     0.91     2.48 0.991 -1.0    36.63     7.62    0.342
311 2003-06-15T14:10        RC Wind     0.74     2.01 0.993 -1.0    37.23     7.21    0.333
312 2003-06-16T22:33    DREAMS  ACE    -9.42    16.77 0.838 -1.0    22.29 969800569.04    0.078
312 2003-06-16T22:33    DREAMS Wind    -7.11    13.86 0.843 -1.0    22.34 946492971.94    0.079
312 2003-06-16T22:33      Jian  ACE    -5.49    20.97 0.925 -1.0    20.26   146.35    0.201
312 2003-06-16T22:33      Jian Wind   -10.37   162.14 0.928  1.0    20.51   119.48    0.190
312 2003-06-16T22:33   Lepping  ACE    -9.60    22.20 0.773 -1.0    20.67 1617539821.67    0.083
312 2003-06-16T22:33   Lepping Wind    -7.99    21.21 0.756 -1.0    20.19 1538066499.12    0.085
312 2003-06-16T22:33        RC  ACE    -3.36    23.04 0.767 -1.0    18.19  1362.45    0.135
312 2003-06-16T22:33        RC Wind    -3.01   156.82 -0.829 -1.0    19.00   404.83    0.136
312 2003-06-16T22:33      Wind  ACE    -8.95    21.24 0.772 -1.0    20.38 1900547579.31    0.077
312 2003-06-16T22:33      Wind Wind    -7.43    20.83 0.754 -1.0    19.87 1258238433.57    0.083
312 2003-06-16T22:33 LLAMAICEA  ACE    -6.38   164.83 -0.938 -1.0    20.68   103.26    0.203
312 2003-06-16T22:33 LLAMAICEA Wind   -11.98    19.14 -0.917  1.0    20.02   140.79    0.197
313 2003-07-06T12:25      Jian  ACE      0.55    359.66   -0.998   1.0     27.65      4.29     0.429
313 2003-07-06T12:25      Jian Wind      1.10    359.14   -0.995   1.0     24.27      7.22     0.380
313 2003-07-06T12:25 LLAMAICEA  ACE      0.00    360.00   -0.818   1.0     11.16    169.70     0.334
313 2003-07-06T12:25 LLAMAICEA Wind      0.00    360.00   -0.794   1.0     11.01    173.64     0.300
313 2003-07-06T12:25 LLAMAICEB  ACE    -46.54    257.50    0.487   1.0      8.30    427.15     0.518
313 2003-07-06T12:25 LLAMAICEB Wind    -47.50    265.78    0.493   1.0      8.44    383.82     0.538
313 2003-07-06T12:25 LLAMAICEC  ACE      0.00    360.00   -0.477   1.0      9.67    238.53     0.241
313 2003-07-06T12:25 LLAMAICEC Wind     -0.00      0.00   -0.492  -1.0      9.65    605.67     0.205
313 2003-07-06T12:25 LLAMAICED  ACE    -14.42    281.93    0.381   1.0      8.23   1085.16     0.478
313 2003-07-06T12:25 LLAMAICED Wind     -4.78     40.36   -0.835  -1.0     10.99    331.60     0.440
314 2003-07-10T19:53   Lepping  ACE    -5.58   185.73 0.897  1.0    17.79  2765.37    0.071
315 2003-07-23T14:33    DREAMS  ACE    23.62   298.53 0.784 -1.0    10.76    93.20    0.214
315 2003-07-23T14:33    DREAMS Wind    21.97   295.09 0.777 -1.0    10.75    97.92    0.211
315 2003-07-23T14:33      Jian  ACE    22.48   296.64 0.780 -1.0    10.83    96.00    0.222
315 2003-07-23T14:33      Jian Wind    20.22   289.95 0.763 -1.0    10.62   108.79    0.226
315 2003-07-23T14:33        RC  ACE    22.93   303.40 0.792 -1.0    10.69    96.29    0.225
315 2003-07-23T14:33        RC Wind    11.47   215.15 -0.842 -1.0    11.45    70.53    0.216
315 2003-07-23T14:33 LLAMAICEA  ACE    22.38   308.03 0.802 -1.0    10.72    90.20    0.227
315 2003-07-23T14:33 LLAMAICEA Wind    23.17   295.96 0.781 -1.0    10.63    99.43    0.204
316 2003-08-05T00:46    DREAMS  ACE    17.33    63.15 0.739 -1.0    15.29   368.20    0.183
316 2003-08-05T00:46    DREAMS Wind    19.02    64.23 0.758 -1.0    15.73   246.53    0.210
316 2003-08-05T00:46      Jian  ACE    10.05   170.15 -0.936 -1.0    18.07    40.02    0.182
316 2003-08-05T00:46      Jian Wind    11.54   168.53 -0.927 -1.0    17.89    40.15    0.212
316 2003-08-05T00:46        RC  ACE    18.62    60.58 0.735 -1.0    14.96   236.16    0.211
316 2003-08-05T00:46        RC Wind     2.60   176.54 -0.982 -1.0    23.55    17.41    0.306
316 2003-08-05T00:46      Wind  ACE     1.97   175.64 -0.975 -1.0    20.52    35.88    0.215
316 2003-08-05T00:46      Wind Wind     3.22   173.93 -0.966 -1.0    20.65    35.88    0.206
316 2003-08-05T00:46 LLAMAICEA  ACE     8.05   168.45 -0.936 -1.0    17.41    48.30    0.173
316 2003-08-05T00:46 LLAMAICEA Wind     9.82   167.49 -0.929 -1.0    17.40    50.08    0.167
316 2003-08-05T00:46 LLAMAICEB  ACE     2.89   173.78 -0.964 -1.0    19.86    40.16    0.191
316 2003-08-05T00:46 LLAMAICEB Wind     4.38   171.97 -0.954 -1.0    19.82    41.54    0.189
316 2003-08-05T00:46 LLAMAICEC  ACE     8.32   168.89 0.939  1.0    17.57    42.21    0.201
316 2003-08-05T00:46 LLAMAICEC Wind    10.83   166.49 -0.923 -1.0    17.24    45.81    0.177
316 2003-08-05T00:46 LLAMAICED  ACE     2.89   175.47 -0.976 -1.0    21.51    25.59    0.236
316 2003-08-05T00:46 LLAMAICED Wind    21.47    59.34 0.769 -1.0    15.47   178.27    0.231
317 2003-08-15T12:00        RC  ACE    -1.44   165.95 0.941  1.0    16.01    32.81    0.105
318 2003-08-17T13:40      CDAW  ACE   -12.37   172.87 0.901  1.0    34.51    45.95    0.221
318 2003-08-17T13:40      CDAW Wind     0.04   180.01 0.914 -1.0    26.94   234.66    0.133
318 2003-08-17T13:40    DREAMS  ACE   -41.92   175.35 0.747  1.0    32.41    98.34    0.193
318 2003-08-17T13:40    DREAMS Wind   -41.21    10.16 -0.812  1.0    26.92 6552785556.48    0.157
318 2003-08-17T13:40      Jian  ACE   -44.21   118.02 0.097  1.0    24.62   215.30    0.243
318 2003-08-17T13:40      Jian Wind   -45.01    85.51 -0.274  1.0    18.48 18465.43    0.340
318 2003-08-17T13:40   Lepping  ACE   -12.43   172.71 0.894  1.0    34.40    47.04    0.220
318 2003-08-17T13:40   Lepping Wind    -0.00   180.00 0.939  1.0    27.56   117.86    0.136
318 2003-08-17T13:40        RC  ACE   -48.57   117.77 0.096  1.0    24.82   209.30    0.229
318 2003-08-17T13:40        RC Wind     0.04   180.02 0.837 -1.0    30.13    79.39    0.259
318 2003-08-17T13:40 LLAMAICEA  ACE   -22.27   171.26 0.895  1.0    34.77    61.19    0.235
318 2003-08-17T13:40 LLAMAICEA Wind   -31.21    10.58 -0.789  1.0    25.06 8306712987.78    0.105
318 2003-08-17T13:40 LLAMAICEB  ACE   -26.60   131.24 0.207  1.0    24.40   209.71    0.227
318 2003-08-17T13:40 LLAMAICEB Wind     0.00   180.00 0.675 -1.0    21.97 1015361401.46    0.255
318 2003-08-17T13:40 LLAMAICEC  ACE   -75.50    25.56 -0.179  1.0    25.69   145.38    0.197
318 2003-08-17T13:40 LLAMAICEC Wind   -41.61    10.47 -0.808  1.0    26.80 10512703985.62    0.158
318 2003-08-17T13:40 LLAMAICED  ACE   -50.33   114.90 0.071  1.0    24.91   207.91    0.253
318 2003-08-17T13:40 LLAMAICED Wind    -0.00   180.00 0.978  1.0    29.63   150.71    0.275
319 2003-10-21T22:00      Jian  ACE    40.19   343.40 0.850 -1.0    19.65    58.43    0.243
319 2003-10-21T22:00        RC  ACE    10.61   352.87 0.954 -1.0    25.49    28.18    0.127
319 2003-10-21T22:00      Wind  ACE    43.45   350.02 0.844 -1.0    19.06    61.02    0.207
320 2003-10-24T14:48      Jian  ACE    20.60    10.06 0.864 -1.0    40.02    80.11    0.239
320 2003-10-24T14:48        RC  ACE    11.14     7.23 0.783 -1.0    33.96    63.31    0.123
320 2003-10-24T14:48 LLAMAICEA  ACE    20.88   180.27 -0.900 -1.0    57.40    55.15    0.207
321 2003-10-25T11:00        RC  ACE     3.88    70.92 -0.791  1.0    24.34    34.08    0.197
322 2003-10-26T19:08      Jian  ACE    -1.19   175.95 -0.979 -1.0    26.56    42.34    0.143
322 2003-10-26T19:08        RC  ACE    24.50   219.17 0.911 -1.0    17.61  1303.22    0.132
323 2003-10-28T02:06        RC  ACE    -0.00   180.00 -0.916 -1.0    36.13    15.69    0.234
324 2003-10-29T06:11      CDAW  ACE   -39.72    86.21 -0.739 -1.0    65.57 674135474.49    0.145
324 2003-10-29T06:11      Jian  ACE   -39.72    86.21 -0.739 -1.0    65.57 674135474.49    0.145
324 2003-10-29T06:11        RC  ACE   -39.72    86.21 -0.739 -1.0    65.57 674135474.49    0.145
324 2003-10-29T06:11      Wind  ACE   -39.72    86.21 -0.739 -1.0    65.57 674135474.49    0.145
324 2003-10-29T06:11 LLAMAICEA  ACE   -39.72    86.21 -0.739 -1.0    65.57 674135474.49    0.145
324 2003-10-29T06:11 LLAMAICEC  ACE   -39.72    86.21 -0.739 -1.0    65.57 674135474.49    0.145
325 2003-10-30T16:19      CDAW  ACE    57.93    24.95 0.765 -1.0    31.94    44.64    0.072
325 2003-10-30T16:19      Jian  ACE    21.51    95.43 0.792 -1.0    23.57    56.75    0.112
325 2003-10-30T16:19        RC  ACE   -11.19   129.45 0.834 -1.0    24.22    47.64    0.101
325 2003-10-30T16:19      Wind  ACE    58.20    20.16 0.746 -1.0    32.35    44.76    0.068
325 2003-10-30T16:19 LLAMAICEA  ACE    25.99    92.13 0.811 -1.0    24.55    66.62    0.120
326 2003-11-04T06:00      Jian  ACE     3.31     0.56 0.988 -1.0    25.53   107.88    0.271
327 2003-11-06T19:20      Jian  ACE   -11.12    84.06 -0.783  1.0    11.05    91.96    0.250
328 2003-11-15T05:19      Jian  ACE    -0.27   359.39 0.998 -1.0    39.54     2.82    0.332
329 2003-11-20T12:00    DREAMS  ACE   -67.75    66.60 -0.064  1.0    46.26    82.70    0.185
329 2003-11-20T12:00      Jian  ACE   -81.47    27.69 -0.068  1.0    46.98    79.52    0.247
329 2003-11-20T12:00   Lepping  ACE   -81.79    24.26 -0.084  1.0    52.44    63.46    0.132
329 2003-11-20T12:00        RC  ACE   -69.81   360.00 -0.209  1.0    44.79    85.84    0.276
329 2003-11-20T12:00      Wind  ACE   -78.28    31.47 -0.103  1.0    52.58    63.84    0.096
329 2003-11-20T12:00 LLAMAICEA  ACE   -75.25    42.51 -0.105  1.0    51.75    63.38    0.094
329 2003-11-20T12:00 LLAMAICEB  ACE    -2.13   357.89 0.989 -1.0   112.17     8.30    0.251
329 2003-11-20T12:00 LLAMAICEC  ACE   -67.37   280.72 -0.086  1.0    56.72    54.42    0.145
329 2003-11-20T12:00 LLAMAICED  ACE   -78.80   335.85 -0.126  1.0    45.74    83.23    0.265
330 2004-01-09T15:00        RC  ACE    -0.00   360.00 0.993  1.0    21.24    64.65    0.443
330 2004-01-09T15:00      Jian  ACE   -43.18    38.08 0.838  1.0    17.17   546.68    0.403
330 2004-01-09T15:00      Wind  ACE    -0.00   360.00 0.992  1.0    21.26    63.75    0.439
330 2004-01-09T15:00 LLAMAICEA  ACE    -0.02     0.65 0.998  1.0    38.83     8.51    0.458
331 2004-01-22T02:10      CDAW  ACE     2.67   187.10 0.969 -1.0    40.41    20.19    0.095
331 2004-01-22T02:10        RC  ACE     2.67   187.10 0.969 -1.0    40.41    20.19    0.095
331 2004-01-22T02:10    DREAMS  ACE     7.83   212.14 -0.907  1.0    18.51   105.67    0.170
331 2004-01-22T02:10      Jian  ACE     6.58   198.92 -0.913  1.0    33.73    45.48    0.101
331 2004-01-22T02:10      Jian  ACE   -16.25    90.96 0.811 -1.0    16.85   202.08    0.226
331 2004-01-22T02:10        RC  ACE   -11.11    92.16 0.781 -1.0    16.22   181.51    0.184
331 2004-01-22T02:10 LLAMAICEA  ACE     3.02   184.46 0.980 -1.0    38.61    29.32    0.081
332 2004-02-17T18:00        RC  ACE     3.10    16.86 -0.999  1.0    14.55  5350.41    0.141
333 2004-04-03T09:55    DREAMS  ACE    82.96   325.16 0.774 -1.0    28.58    99.68    0.154
333 2004-04-03T09:55    DREAMS Wind    74.18   272.53 0.772 -1.0    27.93    97.43    0.145
333 2004-04-03T09:55      Jian  ACE    67.70    63.49 0.727 -1.0    27.99   150.38    0.261
333 2004-04-03T09:55      Jian Wind    78.43    68.41 0.747 -1.0    28.23   134.69    0.264
333 2004-04-03T09:55   Lepping  ACE    72.45    48.16 0.758 -1.0    28.87   126.05    0.198
333 2004-04-03T09:55   Lepping Wind    90.00   240.55 0.748 -1.0    28.47   114.45    0.189
333 2004-04-03T09:55        RC  ACE    78.98   191.06 0.765 -1.0    26.18   148.56    0.411
333 2004-04-03T09:55        RC Wind    74.46   232.41 0.765 -1.0    25.40   156.07    0.389
333 2004-04-03T09:55      Wind  ACE    67.98    63.81 0.729 -1.0    28.10   147.21    0.262
333 2004-04-03T09:55      Wind Wind    78.98    66.72 0.750 -1.0    28.33   131.91    0.257
333 2004-04-03T09:55 LLAMAICEA  ACE    77.26    52.76 0.760 -1.0    28.74   120.47    0.205
333 2004-04-03T09:55 LLAMAICEA Wind    87.78   337.06 0.765 -1.0    28.38   112.85    0.196
333 2004-04-03T09:55 LLAMAICEB  ACE    67.98    63.81 0.729 -1.0    28.10   147.21    0.262
333 2004-04-03T09:55 LLAMAICEB Wind    78.98    66.72 0.750 -1.0    28.33   131.91    0.257
333 2004-04-03T09:55 LLAMAICEC  ACE    77.33   221.41 0.766 -1.0    26.19   133.11    0.337
333 2004-04-03T09:55 LLAMAICEC Wind    67.52   240.46 0.769 -1.0    25.63   134.32    0.342
333 2004-04-03T09:55 LLAMAICED  ACE    80.37   167.54 0.759 -1.0    26.31   149.94    0.388
333 2004-04-03T09:55 LLAMAICED Wind    76.55   214.69 0.765 -1.0    26.09   146.42    0.395
334 2004-04-10T19:27      Jian  ACE     0.59   177.19 -0.989 -1.0    25.32     6.53    0.159
334 2004-04-10T19:27      Jian Wind     3.09   169.87 -0.948 -1.0    15.17    26.63    0.151
335 2004-04-12T17:36      Jian  ACE     0.00   180.00 -0.746 -1.0    22.81     5.24    0.092
335 2004-04-12T17:36      Jian Wind    -0.00   180.00 -0.668  1.0    15.62    13.53    0.101
336 2004-04-26T16:12    DREAMS  ACE    35.38   252.80 0.726  1.0     9.98   218.01    0.200
336 2004-04-26T16:12    DREAMS Wind    18.30   336.44 -0.238  1.0     7.81    97.81    0.213
336 2004-04-26T16:12      Jian  ACE     3.37   349.77 0.947 -1.0    14.97    30.27    0.284
336 2004-04-26T16:12      Jian Wind     0.00   180.00 -0.738 -1.0    13.87 34136690.68    0.308
336 2004-04-26T16:12        RC  ACE     1.49   353.85 0.972 -1.0    16.65    24.48    0.362
336 2004-04-26T16:12        RC Wind     0.00   360.00 0.999 -1.0    14.44   202.55    0.249
336 2004-04-26T16:12 LLAMAICEA  ACE     2.19   352.02 0.962 -1.0    15.75    31.35    0.345
336 2004-04-26T16:12 LLAMAICEA Wind     0.00   360.00 1.000 -1.0    14.70   211.78    0.264
337 2004-04-30T13:00      Jian  ACE     8.18   151.67 0.868  1.0    15.35   153.21    0.506
337 2004-04-30T13:00      Jian Wind    12.52   160.75 0.904  1.0    16.77   108.94    0.632
337 2004-04-30T13:00        RC  ACE     3.80   139.64 0.819  1.0    14.63    63.66    0.190
337 2004-04-30T13:00        RC Wind    10.62    33.02 0.584 -1.0    13.14    60.45    0.394
337 2004-04-30T13:00        RC  ACE     1.65   176.51 0.984  1.0    23.33    17.24    0.455
337 2004-04-30T13:00        RC Wind    15.65   175.45 -0.439 -1.0    11.07   359.53    0.284
337 2004-04-30T13:00 LLAMAICEA  ACE    13.35    76.90 -0.747  1.0    13.33   344.73    0.606
337 2004-04-30T13:00 LLAMAICEA Wind    49.30   147.58 -0.798 -1.0    14.00   249.91    0.677
338 2004-06-25T11:37    DREAMS  ACE     0.02   179.96 0.920  1.0    14.67   172.14    0.210
338 2004-06-25T11:37    DREAMS Wind    17.50    33.60 -0.946  1.0    15.49  1370.03    0.192
339 2004-07-22T09:45    DREAMS  ACE   -25.25   308.43 0.991  1.0    15.39   917.62    0.059
339 2004-07-22T09:45    DREAMS Wind    -0.83   358.95 -0.965 -1.0    18.36    15.33    0.055
339 2004-07-22T09:45      Jian  ACE   -26.33   205.33 0.540  1.0    20.26 32236978.90    0.188
339 2004-07-22T09:45      Jian Wind    -0.00   180.00 0.787  1.0    24.08  2346.59    0.218
339 2004-07-22T09:45   Lepping  ACE   -24.91   228.88 0.432  1.0    22.37 1343908422.24    0.210
339 2004-07-22T09:45   Lepping Wind    -0.00   180.00 0.799  1.0    28.36   663.29    0.298
339 2004-07-22T09:45        RC  ACE   -16.38   345.64 0.909 -1.0    25.98    48.81    0.246
339 2004-07-22T09:45        RC Wind   -16.66   346.92 0.912 -1.0    26.78    45.58    0.231
339 2004-07-22T09:45      Wind  ACE   -82.77   227.00 0.042  1.0    16.17   198.77    0.354
339 2004-07-22T09:45      Wind Wind   -83.65   221.60 -0.043  1.0    16.39   199.63    0.363
339 2004-07-22T09:45 LLAMAICEA  ACE   -82.77   227.00 0.042  1.0    16.17   198.77    0.354
339 2004-07-22T09:45 LLAMAICEA Wind   -83.65   221.60 -0.043  1.0    16.39   199.63    0.363
340 2004-07-24T05:32      CDAW  ACE   -38.33   255.72 0.390  1.0    27.67   380.44    0.098
340 2004-07-24T05:32      CDAW Wind   -39.34   253.63 0.398  1.0    28.03   322.41    0.103
340 2004-07-24T05:32    DREAMS  ACE   -53.31   240.24 0.412  1.0    27.61   420.83    0.070
340 2004-07-24T05:32    DREAMS Wind   -53.51   237.47 0.425  1.0    28.12   362.44    0.055
340 2004-07-24T05:32      Jian  ACE   -42.63   270.83 0.248  1.0    26.93   329.82    0.080
340 2004-07-24T05:32      Jian Wind   -44.05   267.66 0.265  1.0    27.36   302.48    0.078
340 2004-07-24T05:32   Lepping  ACE   -40.24   258.73 0.358  1.0    27.37   373.11    0.098
340 2004-07-24T05:32   Lepping Wind   -41.20   255.85 0.373  1.0    27.84   322.00    0.088
340 2004-07-24T05:32        RC  ACE   -46.89   256.14 0.352  1.0    27.41   353.31    0.078
340 2004-07-24T05:32        RC Wind   -47.53   253.52 0.365  1.0    27.97   295.59    0.072
340 2004-07-24T05:32      Wind  ACE   -27.12   271.67 0.309  1.0    27.56   321.03    0.114
340 2004-07-24T05:32      Wind Wind   -28.59   269.37 0.319  1.0    27.97   292.77    0.108
340 2004-07-24T05:32 LLAMAICEA  ACE   -41.18   228.32 0.555  1.0    29.18   848.24    0.094
340 2004-07-24T05:32 LLAMAICEA Wind   -41.55   226.69 0.561  1.0    29.49   545.15    0.097
340 2004-07-24T05:32 LLAMAICEB  ACE   -53.53   237.07 0.428  1.0    27.68   444.49    0.067
340 2004-07-24T05:32 LLAMAICEB Wind   -53.17   233.02 0.452  1.0    28.36   361.60    0.062
340 2004-07-24T05:32 LLAMAICEC  ACE   -31.51   255.79 0.416  1.0    28.31   344.23    0.095
340 2004-07-24T05:32 LLAMAICEC Wind   -32.62   255.93 0.400  1.0    28.41   297.49    0.090
340 2004-07-24T05:32 LLAMAICED  ACE   -40.79   269.21 0.269  1.0    27.16   311.92    0.089
340 2004-07-24T05:32 LLAMAICED Wind   -41.75   268.65 0.263  1.0    27.52   276.81    0.079
341 2004-07-25T15:00      Jian  ACE    58.83     0.00 -0.832 -1.0    10.83   295.13    0.498
341 2004-07-25T15:00      Jian Wind     6.68   278.10 -0.701 -1.0     9.74   281.47    0.515
341 2004-07-25T15:00        RC  ACE     8.86   102.28 0.733  1.0     9.21   185.38    0.428
341 2004-07-25T15:00        RC Wind    20.75    99.55 0.739  1.0     9.14   175.89    0.424
341 2004-07-25T15:00      Wind  ACE     0.00   360.00 -0.641 -1.0    14.59   262.24    0.157
341 2004-07-25T15:00      Wind Wind    -0.00   360.00 -0.703  1.0    15.50    65.10    0.185
341 2004-07-25T15:00 LLAMAICEA  ACE     3.30   359.11 0.985  1.0    16.99    13.54    0.255
341 2004-07-25T15:00 LLAMAICEA Wind    34.06   101.42 0.176  1.0     7.02   170.81    0.429
341 2004-07-25T15:00 LLAMAICEB  ACE     2.64   151.41 0.868  1.0     9.88    85.45    0.339
341 2004-07-25T15:00 LLAMAICEC  ACE    24.48   302.68 -0.715 -1.0    10.04   305.09    0.496
341 2004-07-25T15:00 LLAMAICEC Wind     7.52   277.70 -0.701 -1.0     9.73   284.49    0.514
341 2004-07-25T15:00 LLAMAICED  ACE    19.43   275.21 -0.754 -1.0     9.79   262.22    0.510
341 2004-07-25T15:00 LLAMAICED Wind    -0.73    92.57 0.652  1.0     9.15   230.74    0.468
342 2004-07-26T22:25    DREAMS  ACE   -28.25   238.18 0.718  1.0    39.48    51.61    0.145
342 2004-07-26T22:25    DREAMS Wind   -27.91   233.48 0.770  1.0    41.25    43.29    0.167
342 2004-07-26T22:25      Jian  ACE   -24.44   265.23 0.369  1.0    34.39    61.32    0.103
342 2004-07-26T22:25      Jian Wind   -21.13   241.78 0.743  1.0    40.34    46.82    0.202
342 2004-07-26T22:25        RC  ACE   -17.90   214.37 0.844  1.0    35.54    51.75    0.232
342 2004-07-26T22:25        RC Wind    -0.37   351.66 0.966 -1.0    57.03    12.11    0.354
342 2004-07-26T22:25      Wind  ACE     0.19   354.67 0.980 -1.0    60.06    11.42    0.343
342 2004-07-26T22:25      Wind Wind     0.05   354.05 0.977 -1.0    59.10    10.84    0.370
342 2004-07-26T22:25 LLAMAICEA  ACE   -28.25   238.18 0.718  1.0    39.48    51.61    0.145
342 2004-07-26T22:25 LLAMAICEA Wind   -27.91   233.48 0.770  1.0    41.25    43.29    0.167
342 2004-07-26T22:25 LLAMAICEB  ACE   -27.59   224.42 0.793  1.0    36.39    55.38    0.183
342 2004-07-26T22:25 LLAMAICEB Wind   -26.97   222.26 0.812  1.0    38.12    43.50    0.210
342 2004-07-26T22:25 LLAMAICEC  ACE   -23.84   265.20 0.369  1.0    34.56    61.01    0.103
342 2004-07-26T22:25 LLAMAICEC Wind   -20.82   242.27 0.740  1.0    40.54    46.48    0.200
342 2004-07-26T22:25 LLAMAICED  ACE   -30.44   295.26 -0.061  1.0    30.22    67.56    0.113
342 2004-07-26T22:25 LLAMAICED Wind   -22.46   232.17 0.793  1.0    38.09    47.00    0.236
343 2004-08-01T01:44    DREAMS  ACE   -31.95    75.62 0.815 -1.0     8.75   183.44    0.191
343 2004-08-01T01:44    DREAMS Wind   -33.82    82.97 0.801 -1.0     9.41   135.54    0.204
343 2004-08-01T01:44        RC  ACE     3.08    85.89 0.776 -1.0     9.26   129.42    0.156
343 2004-08-01T01:44        RC Wind     3.15    86.58 0.782 -1.0    10.01   132.73    0.159
343 2004-08-01T01:44 LLAMAICEA  ACE   -28.44    64.15 0.871 -1.0     9.23   121.45    0.174
343 2004-08-01T01:44 LLAMAICEA Wind   -27.86    69.11 0.853 -1.0     9.85   102.08    0.175
343 2004-08-01T01:44 LLAMAICEB  ACE   -38.29    65.11 0.859 -1.0     8.90   187.69    0.208
343 2004-08-01T01:44 LLAMAICEB Wind    15.53   203.92 -0.888  1.0    10.13    62.68    0.204
343 2004-08-01T01:44 LLAMAICEC  ACE     3.08    85.89 0.776 -1.0     9.26   129.42    0.156
343 2004-08-01T01:44 LLAMAICEC Wind     3.15    86.58 0.782 -1.0    10.01   132.73    0.159
343 2004-08-01T01:44 LLAMAICED  ACE    -8.60    89.05 0.765 -1.0     9.00   154.40    0.163
343 2004-08-01T01:44 LLAMAICED Wind    -9.93    92.01 0.771 -1.0     9.79   137.80    0.170
344 2004-08-03T12:25    DREAMS  ACE    62.37   359.61 -0.898  1.0     9.57   124.31    0.215
344 2004-08-03T12:25    DREAMS Wind    67.74   358.13 -0.887  1.0    10.22   102.32    0.227
345 2004-08-29T09:09    DREAMS  ACE   -22.10   277.41 -0.517  1.0    16.95   583.54    0.056
345 2004-08-29T09:09    DREAMS Wind    -8.03   200.21 0.396  1.0    17.05   229.61    0.072
345 2004-08-29T09:09      Jian  ACE    16.49   240.38 -0.162  1.0    14.30   231.70    0.274
345 2004-08-29T09:09      Jian Wind    14.86   236.41 -0.202  1.0    14.60   231.21    0.257
345 2004-08-29T09:09   Lepping  ACE   -18.88   282.84 -0.595  1.0    17.81   390.72    0.061
345 2004-08-29T09:09   Lepping Wind   -21.05   278.69 -0.596  1.0    18.08   420.93    0.067
345 2004-08-29T09:09        RC  ACE   -23.43   278.05 -0.519  1.0    16.95   633.83    0.055
345 2004-08-29T09:09        RC Wind    -8.24   199.54 0.403  1.0    17.02   245.23    0.073
345 2004-08-29T09:09      Wind  ACE   -22.75   284.72 -0.595  1.0    17.94   505.88    0.060
345 2004-08-29T09:09      Wind Wind    -6.85   196.68 0.457  1.0    17.74   192.05    0.077
345 2004-08-29T09:09 LLAMAICEA  ACE   -11.61   284.93 -0.655  1.0    18.17   237.26    0.113
345 2004-08-29T09:09 LLAMAICEA Wind    -4.77   208.37 0.343  1.0    17.32   111.96    0.119
345 2004-08-29T09:09 LLAMAICEB  ACE   -22.10   277.41 -0.517  1.0    16.95   583.54    0.056
345 2004-08-29T09:09 LLAMAICEB Wind    -8.03   200.21 0.396  1.0    17.05   229.61    0.072
346 2004-09-13T19:42    DREAMS  ACE    35.15   321.87 -0.873 -1.0    11.71   254.36    0.217
346 2004-09-13T19:42    DREAMS Wind    44.54     9.84 0.882  1.0    12.07   175.62    0.174
346 2004-09-13T19:42      Jian  ACE     0.00   360.00 -0.440  1.0    25.79    22.75    0.237
346 2004-09-13T19:42      Jian Wind     0.00   359.97 1.000  1.0    77.13     1.63    0.185
346 2004-09-13T19:42        RC  ACE     6.52   358.83 0.524  1.0    12.00    60.85    0.225
346 2004-09-13T19:42        RC Wind     4.15     1.40 -0.980 -1.0    14.86    46.97    0.154
346 2004-09-13T19:42      Wind  ACE    46.04   356.52 0.865  1.0    10.94   196.12    0.154
346 2004-09-13T19:42      Wind Wind    44.62     0.00 0.870  1.0    11.27   147.48    0.119
346 2004-09-13T19:42 LLAMAICEA  ACE    46.04   356.52 0.865  1.0    10.94   196.12    0.154
346 2004-09-13T19:42 LLAMAICEA Wind    44.62     0.00 0.870  1.0    11.27   147.48    0.119
346 2004-09-13T19:42 LLAMAICEC  ACE    52.26    16.62 -0.869 -1.0    12.34   347.94    0.297
346 2004-09-13T19:42 LLAMAICEC Wind   -78.47   112.26 0.806  1.0    11.93   269.04    0.252
347 2004-09-17T21:00    DREAMS  ACE    33.48    44.24 0.848 -1.0    11.07   123.41    0.119
347 2004-09-17T21:00    DREAMS Wind    39.88    44.03 0.844 -1.0    11.39   133.86    0.117
347 2004-09-17T21:00        RC  ACE     3.04   178.24 0.986  1.0    17.85    18.27    0.448
347 2004-09-17T21:00        RC Wind     4.24   178.50 0.981  1.0    17.05    22.15    0.402
347 2004-09-17T21:00      Jian  ACE    -1.00   180.62 0.996 -1.0    21.83    11.14    0.396
347 2004-09-17T21:00      Jian Wind     1.54   179.41 0.994  1.0    21.16    13.72    0.387
347 2004-09-17T21:00      Wind  ACE    40.45    13.09 -0.831  1.0    10.76   115.38    0.269
347 2004-09-17T21:00      Wind Wind    18.64   175.01 0.907  1.0    12.36    58.21    0.325
347 2004-09-17T21:00 LLAMAICEA  ACE    10.67   173.87 0.949  1.0    14.30    36.14    0.593
347 2004-09-17T21:00 LLAMAICEA Wind     6.73   175.05 0.967 -1.0    16.24    25.50    0.520
348 2004-09-22T05:54      Jian  ACE    39.64   234.28 -0.783  1.0    11.54    87.85    0.316
348 2004-09-22T05:54      Jian Wind    -2.07   184.60 0.977 -1.0    19.17    11.14    0.262
349 2004-11-07T18:00    DREAMS  ACE    -1.31   181.91 0.992  1.0    50.29     8.70    0.123
349 2004-11-07T18:00    DREAMS Wind    -2.15   182.83 0.987  1.0    45.25    11.24    0.073
349 2004-11-07T18:00   Lepping  ACE    -1.81   224.72 -0.353 -1.0    26.63    79.81    0.133
349 2004-11-07T18:00   Lepping Wind    -5.93   218.46 -0.444 -1.0    28.02    84.34    0.119
349 2004-11-07T18:00        RC  ACE   -19.02   331.65 0.833 -1.0    31.04   127.35    0.200
349 2004-11-07T18:00        RC Wind   -23.15   325.95 0.800 -1.0    30.37   138.63    0.209
349 2004-11-07T18:00      Wind  ACE   -21.06   319.83 0.768 -1.0    28.74   135.60    0.209
349 2004-11-07T18:00      Wind Wind   -24.31   311.69 0.700 -1.0    27.66   148.20    0.223
349 2004-11-07T18:00 LLAMAICEA  ACE   -21.14   319.27 0.756 -1.0    30.63   153.93    0.241
349 2004-11-07T18:00 LLAMAICEA Wind   -29.22   196.43 0.869  1.0    35.32   114.12    0.270
350 2004-11-09T18:25      CDAW  ACE    18.82   124.37 -0.501 -1.0    50.54   130.63    0.111
350 2004-11-09T18:25      CDAW Wind    25.04   125.79 -0.511 -1.0    50.82   129.35    0.115
350 2004-11-09T18:25    DREAMS  ACE   -62.58    78.58 -0.273 -1.0    39.72    67.80    0.286
350 2004-11-09T18:25    DREAMS Wind   -56.15    82.72 -0.284 -1.0    39.90    67.81    0.299
350 2004-11-09T18:25      Jian  ACE     3.68   340.59 0.920  1.0    49.95    31.81    0.280
350 2004-11-09T18:25      Jian Wind     1.85   339.19 0.915  1.0    49.11    33.11    0.293
350 2004-11-09T18:25   Lepping  ACE    15.72   117.93 -0.440 -1.0    48.93   123.39    0.107
350 2004-11-09T18:25   Lepping Wind    22.19   119.82 -0.462 -1.0    49.35   128.50    0.111
350 2004-11-09T18:25        RC  ACE    -1.26   353.48 0.976  1.0    64.30    19.45    0.176
350 2004-11-09T18:25        RC Wind    -1.64   352.72 0.973  1.0    61.21    20.96    0.184
350 2004-11-09T18:25      Wind  ACE   -63.21    78.17 -0.261 -1.0    39.60    67.43    0.281
350 2004-11-09T18:25      Wind Wind   -56.77    82.35 -0.268 -1.0    39.74    67.52    0.291
350 2004-11-09T18:25   Lepping  ACE   -51.92   217.59 -0.558 -1.0    35.81    59.50    0.052
350 2004-11-09T18:25   Lepping Wind   -53.21   206.72 -0.547 -1.0    36.03    55.04    0.047
350 2004-11-09T18:25 LLAMAICEA  ACE   -63.21    78.17 -0.261 -1.0    39.60    67.43    0.281
350 2004-11-09T18:25 LLAMAICEA Wind   -56.77    82.35 -0.268 -1.0    39.74    67.52    0.291
351 2004-11-11T16:47      Jian  ACE   -62.24    95.41 -0.777  1.0    14.10   163.38    0.407
351 2004-11-11T16:47      Jian Wind    -9.36    92.81 0.773 -1.0    14.28   170.88    0.341
351 2004-11-11T16:47 LLAMAICEC  ACE   -29.09    92.50 0.776 -1.0    13.96   117.76    0.292
351 2004-11-11T16:47 LLAMAICEC Wind   -26.67    93.39 0.777 -1.0    14.45   121.45    0.268
352 2004-12-10T05:21      Wind  ACE     0.20   207.54 0.940  1.0    15.66   226.69    0.199
352 2004-12-10T05:21      Wind Wind    -3.48   207.31 0.922  1.0    15.35   125.28    0.157
352 2004-12-10T05:21 LLAMAICEA  ACE    -0.30   202.99 0.969  1.0    16.03   325.70    0.166
352 2004-12-10T05:21 LLAMAICEA Wind    -3.74   204.48 0.939  1.0    15.51   125.98    0.137
353 2004-12-12T22:00      CDAW  ACE     3.50   201.36 -0.938 -1.0    22.38    86.07    0.442
353 2004-12-12T22:00      CDAW Wind    10.46   204.25 -0.853 -1.0    19.52   121.41    0.423
353 2004-12-12T22:00      Jian  ACE    39.48   306.43 0.603 -1.0    18.02 4386031538.88    0.110
353 2004-12-12T22:00      Jian Wind     4.55   183.27 -0.889 -1.0    22.58    79.63    0.153
353 2004-12-12T22:00        RC  ACE    21.36   314.76 0.737 -1.0    20.74  1030.43    0.120
353 2004-12-12T22:00        RC Wind    -8.10   171.71 -0.979  1.0    23.79   193.64    0.138
353 2004-12-12T22:00 LLAMAICEA  ACE    21.36   314.76 0.737 -1.0    20.74  1030.43    0.120
353 2004-12-12T22:00 LLAMAICEA Wind    -8.10   171.71 -0.979  1.0    23.79   193.64    0.138
354 2004-12-27T16:12    DREAMS  ACE   -74.63    78.01 0.802 -1.0    12.36   257.09    0.144
354 2004-12-27T16:12    DREAMS Wind   -77.41    77.16 0.787 -1.0    13.04   209.44    0.132
354 2004-12-27T16:12      Jian  ACE     1.99   174.43 -0.978 -1.0    23.87    17.68    0.335
354 2004-12-27T16:12      Jian Wind    -2.74   191.32 -0.951  1.0    20.39    30.22    0.307
354 2004-12-27T16:12        RC  ACE    -5.16   176.46 -0.694 -1.0    14.76    51.15    0.277
354 2004-12-27T16:12        RC Wind    -1.13   178.47 -0.992 -1.0    23.59    14.22    0.418
354 2004-12-27T16:12 LLAMAICEA  ACE   -74.63    78.01 0.802 -1.0    12.36   257.09    0.144
354 2004-12-27T16:12 LLAMAICEA Wind   -77.41    77.16 0.787 -1.0    13.04   209.44    0.132
354 2004-12-27T16:12 LLAMAICEC  ACE     1.92   175.17 -0.980 -1.0    24.07    15.75    0.339
354 2004-12-27T16:12 LLAMAICEC Wind    -2.83   190.45 -0.955  1.0    20.83    28.12    0.313
355 2005-01-07T08:44    DREAMS  ACE   -50.86   150.11 0.101 -1.0    21.04 665318.67    0.379
355 2005-01-07T08:44    DREAMS Wind   -53.24   145.31 0.095 -1.0    21.22 782760.18    0.377
355 2005-01-07T08:44        RC  ACE   -29.54   210.78 0.232 -1.0    22.46   222.60    0.564
355 2005-01-07T08:44        RC Wind   -29.71   210.43 0.230 -1.0    22.56   224.46    0.564
355 2005-01-07T08:44      Wind  ACE   -30.90   194.20 0.215 -1.0    21.58 626872.77    0.558
355 2005-01-07T08:44      Wind Wind   -32.97   194.18 0.200 -1.0    21.53 1162959.24    0.564
355 2005-01-07T08:44    DREAMS  ACE    29.00   179.95 -0.856 -1.0    15.45   185.23    0.172
355 2005-01-07T08:44    DREAMS Wind    30.51   181.53 -0.841 -1.0    15.43   184.80    0.176
355 2005-01-07T08:44        RC  ACE    28.17   357.67 0.711 -1.0    13.55   223.33    0.178
355 2005-01-07T08:44        RC Wind    36.71   184.44 -0.827 -1.0    14.98   210.10    0.175
355 2005-01-07T08:44      Wind  ACE    27.68   357.28 0.722 -1.0    13.67   208.36    0.183
355 2005-01-07T08:44      Wind Wind    36.67   184.93 -0.833 -1.0    15.06   205.07    0.177
355 2005-01-07T08:44 LLAMAICEA  ACE    55.94   307.12 0.781 -1.0    21.09   229.97    0.384
355 2005-01-07T08:44 LLAMAICEA Wind    54.38   306.54 0.781 -1.0    21.35   227.17    0.400
356 2005-01-16T16:10      CDAW  ACE     0.09    15.92 0.927 -1.0    16.85    35.14    0.321
356 2005-01-16T16:10      CDAW Wind     1.94    21.35 0.895 -1.0    16.25    41.92    0.386
356 2005-01-16T16:10    DREAMS  ACE    -0.79    11.00 0.944 -1.0    16.93    27.54    0.242
356 2005-01-16T16:10    DREAMS Wind    -1.37    15.46 0.919 -1.0    16.52    35.14    0.215
356 2005-01-16T16:10        RC  ACE     0.58    11.38 0.949 -1.0    17.73    27.33    0.342
356 2005-01-16T16:10        RC Wind     2.09    18.51 0.910 -1.0    16.51    37.88    0.383
356 2005-01-16T16:10      Wind  ACE    -0.90    12.44 0.937 -1.0    16.71    30.06    0.263
356 2005-01-16T16:10      Wind Wind    -1.06    17.39 0.911 -1.0    16.41    38.48    0.279
356 2005-01-16T16:10 LLAMAICEA  ACE    -1.57    15.50 0.919 -1.0    16.37    34.61    0.239
356 2005-01-16T16:10 LLAMAICEA Wind    -1.79    17.58 0.904 -1.0    16.34    38.51    0.221
356 2005-01-16T16:10 LLAMAICEB  ACE    -3.30   152.53 0.970  1.0    14.68   235.09    0.390
356 2005-01-16T16:10 LLAMAICEB Wind     0.56     1.56 0.993 -1.0    25.18     8.06    0.406
356 2005-01-16T16:10 LLAMAICEC  ACE     9.27    88.17 -0.131 -1.0    10.42   186.22    0.441
356 2005-01-16T16:10 LLAMAICEC Wind    20.80    89.42 -0.225 -1.0    10.84   163.98    0.524
356 2005-01-16T16:10 LLAMAICED  ACE     0.38    11.19 0.936 -1.0    14.65    70.49    0.391
356 2005-01-16T16:10 LLAMAICED Wind    13.05    83.64 -0.185 -1.0    10.46   227.06    0.532
357 2005-01-19T03:02    DREAMS  ACE   -35.33   275.24 0.781  1.0    22.86    70.66    0.165
357 2005-01-19T03:02    DREAMS Wind   -32.93   276.45 0.782  1.0    23.70    66.59    0.173
357 2005-01-19T03:02        RC  ACE   -36.94   276.27 0.781  1.0    22.67    69.73    0.169
357 2005-01-19T03:02        RC Wind    -4.65   336.10 0.902 -1.0    29.70    29.79    0.173
357 2005-01-19T03:02      Wind  ACE    -4.18   335.63 0.900 -1.0    28.08    29.96    0.158
357 2005-01-19T03:02      Wind Wind    17.92    20.36 -0.892 -1.0    28.10    31.38    0.135
357 2005-01-19T03:02 LLAMAICEA  ACE    -2.12   348.66 0.954 -1.0    33.44    15.30    0.139
357 2005-01-19T03:02 LLAMAICEA Wind    -2.03   348.71 0.954 -1.0    34.10    15.17    0.137
357 2005-01-19T03:02 LLAMAICEC  ACE   -33.91   273.94 0.783  1.0    22.77    75.12    0.164
357 2005-01-19T03:02 LLAMAICEC Wind   -27.09   274.29 0.782  1.0    23.62    71.25    0.187
358 2005-01-21T16:46      Wind  ACE    11.67   106.06 0.799 -1.0    26.31    78.81    0.095
358 2005-01-21T16:46      Wind Wind    -0.63    94.53 0.802 -1.0    26.01    89.59    0.097
358 2005-01-21T16:46 LLAMAICEA  ACE    13.02   106.15 0.808 -1.0    27.74    81.00    0.092
358 2005-01-21T16:46 LLAMAICEA Wind     1.58    91.16 0.837 -1.0    27.43   117.91    0.091
359 2005-01-31T08:22    DREAMS  ACE     1.25   257.38 0.786  1.0    12.56   143.15    0.198
359 2005-01-31T08:22    DREAMS Wind    -0.19   349.16 0.954 -1.0    17.93    30.55    0.363
359 2005-01-31T08:22        RC  ACE     2.82   261.92 0.782  1.0    12.99   128.38    0.228
359 2005-01-31T08:22        RC Wind    -0.91   246.95 0.795  1.0    13.24   116.07    0.286
360 2005-02-16T12:14      Wind  ACE     4.58   211.20 0.827 -1.0    21.19    78.99    0.216
360 2005-02-16T12:14 LLAMAICEA  ACE     4.58   211.20 0.827 -1.0    21.19    78.99    0.216
360 2005-02-16T12:14 LLAMAICEC  ACE     4.36   208.44 0.848 -1.0    21.10    74.57    0.205
360 2005-02-16T12:14 LLAMAICEC Wind     3.15   202.92 0.880 -1.0    22.71    39.93    0.234
361 2005-02-17T22:27      CDAW  ACE    -7.16   328.01 0.857  1.0    10.92    50.66    0.252
361 2005-02-17T22:27      CDAW Wind    -6.25    80.52 -0.773 -1.0    10.05    85.16    0.341
361 2005-02-17T22:27    DREAMS  ACE   -53.29   346.02 -0.821 -1.0     9.58    68.41    0.055
361 2005-02-17T22:27    DREAMS Wind   -60.70     8.98 -0.812 -1.0     9.17    72.42    0.065
361 2005-02-17T22:27        RC  ACE    72.28   359.04 0.799  1.0     9.64    98.27    0.144
361 2005-02-17T22:27        RC Wind    -3.04    82.99 -0.800 -1.0     9.38   105.87    0.161
361 2005-02-17T22:27      Wind  ACE    -6.73   324.00 0.844  1.0    10.73    57.21    0.254
361 2005-02-17T22:27      Wind Wind    -5.64    81.30 -0.773 -1.0    10.07    86.79    0.346
361 2005-02-17T22:27 LLAMAICEA  ACE    -0.00     0.00 -0.990  1.0    19.69    88.37    0.200
361 2005-02-17T22:27 LLAMAICEA Wind    -0.00     0.00 -0.976  1.0    19.45   111.59    0.223
362 2005-02-20T12:00    DREAMS  ACE    -3.91   166.98 0.960  1.0    10.42    62.08    0.249
362 2005-02-20T12:00    DREAMS Wind    -3.30   166.36 0.954  1.0    10.50    57.26    0.258
362 2005-02-20T12:00    DREAMS  ACE     1.95    75.31 -0.780  1.0     8.28   110.21    0.115
362 2005-02-20T12:00    DREAMS Wind     4.00    68.83 -0.787  1.0     9.18    96.10    0.116
362 2005-02-20T12:00        RC  ACE    -2.17    73.13 -0.740  1.0     8.67   258.78    0.266
362 2005-02-20T12:00        RC Wind     0.19    73.44 -0.747  1.0     9.14   244.59    0.273
362 2005-02-20T12:00      Wind  ACE     1.20    77.16 -0.754  1.0     8.64   202.10    0.152
362 2005-02-20T12:00      Wind Wind     3.13    76.19 -0.762  1.0     9.29   177.94    0.159
362 2005-02-20T12:00        RC  ACE    20.68   159.15 0.836  1.0    16.04 5208984089.06    0.142
362 2005-02-20T12:00        RC Wind     0.00     0.00 -0.852  1.0    16.93   387.61    0.166
362 2005-02-20T12:00 LLAMAICEA  ACE     0.18   174.29 0.976  1.0    16.17    54.39    0.284
362 2005-02-20T12:00 LLAMAICEA Wind    10.26    37.69 -0.833  1.0    10.65   259.23    0.177
363 2005-05-08T17:04    DREAMS Wind   -21.17   192.11 0.907 -1.0    18.87    48.84    0.260
363 2005-05-08T17:04 LLAMAICEA Wind   -21.17   192.11 0.907 -1.0    18.87    48.84    0.260
364 2005-05-15T02:10      CDAW  ACE    59.29   330.34 -0.596 -1.0    65.79    83.37    0.075
364 2005-05-15T02:10      CDAW Wind    53.59   320.41 -0.596 -1.0    68.20    82.15    0.077
364 2005-05-15T02:10    DREAMS  ACE    -7.47    10.44 0.956  1.0    68.25    33.45    0.066
364 2005-05-15T02:10    DREAMS Wind    -4.32    10.37 0.963  1.0    76.05    29.40    0.060
364 2005-05-15T02:10   Lepping  ACE    59.88   334.61 -0.599 -1.0    65.28    81.58    0.075
364 2005-05-15T02:10   Lepping Wind    54.54   336.99 -0.549 -1.0    67.24    73.10    0.076
364 2005-05-15T02:10        RC  ACE    -8.02     8.40 0.960  1.0    69.80    30.92    0.061
364 2005-05-15T02:10        RC Wind    -4.59     9.30 0.966  1.0    76.89    27.66    0.058
364 2005-05-15T02:10      Wind  ACE    39.74    54.21 -0.809 -1.0    50.98    65.01    0.112
364 2005-05-15T02:10      Wind Wind   -38.03    45.99 0.821  1.0    55.32    58.17    0.125
364 2005-05-15T02:10 LLAMAICEA  ACE    -7.47    10.44 0.956  1.0    68.25    33.45    0.066
364 2005-05-15T02:10 LLAMAICEA Wind    -4.32    10.37 0.963  1.0    76.05    29.40    0.060
365 2005-05-20T03:00      CDAW  ACE    62.19    79.68 0.213 -1.0    16.66   160.64    0.213
365 2005-05-20T03:00      CDAW Wind    69.57    86.86 0.227 -1.0    16.74   159.79    0.238
365 2005-05-20T03:00    DREAMS  ACE    65.51    84.41 0.201 -1.0    16.60   164.99    0.238
365 2005-05-20T03:00    DREAMS Wind    72.43    95.83 0.206 -1.0    16.64   165.58    0.274
365 2005-05-20T03:00   Lepping  ACE    62.19    79.68 0.213 -1.0    16.66   160.64    0.213
365 2005-05-20T03:00   Lepping Wind    69.57    86.86 0.227 -1.0    16.74   159.79    0.238
365 2005-05-20T03:00        RC  ACE     6.71    54.00 0.789 -1.0    16.73   166.68    0.487
365 2005-05-20T03:00        RC Wind    12.48    65.11 0.775 -1.0    16.64   169.66    0.522
365 2005-05-20T03:00      Wind  ACE     7.61    13.72 0.929 -1.0    21.08    53.53    0.303
365 2005-05-20T03:00      Wind Wind    10.21    22.45 0.890 -1.0    19.38    70.28    0.317
365 2005-05-20T03:00 LLAMAICEA  ACE     8.90    28.28 0.866 -1.0    18.49    97.19    0.379
365 2005-05-20T03:00 LLAMAICEA Wind    11.66    43.97 0.814 -1.0    17.41   123.49    0.410
366 2005-05-28T03:18      CDAW  ACE     5.89   176.14 -0.952 -1.0    27.85    52.53    0.121
366 2005-05-28T03:18      CDAW Wind    12.75   173.00 -0.936 -1.0    28.14    27.23    0.135
366 2005-05-28T03:18    DREAMS  ACE     0.00   180.00 0.796  1.0    20.90  2629.85    0.205
366 2005-05-28T03:18    DREAMS Wind     0.01   179.98 0.758  1.0    24.00    29.16    0.275
366 2005-05-28T03:18        RC  ACE    20.84    22.13 -0.787  1.0    22.02 684889354.71    0.215
366 2005-05-28T03:18        RC Wind    22.35    17.76 -0.802  1.0    22.42 606371913.03    0.228
366 2005-05-28T03:18    DREAMS  ACE   -26.21   145.27 -0.611 -1.0    26.41    92.02    0.230
366 2005-05-28T03:18    DREAMS Wind   -23.66   143.55 -0.641 -1.0    27.00    84.70    0.211
366 2005-05-28T03:18        RC  ACE   -64.64    62.14 0.098 -1.0    20.26   247.55    0.181
366 2005-05-28T03:18        RC Wind   -59.25    57.87 0.063 -1.0    20.09   258.92    0.198
366 2005-05-28T03:18    DREAMS  ACE     0.58   181.78 0.992 -1.0    12.53    15.69    0.450
366 2005-05-28T03:18    DREAMS Wind     0.28   180.81 0.997 -1.0    16.30     7.84    0.367
366 2005-05-28T03:18        RC  ACE    -0.31   179.09 0.996  1.0    14.53     8.22    0.387
366 2005-05-28T03:18        RC Wind     0.03   180.54 0.998 -1.0    16.80     5.54    0.364
366 2005-05-28T03:18 LLAMAICEA  ACE     0.00   180.00 -0.984  1.0    21.72   443.01    0.333
366 2005-05-28T03:18 LLAMAICEA Wind    -0.00   180.00 -0.982 -1.0    21.63   751.57    0.359
367 2005-06-12T15:00    DREAMS  ACE   -24.35   342.24 0.804 -1.0    24.59   101.14    0.056
367 2005-06-12T15:00    DREAMS Wind   -24.06   343.17 0.807 -1.0    25.54    97.32    0.036
367 2005-06-12T15:00   Lepping  ACE   -26.02   344.45 0.832 -1.0    26.44    79.87    0.057
367 2005-06-12T15:00   Lepping Wind   -24.13   345.82 0.840 -1.0    27.35    80.62    0.042
367 2005-06-12T15:00        RC  ACE   -22.84   342.35 0.800 -1.0    23.87   110.41    0.056
367 2005-06-12T15:00        RC Wind   -22.32   343.58 0.807 -1.0    24.85   105.10    0.037
367 2005-06-12T15:00      Wind  ACE   -16.05   346.03 0.830 -1.0    21.85   124.35    0.073
367 2005-06-12T15:00      Wind Wind   -16.10   346.87 0.843 -1.0    22.95   108.36    0.066
367 2005-06-12T15:00 LLAMAICEA  ACE   -22.84   342.35 0.800 -1.0    23.87   110.41    0.056
367 2005-06-12T15:00 LLAMAICEA Wind   -22.32   343.58 0.807 -1.0    24.85   105.10    0.037
367 2005-06-12T15:00 LLAMAICEC  ACE   -12.47   194.63 0.931  1.0    27.19 561521993.79    0.187
367 2005-06-12T15:00 LLAMAICEC Wind   -16.93   200.34 0.875  1.0    28.04 1210043926.14    0.208
368 2005-06-14T17:55    DREAMS  ACE    25.23   237.32 -0.288 -1.0    12.30   167.77    0.238
368 2005-06-14T17:55    DREAMS Wind    25.21   236.99 -0.332 -1.0    12.66   157.08    0.261
368 2005-06-14T17:55   Lepping  ACE    25.28   233.62 -0.325 -1.0    12.39   158.07    0.240
368 2005-06-14T17:55   Lepping Wind    24.77   231.77 -0.390 -1.0    12.88   147.43    0.233
368 2005-06-14T17:55        RC  ACE    24.88   227.99 -0.328 -1.0    12.55   194.48    0.262
368 2005-06-14T17:55        RC Wind     0.85   187.38 0.967  1.0    21.69    30.39    0.268
368 2005-06-14T17:55      Wind  ACE    26.04   235.75 -0.279 -1.0    12.31   176.00    0.237
368 2005-06-14T17:55      Wind Wind    26.23   236.31 -0.314 -1.0    12.64   164.38    0.227
368 2005-06-14T17:55 LLAMAICEA  ACE    25.23   237.32 -0.288 -1.0    12.30   167.77    0.238
368 2005-06-14T17:55 LLAMAICEA Wind    25.21   236.99 -0.332 -1.0    12.66   157.08    0.261
369 2005-06-16T08:08        RC  ACE     8.28     9.63 -0.943 -1.0    14.85    27.11    0.388
369 2005-06-16T08:08        RC Wind    15.19     2.45 0.934  1.0    15.25    27.60    0.401
370 2005-07-10T02:42      CDAW  ACE    -2.00   357.75 -0.988  1.0    42.59    18.17    0.122
370 2005-07-10T02:42      CDAW Wind    -2.16   357.62 -0.987  1.0    42.61    18.21    0.122
370 2005-07-10T02:42    DREAMS  ACE    -1.80   357.92 -0.989  1.0    43.49    16.88    0.123
370 2005-07-10T02:42    DREAMS Wind     1.38     2.26 0.990  1.0    44.96    15.84    0.133
370 2005-07-10T02:42        RC  ACE    -1.61   357.37 0.988 -1.0    42.74    18.72    0.130
370 2005-07-10T02:42        RC Wind    -2.43   357.26 -0.985  1.0    41.30    20.34    0.123
370 2005-07-10T02:42      Wind  ACE    -0.01   359.99 -0.990  1.0    27.65    65.91    0.160
370 2005-07-10T02:42      Wind Wind    -0.01   359.99 -0.978  1.0    26.15    83.19    0.171
370 2005-07-10T02:42 LLAMAICEA  ACE    -0.01   359.99 -0.990  1.0    27.65    65.91    0.160
370 2005-07-10T02:42 LLAMAICEA Wind    -0.01   359.99 -0.978  1.0    26.15    83.19    0.171
371 2005-07-17T00:50    DREAMS  ACE     2.77   190.89 0.939  1.0    25.16    20.67    0.173
371 2005-07-17T00:50    DREAMS Wind     7.37   317.35 -0.921  1.0    24.15    65.78    0.154
371 2005-07-17T00:50   Lepping  ACE   -26.74   264.06 -0.372  1.0    17.03    94.05    0.068
371 2005-07-17T00:50   Lepping Wind   -29.32   261.03 -0.386  1.0    17.12    88.86    0.075
371 2005-07-17T00:50        RC  ACE     0.10   181.26 0.995  1.0    29.72    12.60    0.213
371 2005-07-17T00:50        RC Wind    -0.16   178.94 0.996 -1.0    31.06    11.25    0.219
371 2005-07-17T00:50      Wind  ACE   -19.97   214.97 0.211  1.0    16.13    80.01    0.072
371 2005-07-17T00:50      Wind Wind   -13.56   202.72 0.360  1.0    17.39    58.40    0.088
371 2005-07-17T00:50 LLAMAICEA  ACE   -34.87   244.93 -0.207  1.0    15.56   110.11    0.066
371 2005-07-17T00:50 LLAMAICEA Wind   -13.69   201.06 0.389  1.0    17.83    52.02    0.084
371 2005-07-17T00:50 LLAMAICEB  ACE     3.89   175.53 0.813 -1.0    15.86    50.16    0.183
371 2005-07-17T00:50 LLAMAICEB Wind     3.31   176.35 0.767 -1.0    16.48    43.09    0.173
372 2005-08-08T23:33    DREAMS  ACE     6.01   341.33 0.912 -1.0    11.08    30.90    0.250
372 2005-08-08T23:33    DREAMS Wind     6.64   338.16 0.900 -1.0    11.00    33.15    0.208
372 2005-08-08T23:33 LLAMAICEA  ACE     6.01   341.33 0.912 -1.0    11.08    30.90    0.250
372 2005-08-08T23:33 LLAMAICEA Wind     6.64   338.16 0.900 -1.0    11.00    33.15    0.208
373 2005-08-10T06:14    DREAMS  ACE   -16.26   342.40 -0.922  1.0    14.93    31.60    0.207
373 2005-08-10T06:14    DREAMS Wind   -19.52   340.41 -0.910  1.0    15.09    31.55    0.220
373 2005-08-10T06:14        RC  ACE   -11.54   192.52 -0.961 -1.0    15.97    46.86    0.229
373 2005-08-10T06:14        RC Wind   -12.91   194.56 0.936  1.0    15.95    36.16    0.251
373 2005-08-10T06:14      Wind  ACE   -17.19   339.97 -0.914  1.0    14.76    39.64    0.194
373 2005-08-10T06:14      Wind Wind   -20.34   337.67 -0.901  1.0    14.89    40.03    0.208
373 2005-08-10T06:14 LLAMAICEA  ACE    -8.69   189.94 0.954  1.0    16.13    38.33    0.186
373 2005-08-10T06:14 LLAMAICEA Wind   -11.02   192.11 0.905  1.0    15.92    33.10    0.205
373 2005-08-10T06:14 LLAMAICEB  ACE   -17.19   339.97 -0.914  1.0    14.76    39.64    0.194
373 2005-08-10T06:14 LLAMAICEB Wind   -20.34   337.67 -0.901  1.0    14.89    40.03    0.208
373 2005-08-10T06:14 LLAMAICEC  ACE    -0.00   180.00 0.977  1.0    15.08   917.01    0.264
373 2005-08-10T06:14 LLAMAICEC Wind    -0.00   180.00 0.953  1.0    15.01  1131.52    0.243
373 2005-08-10T06:14 LLAMAICED  ACE   -12.36   195.44 0.936  1.0    14.11   123.55    0.220
373 2005-08-10T06:14 LLAMAICED Wind   -13.45   195.46 0.923  1.0    14.24    89.78    0.213
374 2005-08-23T20:00        RC  ACE     0.00   180.02 0.910  1.0    38.31    45.76    0.287
374 2005-08-23T20:00        RC Wind    -0.00   180.00 -1.000  1.0    42.29    26.27    0.291
375 2005-08-24T05:38    DREAMS  ACE    -0.00   180.00 -1.000 -1.0    38.89     6.22    0.067
375 2005-08-24T05:38    DREAMS Wind     0.00   180.00 -1.000  1.0    36.77     7.27    0.067
375 2005-08-24T05:38        RC  ACE    -0.00   180.00 -0.840 -1.0    33.94    60.79    0.096
375 2005-08-24T05:38        RC Wind    -0.00   180.00 1.000  1.0    37.42    37.88    0.246
376 2005-09-02T13:48      CDAW  ACE     0.00   360.00 -0.698  1.0    19.78    12.45    0.096
376 2005-09-02T13:48      CDAW Wind    -0.05     0.08 -0.635 -1.0    18.53    18.33    0.108
376 2005-09-02T13:48    DREAMS  ACE     0.00   360.00 -0.609  1.0    19.46     8.25    0.104
376 2005-09-02T13:48    DREAMS Wind    -0.10     0.82 -0.518 -1.0    15.26    25.17    0.079
376 2005-09-02T13:48        RC  ACE     1.02   359.95 -0.995  1.0    26.23     8.55    0.250
376 2005-09-02T13:48        RC Wind     0.41   359.63 -0.531  1.0    16.31    42.36    0.236
376 2005-09-02T13:48 LLAMAICEA  ACE     0.00   360.00 -0.541  1.0    16.46    16.67    0.094
376 2005-09-02T13:48 LLAMAICEA Wind     0.00   360.00 -0.529  1.0    15.24    32.39    0.089
376 2005-09-02T13:48 LLAMAICEC  ACE     2.52     0.00 -0.761  1.0    21.86    13.92    0.260
376 2005-09-02T13:48 LLAMAICEC Wind    -1.59   360.00 -0.614 -1.0    19.76    20.13    0.293
377 2005-09-11T00:59    DREAMS  ACE    65.61   149.59 0.980 -1.0    16.70 23177818.36    0.063
377 2005-09-11T00:59    DREAMS Wind    -3.42   170.17 0.952 -1.0    68.11     1.15    0.241
377 2005-09-11T00:59        RC  ACE    65.94   152.94 0.976 -1.0    16.67 57966085.20    0.068
377 2005-09-11T00:59        RC Wind     1.74   185.46 -0.992  1.0    73.43     4.13    0.179
377 2005-09-11T00:59 LLAMAICEA  ACE   -74.88   308.63 -0.948  1.0    16.39   725.34    0.060
377 2005-09-11T00:59 LLAMAICEA Wind    -8.36   173.34 -0.954  1.0    67.88     1.15    0.239
378 2005-09-12T06:00    DREAMS  ACE    -1.48   178.40 -0.992 -1.0    23.48     6.14    0.440
378 2005-09-12T06:00    DREAMS Wind     0.67   182.86 0.988 -1.0    22.60     7.06    0.472
378 2005-09-12T06:00        RC  ACE     1.23   182.05 -0.991  1.0    23.18     6.53    0.440
378 2005-09-12T06:00        RC Wind     1.97   182.62 -0.987  1.0    22.25     7.58    0.460
378 2005-09-12T06:00        RC  ACE   -42.57   104.88 0.773 -1.0     8.19    80.93    0.356
378 2005-09-12T06:00        RC Wind    -5.48   200.26 -0.909  1.0    10.26    22.75    0.412
378 2005-09-12T06:00 LLAMAICEA  ACE   -27.21   216.85 0.843 -1.0    13.76    65.71    0.373
378 2005-09-12T06:00 LLAMAICEA Wind    27.53   202.18 -0.872  1.0    15.17    50.29    0.310
379 2005-09-15T08:25      CDAW  ACE    23.22   142.70 -0.073  1.0    17.55   107.08    0.194
379 2005-09-15T08:25      CDAW Wind    -0.00   180.00 0.469 -1.0    22.57   113.35    0.174
379 2005-09-15T08:25    DREAMS  ACE     4.26   196.08 0.932  1.0    14.84    22.75    0.196
379 2005-09-15T08:25    DREAMS Wind   -11.09   176.12 0.952 -1.0    17.44    18.14    0.190
379 2005-09-15T08:25        RC  ACE   -41.61   271.87 0.750 -1.0    10.76   280.79    0.396
379 2005-09-15T08:25        RC Wind   -44.36   271.75 0.748 -1.0    11.06   365.36    0.402
380 2005-09-21T01:02    DREAMS  ACE     8.04   207.59 0.886  1.0    10.45    69.18    0.185
380 2005-09-21T01:02    DREAMS Wind     9.30   327.92 -0.864  1.0    10.57    57.43    0.236
380 2005-09-21T01:02        RC  ACE    10.46   216.75 0.863  1.0    10.18   111.64    0.213
380 2005-09-21T01:02        RC Wind     9.62   218.65 -0.851 -1.0    10.18   110.56    0.246
381 2005-10-31T05:44    DREAMS  ACE   -11.31   329.39 -0.017  1.0    14.23   107.21    0.114
381 2005-10-31T05:44    DREAMS Wind   -14.72   325.33 0.026  1.0    14.49   103.87    0.120
381 2005-10-31T05:44   Lepping  ACE   -10.57   330.37 -0.032  1.0    14.34   101.80    0.113
381 2005-10-31T05:44   Lepping Wind   -14.31   325.52 0.022  1.0    14.58   101.80    0.116
381 2005-10-31T05:44        RC  ACE    -5.24   322.21 0.028  1.0    14.34   114.68    0.111
381 2005-10-31T05:44        RC Wind    -7.23   319.55 0.041  1.0    14.50   112.71    0.120
381 2005-10-31T05:44      Wind  ACE    -4.12   325.33 -0.016  1.0    14.81    92.39    0.106
381 2005-10-31T05:44      Wind Wind    -5.99   323.29 -0.011  1.0    14.94    93.47    0.115
381 2005-10-31T05:44 LLAMAICEA  ACE    -3.92   349.04 -0.364  1.0    17.78    35.64    0.132
381 2005-10-31T05:44 LLAMAICEA Wind    -4.61   348.18 -0.367  1.0    18.20    34.55    0.128
381 2005-10-31T05:44 LLAMAICEB  ACE    -3.28   354.01 -0.394  1.0    18.06    32.03    0.170
381 2005-10-31T05:44 LLAMAICEB Wind    -6.69   350.25 -0.335  1.0    17.11    41.86    0.150
381 2005-10-31T05:44 LLAMAICEC  ACE    -3.82   322.68 0.013  1.0    14.42   109.51    0.111
381 2005-10-31T05:44 LLAMAICEC Wind    -5.69   320.53 0.019  1.0    14.57   108.52    0.121
381 2005-10-31T05:44 LLAMAICED  ACE   -11.76   324.18 0.035  1.0    13.70   141.55    0.118
381 2005-10-31T05:44 LLAMAICED Wind   -14.71   320.88 0.065  1.0    13.98   131.25    0.128
382 2005-12-31T12:33    DREAMS Wind     4.52   169.14 0.737  1.0    16.08    73.03    0.107
382 2005-12-31T12:33   Lepping Wind    10.58    57.79 -0.674  1.0    13.14   208.18    0.089
382 2005-12-31T12:33        RC Wind     0.12   177.83 0.993  1.0    21.83     9.51    0.205
382 2005-12-31T12:33 LLAMAICEA Wind    19.28    79.22 -0.466  1.0    12.14   215.53    0.102
382 2005-12-31T12:33 LLAMAICEB Wind     5.96   170.41 0.633  1.0    15.06   126.46    0.117
383 2006-02-05T18:14    DREAMS  ACE   -26.96   317.45 -0.528  1.0    14.99   100.51    0.111
383 2006-02-05T18:14    DREAMS Wind   -29.91   320.71 -0.518  1.0    15.42   117.87    0.103
383 2006-02-05T18:14   Lepping  ACE   -29.53   285.24 -0.144  1.0    13.04   133.04    0.120
383 2006-02-05T18:14   Lepping Wind   -34.36   287.98 -0.151  1.0    13.34   159.09    0.103
383 2006-02-05T18:14        RC  ACE   -24.65   310.64 -0.477  1.0    14.77   111.01    0.112
383 2006-02-05T18:14        RC Wind   -26.58   316.34 -0.504  1.0    15.15   133.19    0.109
383 2006-02-05T18:14      Wind  ACE   -23.42   318.39 -0.572  1.0    15.58    99.14    0.115
383 2006-02-05T18:14      Wind Wind   -24.50   323.78 -0.596  1.0    15.98   117.60    0.114
383 2006-02-05T18:14 LLAMAICEA  ACE   -17.63   326.39 -0.723  1.0    17.25    80.14    0.133
383 2006-02-05T18:14 LLAMAICEA Wind   -16.76   333.37 -0.767  1.0    17.82    97.51    0.133
383 2006-02-05T18:14 LLAMAICEB  ACE   -26.96   317.45 -0.528  1.0    14.99   100.51    0.111
383 2006-02-05T18:14 LLAMAICEB Wind   -29.91   320.71 -0.518  1.0    15.42   117.87    0.103
383 2006-02-05T18:14 LLAMAICEC  ACE   -17.51   304.09 -0.447  1.0    14.70   114.92    0.134
383 2006-02-05T18:14 LLAMAICEC Wind   -18.62   314.94 -0.545  1.0    15.32   147.75    0.132
383 2006-02-05T18:14 LLAMAICED  ACE   -27.68   287.27 -0.179  1.0    13.20   132.27    0.119
383 2006-02-05T18:14 LLAMAICED Wind   -32.76   288.56 -0.164  1.0    13.42   163.92    0.106
384 2006-04-13T11:20    DREAMS  ACE     8.59   112.08 -0.099 -1.0    20.72  9983.53    0.078
384 2006-04-13T11:20    DREAMS Wind    12.22   111.42 -0.113 -1.0    20.90  2247.55    0.082
384 2006-04-13T11:20   Lepping  ACE    47.38   350.21 0.345 -1.0    22.58    62.12    0.134
384 2006-04-13T11:20   Lepping Wind    40.63   346.94 0.386 -1.0    22.88    60.24    0.131
384 2006-04-13T11:20   Lepping  ACE    -8.01    48.75 0.635 -1.0    26.35 1834432052.37    0.086
384 2006-04-13T11:20   Lepping Wind    -5.26    47.74 0.634 -1.0    26.30 1345462968.43    0.087
384 2006-04-13T11:20        RC  ACE    29.49   119.29 -0.178 -1.0    22.41   423.36    0.098
384 2006-04-13T11:20        RC Wind    33.46   119.03 -0.189 -1.0    22.49   360.86    0.107
384 2006-04-13T11:20      Wind  ACE    11.89   111.87 -0.100 -1.0    20.77  2134.01    0.094
384 2006-04-13T11:20      Wind Wind    15.81   110.15 -0.102 -1.0    20.97  1066.31    0.103
384 2006-04-13T11:20        RC  ACE    -0.43   178.65 0.995  1.0    27.65     2.59    0.611
384 2006-04-13T11:20        RC Wind   -13.10    41.54 -0.881  1.0    16.44    42.63    0.176
384 2006-04-13T11:20      Wind  ACE    -0.25   177.82 0.872  1.0    14.58 24696473.84    0.212
384 2006-04-13T11:20      Wind Wind    -5.66    25.45 0.949 -1.0    16.39    84.95    0.180
384 2006-04-13T11:20 LLAMAICEA  ACE    -5.87   120.17 -0.183 -1.0    17.01  1136.38    0.301
384 2006-04-13T11:20 LLAMAICEA Wind    -0.68   115.47 -0.141 -1.0    17.64  1047.99    0.272
385 2006-06-14T08:09      Wind  ACE     0.00   360.00 -0.589  1.0    13.10    32.50    0.175
385 2006-06-14T08:09      Wind Wind    -0.00   360.00 0.706 -1.0    14.32    29.73    0.216
386 2006-06-17T21:40    DREAMS  ACE   -32.27   274.86 0.820  1.0     8.42   102.94    0.079
386 2006-06-17T21:40    DREAMS Wind   -28.87   276.78 0.806  1.0     7.95   127.75    0.079
387 2006-07-09T20:40    DREAMS  ACE     0.03   359.98 -1.000  1.0    17.42   309.26    0.140
387 2006-07-09T20:40    DREAMS Wind     0.03   359.98 -1.000  1.0    17.78   375.34    0.149
387 2006-07-09T20:40        RC  ACE     0.00   360.00 -0.995  1.0    17.96   740.56    0.155
387 2006-07-09T20:40        RC Wind    -0.00   180.00 0.969 -1.0    18.02 62099097.74    0.167
387 2006-07-09T20:40      Wind  ACE     0.67   180.44 0.974  1.0    16.67 177661866.47    0.164
387 2006-07-09T20:40      Wind Wind     0.00   360.00 1.000 -1.0    17.40   150.45    0.215
387 2006-07-09T20:40 LLAMAICEA  ACE     1.41   359.06 1.000 -1.0    16.12   624.42    0.112
387 2006-07-09T20:40 LLAMAICEA Wind     0.00   180.00 1.000  1.0    16.45   334.50    0.117
387 2006-07-09T20:40 LLAMAICEB  ACE     0.03   359.98 -1.000  1.0    17.42   309.26    0.140
387 2006-07-09T20:40 LLAMAICEB Wind     0.03   359.98 -1.000  1.0    17.78   375.34    0.149
387 2006-07-09T20:40 LLAMAICEC Wind    -0.00   180.00 0.979 -1.0    15.64   500.44    0.147
387 2006-07-09T20:40 LLAMAICED  ACE     0.03   180.02 0.988  1.0    16.69   853.25    0.163
387 2006-07-09T20:40 LLAMAICED Wind    -0.00   180.00 0.951 -1.0    16.53 64520837.24    0.164
388 2006-08-19T10:57      CDAW  ACE    12.77   202.14 0.741  1.0    15.13   407.01    0.195
388 2006-08-19T10:57      CDAW Wind     8.85   197.56 0.768  1.0    15.08   619.19    0.211
388 2006-08-19T10:57    DREAMS  ACE     0.00   180.00 -0.996 -1.0    15.41 81500272.32    0.116
388 2006-08-19T10:57    DREAMS Wind     0.00   180.00 -0.993 -1.0    15.37  2151.43    0.122
388 2006-08-19T10:57        RC  ACE     0.00   180.00 -0.997 -1.0    15.42 44661682.75    0.111
388 2006-08-19T10:57        RC Wind     1.06   350.40 0.999 -1.0    15.41 475118556.65    0.117
388 2006-08-19T10:57      Wind  ACE    -0.31   177.26 0.999 -1.0    15.45 323022099.06    0.113
388 2006-08-19T10:57      Wind Wind     0.00   180.00 0.987  1.0    15.33 7157661.41    0.124
388 2006-08-19T10:57 LLAMAICEA  ACE     5.94   202.35 -0.931 -1.0    18.81   275.73    0.229
388 2006-08-19T10:57 LLAMAICEA Wind    -0.18   359.77 0.999 -1.0    49.58     7.64    0.224
389 2006-08-30T21:06   Lepping  ACE    -4.18    73.38 0.177 -1.0    10.85    99.88    0.070
389 2006-08-30T21:06   Lepping Wind    -4.22    66.12 0.305 -1.0    11.22    91.92    0.076
389 2006-08-30T21:06        RC  ACE     0.18   175.81 0.983  1.0    21.78    17.89    0.525
389 2006-08-30T21:06        RC Wind     0.37   176.11 0.985  1.0    22.43    15.97    0.536
389 2006-08-30T21:06      Wind  ACE    -0.24   175.30 -0.981 -1.0    21.41    19.87    0.479
389 2006-08-30T21:06      Wind Wind     0.17   176.15 0.985  1.0    22.58    16.27    0.531
389 2006-08-30T21:06 LLAMAICEA  ACE     0.07   176.27 0.985  1.0    22.52    16.68    0.529
389 2006-08-30T21:06 LLAMAICEA Wind     0.03   176.06 0.985  1.0    22.60    16.73    0.528
390 2006-09-30T08:35    DREAMS  ACE    14.07    40.58 0.698 -1.0    28.00    49.55    0.255
390 2006-09-30T08:35    DREAMS Wind    19.21    45.42 0.624 -1.0    27.36    48.26    0.258
390 2006-09-30T08:35   Lepping  ACE    12.26    69.55 0.208 -1.0    22.07    90.88    0.308
390 2006-09-30T08:35   Lepping Wind    17.81    69.96 0.183 -1.0    22.32    81.64    0.312
390 2006-09-30T08:35        RC  ACE    30.26    85.84 0.141 -1.0    22.72    72.04    0.290
390 2006-09-30T08:35        RC Wind    35.36    88.27 0.099 -1.0    22.74    67.31    0.292
390 2006-09-30T08:35      Wind  ACE    12.12    71.61 0.167 -1.0    21.69    97.46    0.322
390 2006-09-30T08:35      Wind Wind    17.27    72.36 0.126 -1.0    21.78    90.75    0.331
390 2006-09-30T08:35 LLAMAICEA  ACE    23.36    59.22 0.478 -1.0    25.33    57.67    0.268
390 2006-09-30T08:35 LLAMAICEA Wind    29.79    67.05 0.361 -1.0    24.57    56.12    0.268
390 2006-09-30T08:35 LLAMAICEB  ACE     0.00   360.00 0.581  1.0    27.46    35.05    0.536
390 2006-09-30T08:35 LLAMAICEB Wind     0.00   360.00 0.585  1.0    28.81    30.18    0.521
390 2006-09-30T08:35 LLAMAICEC  ACE    54.19   147.62 -0.140 -1.0    17.96   581.81    0.405
390 2006-09-30T08:35 LLAMAICEC Wind    54.40   154.89 -0.183 -1.0    17.92   839.52    0.422
390 2006-09-30T08:35 LLAMAICED  ACE    -0.00     0.00 0.713  1.0    31.80    20.89    0.566
390 2006-09-30T08:35 LLAMAICED Wind    -0.00     0.00 0.725  1.0    34.17    16.47    0.524
391 2006-11-01T21:21    DREAMS  ACE    -0.03   182.30 0.991  1.0    15.90     8.47    0.424
391 2006-11-01T21:21    DREAMS Wind    -0.28   184.31 0.982  1.0    14.39    11.40    0.333
391 2006-11-01T21:21        RC  ACE     0.16   189.45 0.957  1.0    11.89    23.23    0.260
391 2006-11-01T21:21        RC Wind    -0.22   186.70 0.979  1.0    15.50    16.78    0.339
391 2006-11-01T21:21      Wind  ACE    -0.01   182.40 0.990  1.0    16.11     8.09    0.437
391 2006-11-01T21:21      Wind Wind    -0.40   185.01 0.978  1.0    14.03    12.46    0.321
392 2006-11-18T07:11        RC  ACE     0.00   180.00 0.912  1.0    15.53 53070294.63    0.211
392 2006-11-18T07:11        RC Wind     1.59    19.98 -0.938  1.0    15.89   892.59    0.214
392 2006-11-18T07:11      Wind Wind     0.00   180.00 0.900  1.0    15.16 60136621.07    0.193
392 2006-11-18T07:11 LLAMAICEA Wind     0.00   180.00 0.900  1.0    15.16 60136621.07    0.193
393 2006-11-28T13:00    DREAMS  ACE    12.96   240.14 -0.093  1.0    15.38   259.30    0.160
393 2006-11-28T13:00    DREAMS Wind     6.69   244.01 -0.107  1.0    14.53   596.66    0.173
393 2006-11-28T13:00        RC  ACE    24.10   239.01 -0.133  1.0    16.48   191.49    0.106
393 2006-11-28T13:00        RC Wind    17.93   239.72 -0.109  1.0    15.32   450.19    0.112
393 2006-11-28T13:00      Wind  ACE    24.13   239.58 -0.137  1.0    16.56   192.58    0.100
393 2006-11-28T13:00      Wind Wind    18.18   239.86 -0.110  1.0    15.45   434.31    0.106
393 2006-11-28T13:00 LLAMAICEA  ACE     3.53   185.93 0.971  1.0    25.04    28.68    0.364
393 2006-11-28T13:00 LLAMAICEA Wind    16.01   228.17 0.066  1.0    13.03   687.21    0.328
394 2006-12-14T13:51    DREAMS  ACE   -32.41   301.28 0.791 -1.0    24.83    40.07    0.134
394 2006-12-14T13:51    DREAMS Wind   -38.32   308.78 0.797 -1.0    24.82    38.87    0.133
394 2006-12-14T13:51        RC  ACE   -35.97   297.38 0.787 -1.0    24.32    43.81    0.163
394 2006-12-14T13:51        RC Wind   -42.34   304.12 0.790 -1.0    24.33    42.81    0.144
394 2006-12-14T13:51      Wind  ACE   -33.37   299.33 0.791 -1.0    23.91    42.21    0.136
394 2006-12-14T13:51      Wind Wind   -39.18   306.72 0.796 -1.0    23.90    41.14    0.137
394 2006-12-14T13:51 LLAMAICEA  ACE   -33.24   317.01 0.812 -1.0    27.05    41.42    0.137
394 2006-12-14T13:51 LLAMAICEA Wind   -39.60   319.63 0.806 -1.0    26.91    36.94    0.140
394 2006-12-14T13:51 LLAMAICEB  ACE   -31.56   302.01 0.797 -1.0    22.45    43.69    0.144
394 2006-12-14T13:51 LLAMAICEB Wind   -37.53   307.04 0.800 -1.0    22.44    42.60    0.144
394 2006-12-14T13:51 LLAMAICEC  ACE   -23.74   203.36 -0.857 -1.0    28.38    30.68    0.230
394 2006-12-14T13:51 LLAMAICEC Wind   -46.09   317.00 0.791 -1.0    26.38    42.17    0.204
394 2006-12-14T13:51 LLAMAICED  ACE   -30.50   211.69 0.840  1.0    24.56    34.88    0.196
394 2006-12-14T13:51 LLAMAICED Wind   -43.11   300.50 0.791 -1.0    22.68    45.97    0.173
