  1 1995-02-07T18:48  Wind    0.75   0.16   4.59   0.04  -5.72   0.14   8.72   0.05   444.22   1.40   58428.52     58.10   8.18   0.09   0.82   0.00   2.12   0.75   7.09   1.39  -2.65   1.86  10.80   1.16   404.52  12.31   32905.06   1793.13   8.02   0.30   0.57   0.23
  2 1995-02-09T07:17  Wind    6.41   0.00   6.40   0.00  -0.67   0.00   9.52   0.00   412.08   0.00   35429.93      0.00   7.46   0.00   0.58   0.00   4.53   0.19   4.26   0.19   3.51   0.53   7.45   0.19   367.05   4.21   25392.44   1145.97   7.33   0.07   0.94   0.03
  3 1995-03-04T00:36  Wind    4.59   0.15  -2.34   0.04   2.05   0.00   6.80   0.02   434.10   0.20   75860.28    494.39  15.96   0.00   3.73   0.01  -6.49   0.46  -1.87   0.95  -5.70   0.88  10.99   0.40   445.15   1.73   26842.19   3753.20   9.73   0.31   0.67   0.24
  4 1995-03-06T07:11  Wind    2.84   0.00   4.39   0.00   1.16   0.00   7.33   0.00   445.04   0.00  233074.53      0.00   5.03   0.00   1.69   0.00   2.91   0.01   5.82   0.15   4.20   0.32   8.17   0.09   457.49   1.31  104911.25  13425.94   3.34   0.17   0.54   0.12
  5 1995-03-23T09:45  Wind   -0.35   0.11   7.01   0.06  -1.42   0.32   8.76   0.10   337.63   0.09   49661.32   1825.91  20.46   0.57   2.32   0.10   0.27   1.02   1.48   0.80   4.82   1.56   7.67   1.80   328.17   6.13   26253.79    664.21  17.26   0.66   4.25   3.73
  6 1995-04-01T13:46  Wind   -1.36   0.00   2.33   0.00  -1.08   0.00   4.24   0.00   380.89   0.00   24002.74      0.00  11.06   0.00   4.76   0.00  -2.95   1.95   2.43   0.66  -3.30   4.82   8.93   0.00   357.76  35.53   25144.50   5858.31   6.29   1.75   0.51   0.12
  7 1995-04-03T12:45  Wind   -4.66   0.00   3.33   0.00   5.96   0.00   8.46   0.00   326.12   0.00   58915.61      0.00   4.96   0.00   0.56   0.00  -6.65   0.21   3.38   0.12   2.13   0.37   8.89   0.03   296.98   3.39   28795.54   2799.51   3.47   0.16   0.30   0.02
  8 1995-04-05T17:59  Wind    2.38   0.00   5.16   0.00  -1.46   0.00   7.08   0.00   350.89   0.00   41802.14      0.00  12.94   0.00   2.36   0.00   4.30   0.74   2.62   0.73   0.37   1.82   7.51   0.43   333.77   2.48   22660.60   2745.16  12.33   1.38   1.43   0.14
  9 1995-05-13T10:19  Wind    None   None   None   None   None   None   None   None     None   None       None      None   None   None   None   None   3.15   0.29   2.03   0.39   8.31   3.08   9.99   1.51   329.39   0.73   23885.93    397.03  14.47   5.84   2.59   2.24
 10 1995-06-30T09:21  Wind   -1.64   1.26  -1.49   0.12  -4.08   0.86   6.34   0.93   484.08   0.75   61617.49   2975.45  12.69   2.16   4.61   1.47  -2.19   2.02  -5.77   1.02  -2.80   2.16   9.53   0.64   432.49  24.71   35252.34   3976.58   7.74   1.30   0.68   0.20
 11 1995-07-01T17:49  Wind   -0.61   0.00  -1.59   0.00  -3.38   0.00   5.58   0.00   483.46   0.00   64046.94      0.00  14.45   0.00   5.81   0.00   0.92   1.02  -5.80   0.26   1.29   0.86   7.63   0.54   364.47  19.20   26656.94   5442.38   9.75   0.75   1.15   0.11
 12 1995-08-22T12:56  Wind    0.49   0.37  -1.30   0.47  -3.90   0.67   6.26   0.39   365.88   1.26   67725.18   5444.13  11.85   0.36   2.77   0.23  -2.75   0.28  -5.88   0.47  -4.59   0.18   9.55   0.17   359.61   0.64   30642.08    865.12  12.37   0.26   1.03   0.12
 13 1995-09-15T18:17  Wind    None   None   None   None   None   None   None   None     None   None       None      None   None   None   None   None  -2.83   0.00   7.99   0.00   6.75   0.00  11.18   0.00   425.78   0.00   26535.65      0.00  10.95   0.00   0.57   0.00
 14 1995-09-27T14:00  Wind   -1.19   0.24   2.16   1.02  -2.74   3.27   6.52   1.22   360.09   2.36   62553.94  16244.44  11.72   3.53   2.67   0.58  -0.15   0.90   5.38   1.20  -8.84   1.60  11.94   1.60   392.36  12.52   40874.75   3750.47  14.42   0.97   0.91   0.33
 15 1995-10-18T10:40  Wind    2.20   0.03  -2.01   0.04  -1.17   0.16   8.96   0.07   402.47   0.29   78820.95    716.86  41.41   0.44   7.58   0.54   6.00   0.12 -10.46   0.38  -3.21   2.68  21.03   0.24   406.85   0.42   49040.54   2474.12  11.92   2.39   0.18   0.03
 16 1995-10-24T07:45  Wind    None   None   None   None   None   None   None   None     None   None       None      None   None   None   None   None  -0.70   0.00   2.06   0.00  -1.28   0.00   4.68   0.00   400.75   0.00   46945.30      0.00   6.41   0.00   3.16   0.00
 17 1995-12-02T12:30  Wind    None   None   None   None   None   None   None   None     None   None       None      None   None   None   None   None  -2.11   0.00   9.72   0.00   1.76   0.00  10.19   0.00   370.73   0.00   15475.11      0.00   6.82   0.00   0.39   0.00
 18 1995-12-15T04:39  Wind    0.40   0.99   0.15   3.40  -2.60   0.62   7.63   1.38   362.66  15.95   47172.81   2721.11  25.27   7.25   9.15   4.91   5.43   1.14   7.12   0.59   0.70   1.44  10.63   0.31   395.26   2.91   36466.34   4214.50  12.74   0.31   0.96   0.13
 19 1996-02-15T15:07  Wind    None   None   None   None   None   None   None   None     None   None       None      None   None   None   None   None  -0.34   0.47   3.70   0.70  -2.35   0.17   6.67   0.36   388.02   2.12   20065.70    500.19  13.15   1.76   1.94   0.06
 20 1996-04-04T12:21  Wind    None   None   None   None   None   None   None   None     None   None       None      None   None   None   None   None   3.25   0.05  -3.95   0.23   0.68   0.01   7.40   0.19   387.88   1.01   66161.22    871.76   9.38   0.10   1.58   0.23
 21 1996-05-16T23:04  Wind    3.67   0.41  -1.78   0.33   0.29   0.65   5.53   0.14   421.42   3.18   79431.75   3337.67   8.71   0.30   2.84   0.14   1.47   0.31  -4.26   0.04  -0.46   0.26   7.15   0.09   421.43   1.40   60148.63   2104.95   6.03   0.07   0.97   0.03
 22 1996-05-27T11:59  Wind    0.21   0.00  -1.72   0.00  -1.16   0.00   3.49   0.00   411.53   0.00   39132.46      0.00  14.14   0.00  16.78   0.00  -3.23   0.49   6.16   0.36   0.45   1.46   9.74   0.36   370.48   3.91   29546.27   3113.59  13.94   2.67   0.94   0.13
 23 1996-07-01T13:05  Wind   -1.56   0.25   4.51   0.17   2.16   0.39   6.63   0.05   353.89   1.36   43292.96    211.67  20.62   0.40   3.46   0.00  -2.42   0.18   7.46   0.65   0.90   0.41  10.73   0.52   353.15   1.04   32703.92   3513.76  17.99   0.15   1.42   0.69
 24 1996-07-02T16:50  Wind    None   None   None   None   None   None   None   None     None   None       None      None   None   None   None   None  -7.70   0.63   4.57   0.44   0.87   0.53  10.55   0.28   400.69   5.35   74641.58   9033.11   7.64   0.56   0.69   0.19
 25 1996-08-07T11:59  Wind    0.53   1.19  -1.65   0.24  -2.25   0.48   4.31   0.30   360.01   2.08   30733.17   2855.25  12.46   0.16   5.34   0.38   2.50   0.34  -3.50   0.54  -2.83   0.38   6.40   0.25   345.55   1.01   31271.68   2218.63   8.78   0.38   1.71   0.30
 26 1996-12-24T03:07  Wind   -1.48   0.00  -2.66   0.00   1.89   0.00   4.09   0.00   419.85   0.00   63435.54      0.00  12.26   0.00  58.85   0.00  -3.91   0.37   3.26   2.18   5.46   2.00   9.74   0.55   366.76  14.22   27852.26   2483.68  10.58   1.05   2.54   3.12
 27 1996-12-24T16:23  Wind   -1.22   3.77   1.13   3.83   3.52   1.16   6.47   2.37   398.08  27.15   53516.18  12643.25  13.56   3.99  20.90  26.84  -4.19   0.71   7.09   1.57   1.65   1.24  10.44   0.65   343.36  11.90   30990.21   1201.78  11.89   0.39   1.27   1.11
 28 1997-01-10T00:52  Wind   -2.42   0.15   4.79   0.15  -1.00   0.47   9.06   0.20   441.65   1.86   83924.18   2551.09  13.06   0.43   1.53   0.09  -4.96   0.07  -6.71   0.32  -1.65   0.31  14.54   0.13   438.88   0.71   27350.24   1165.00  12.82   0.95   0.45   0.09
 29 1997-02-09T12:50  Wind    0.75   0.11   0.80   1.08  -1.30   1.02   6.49   0.13   590.11   4.39  180760.44  41047.66   6.89   0.80  13.90   8.70   3.54   0.43  -0.74   0.04  -6.11   0.52   7.69   0.24   467.25  17.37   45072.79  12001.23   1.52   0.65   0.43   0.32
 30 1997-02-11T04:15  Wind    None   None   None   None   None   None   None   None     None   None       None      None   None   None   None   None   0.12   0.00   2.17   0.00  -3.27   0.00   5.46   0.00   399.45   0.00   22970.23      0.00  12.39   0.00   3.23   0.00
 31 1997-04-11T04:44  Wind    0.77   2.26  -4.68   1.92   2.57   5.54  12.08   2.68   449.04  12.79  102292.44  21692.52  23.55   3.62   2.77   0.89   3.52   1.50   1.21   1.02  17.35   1.36  19.13   1.00   463.27   0.97   57619.99  16815.58  13.17   0.62   0.53   0.24
 32 1997-04-21T10:11  Wind   -1.63   1.99  -0.50   1.15  -3.10   1.90   6.23   1.97   389.24   6.96   34042.42   3399.60  21.10   5.28  11.28   7.02   5.73   0.67  -5.19   0.66   0.67   0.50  11.31   0.22   362.12   1.28   51946.51   1193.91  12.90   0.45   0.99   0.33
 33 1997-05-15T01:15  Wind    0.54   0.16   2.52   0.36  -8.04   0.65  22.13   0.10   423.11   0.71  145275.45   1935.45  26.57   0.57   0.64   0.01  -7.19   1.12  10.93   1.48  -7.11   1.55  19.84   0.84   460.18   7.45   51237.00  14145.30   6.89   2.53   0.19   0.07
 34 1997-05-16T06:01  Wind    0.96   0.00   0.27   0.00   5.14   0.00   5.98   0.00   472.23   0.00  101194.77      0.00   7.81   0.00   2.86   0.00  -0.03   0.40  -4.24   0.96   2.61   0.82   7.55   0.31   487.97   3.14   74694.11   5169.59   4.14   0.51   1.07   0.24
 35 1997-05-26T09:09  Wind    1.36   0.21   6.07   0.09  -3.42   0.20   9.01   0.17   341.47   2.02   38840.57    982.45  24.81   0.14   2.54   0.11   2.57   0.04  -2.44   1.37  -5.69   1.23   9.96   0.49   332.62   2.51   27823.00   4116.37  10.46   0.23   0.75   0.15
 36 1997-06-09T06:18  Wind    0.26   0.15  -5.00   0.00  -6.26   0.43   8.44   0.45   380.69   7.86   30820.57   6041.18  11.64   0.94   1.11   0.05  -1.04   0.38  -8.16   2.13  -2.54   0.87  10.65   1.62   373.20   0.94   46822.83   5998.93   9.41   0.80   0.93   0.78
 37 1997-06-19T00:32  Wind   -0.35   0.22   4.98   0.18  -0.85   0.50   5.70   0.35   382.91   1.10   36483.90   2627.49  10.89   0.31   2.62   0.25  -1.19   0.76  -5.09   1.28  -2.16   1.45   7.41   0.45   337.54  12.42   18896.28    611.11   9.09   0.47   1.09   0.18
 38 1997-07-15T03:10  Wind    0.98   0.11  -2.07   0.81   0.97   0.57   4.76   1.12   341.01   4.70   40302.21   3736.55  23.45   2.05  28.67   6.72  -3.42   0.18   4.09   0.43  -3.23   1.32   9.81   0.53   359.58   2.02   51431.99    446.14   9.75   0.33   1.06   0.10
 39 1997-08-03T10:10  Wind    3.13   2.04   0.56   0.57   0.28   0.54   6.73   0.60   457.87   1.11   39986.46    701.03  23.83   0.72  20.97   2.89  -3.08   0.35  11.41   0.80  -1.30   0.33  15.03   0.22   436.94   1.19   20481.37   1711.15   8.12   1.10   0.26   0.09
 40 1997-08-17T05:35  Wind   -0.15   1.16  -0.86   0.24  -0.69   0.95   3.24   0.74   393.65  10.49   72793.34   3771.75   6.26   0.42   8.94   4.23   1.91   0.42   4.06   0.34  -2.58   0.40   6.48   0.22   397.98   1.62   33203.67   1671.89   6.62   0.24   1.37   0.36
 41 1997-09-03T08:38   ACE   -4.45   0.64   6.78   0.86   7.27   2.34  12.22   1.76     None   None       None      None   None   None   None   None  -5.83   1.59   5.35   1.57  -0.37   1.36  13.77   0.17     None   None       None      None   None   None   None   None
 41 1997-09-03T08:38  Wind   -3.88   0.63   7.21   1.13   6.95   2.26  12.15   1.86   402.08  17.44   95455.46  10924.09  11.44   1.49   0.85   0.48  -5.49   1.56   5.60   1.80  -0.15   1.33  13.74   0.11   412.84   8.91   47561.21  14318.61  13.60   0.47   0.59   0.04
 42 1997-09-18T00:30   ACE   -1.97   0.00   0.36   0.00  -7.94   0.00   8.76   0.00     None   None       None      None   None   None   None   None  -5.30   0.37  -0.32   0.91  -0.57   0.19  11.19   0.30     None   None       None      None   None   None   None   None
 42 1997-09-18T00:30  Wind   -1.55   0.00   0.61   0.00  -8.03   0.00   8.51   0.00   350.61   0.00   30206.35      0.00  23.49   0.00   2.78   0.00  -5.35   0.42  -0.43   0.96  -0.75   0.20  11.18   0.29   321.40   1.01   46743.04   1007.08  10.10   0.40   0.65   0.07
 43 1997-09-21T16:51   ACE    2.13   2.07   7.05   1.45  -0.51   1.68  10.67   1.46     None   None       None      None   None   None   None   None  -6.79   0.47   5.55   1.47  10.61   0.64  15.40   0.83     None   None       None      None   None   None   None   None
 43 1997-09-21T16:51  Wind    3.15   2.08   6.49   1.30  -1.38   1.44   9.99   1.25   445.59   3.24   52326.47   2092.00  19.21   2.19   3.55   1.04  -6.43   0.37   6.69   1.64  10.09   0.64  15.49   0.80   427.33   7.15   31573.30   2108.65   5.56   0.83   0.28   0.30
 44 1997-10-01T01:41   ACE   -0.38   1.46   7.05   0.16  -1.48   0.92  10.21   0.32     None   None       None      None   None   None   None   None  -2.00   0.21   1.55   0.28   7.55   0.57   9.59   0.02     None   None       None      None   None   None   None   None
 44 1997-10-01T01:41  Wind    2.31   0.06   8.19   1.29  -1.17   2.88  16.48   4.22   449.01   1.79  140602.82   3825.26   5.17   0.14   0.48   0.20  -1.69   0.22   2.41   0.23   7.48   0.70   9.61   0.02   450.34   0.38   26551.06   6355.34   5.76   0.05   0.41   0.01
 45 1997-10-10T16:12   ACE   -2.14   0.98   8.72   2.22  -2.11   1.76  11.56   2.48     None   None       None      None   None   None   None   None  -5.82   2.16  -2.06   4.02  -1.80   2.07  11.65   0.54     None   None       None      None   None   None   None   None
 45 1997-10-10T16:12  Wind   -1.16   1.33   8.81   2.33  -1.57   1.01  11.53   2.48   435.98   9.29   50334.52  21909.55  18.95   7.68   1.03   0.09  -5.85   2.30  -1.82   3.78  -2.02   2.15  11.63   0.59   406.15   9.68   27535.74   4245.42   9.39   3.26   0.47   0.19
 46 1997-10-27T10:35   ACE   -2.32   1.13  -0.76   4.70   0.72   1.32   6.37   0.16   514.33  18.80   94540.23  49988.51   6.85   2.62   1.72   0.52   1.72   0.49  -2.00   0.30  -0.41   0.31   7.25   0.21   461.79   5.03   28557.97   1942.81   6.49   0.65   1.09   0.31
 46 1997-10-27T10:35  Wind   -2.23   0.85  -0.46   4.43   0.52   1.31   6.18   0.36   514.35  17.67  102845.30  54330.09   6.35   2.88   1.68   0.65   1.45   0.50  -2.08   0.28   0.01   0.37   7.16   0.28   466.60   4.70   30423.83   2090.23   5.19   0.72   0.95   0.36
 47 1997-11-06T22:25   ACE    1.52   1.01   6.78   4.71  -7.25   0.48  14.74   0.70   461.86   4.87  179166.80  38057.31  20.40   0.33   1.29   0.05  -5.09   1.30  -3.98   3.14   6.42   2.84  13.88   1.49   408.75  11.19   45279.54   6023.60   9.38   2.15   0.60   0.44
 47 1997-11-06T22:25  Wind    1.72   1.07   7.06   4.51  -6.91   0.45  14.82   0.77   456.12   1.17  238230.95  43852.12  18.95   0.77   1.42   0.10  -5.11   1.32  -3.89   2.95   6.37   2.81  13.88   1.43   410.27  11.78   44807.60   7960.69   7.68   1.77   0.45   0.32
 48 1997-11-22T09:12   ACE   -1.57   0.44  16.40   0.32   7.84   2.13  23.56   0.57   481.88   4.52  187983.78  17436.45  20.65   3.35   0.81   0.19  -8.81   1.53   0.74   1.57  -6.06   1.97  16.61   0.93   502.96   3.52   34654.68  13374.29  10.10   0.93   0.25   0.03
 48 1997-11-22T09:12  Wind   -1.06   0.30  16.54   0.31   7.77   2.20  23.44   0.61   478.81   4.26  254674.33  21204.05  20.31   3.10   0.98   0.21  -9.01   1.53   1.35   1.62  -6.28   1.98  16.79   0.90   503.06   4.73   37324.06  15359.52   8.94   0.85   0.21   0.01
 49 1997-11-24T06:51   ACE   -3.32   0.00  -3.52   0.00  -2.45   0.00   5.70   0.00   558.78   0.00  199126.39      0.00   2.70   0.00   1.33   0.00   0.34   0.69  -2.04   0.39  -0.55   0.15   4.54   0.16   504.18  10.25   45800.90   9463.60   6.07   0.46   2.67   0.22
 49 1997-11-24T06:51  Wind   -3.29   0.00  -3.14   0.00  -2.36   0.00   5.60   0.00   560.42   0.00  221366.35      0.00   2.59   0.00   1.69   0.00  -0.45   0.80  -2.07   0.47  -0.70   0.14   4.60   0.15   505.99  14.60   51867.44  13143.32   4.72   0.42   1.97   0.18
 50 1997-12-10T04:33   ACE    None   None   None   None   None   None   None   None     None   None       None      None   None   None   None   None   None   None   None   None   None   None   None   None     None   None       None      None   None   None   None   None
 50 1997-12-10T04:33  Wind    1.48   0.66  -0.37   1.64  -5.81   0.57  12.78   0.39   334.40   5.44   60538.36   3546.05  28.39   4.11   2.18   0.33   4.77   0.61  -6.43   1.26  -8.02   1.92  12.81   1.01   350.65   5.44   41091.92   9401.57   4.59   3.25   1.93   2.10
 51 1997-12-11T13:15   ACE    None   None   None   None   None   None   None   None     None   None       None      None   None   None   None   None   None   None   None   None   None   None   None   None     None   None       None      None   None   None   None   None
 51 1997-12-11T13:15  Wind    2.37   0.00  -8.76   0.00   2.07   0.00   9.79   0.00   359.38   0.00   40357.44      0.00   4.37   0.00   0.32   0.00   3.78   0.08  -7.55   0.06  -0.88   0.16   9.05   0.04   348.13   0.61   52135.65    603.82   5.28   0.05  11.79   0.61
 52 1997-12-30T01:13   ACE    None   None   None   None   None   None   None   None     None   None       None      None   None   None   None   None   None   None   None   None   None   None   None   None     None   None       None      None   None   None   None   None
 52 1997-12-30T01:13  Wind   -0.94   0.16   4.00   0.32  -2.83   0.06   9.44   0.04   370.67   0.03   68580.73   1607.61  26.08   0.10   3.44   0.04   1.78   0.17   6.37   0.02   1.41   0.04  11.54   0.22   365.55   0.25   80033.74   2861.67   8.66   0.06   0.69   0.09
 53 1998-01-06T13:29   ACE   -0.58   0.81  -4.98   0.56  -5.49   0.91  11.40   0.40   386.09   2.07   82629.20   3555.35  20.13   0.39   1.79   0.16   6.15   1.23   3.25   1.30   6.81   1.52  15.60   0.86   388.25   1.72   47393.39   5899.67   6.19   0.77   0.28   0.20
 53 1998-01-06T13:29  Wind   -0.82   0.80  -5.49   0.53  -5.22   0.93  11.67   0.40   370.83   3.15  111820.69   4564.33  24.36   1.23   2.67   0.29   5.78   1.26   3.90   1.48   6.00   1.44  15.46   0.88   380.45   2.95   33496.23   2372.46   9.50   2.35   0.51   0.43
 54 1998-01-08T15:49   ACE   -3.06   0.00  -3.33   0.00  -2.32   0.00   5.56   0.00   410.67   0.00  383293.33      0.00   3.14   0.00   2.46   0.00   2.35   0.69  -7.45   1.03   0.98   0.44   9.49   0.40   381.92   6.78   96795.15  27362.94   4.83   0.67   0.90   0.20
 54 1998-01-08T15:49  Wind   -3.11   0.00  -3.27   0.00  -2.16   0.00   5.44   0.00   346.96   0.00   16855.20      0.00  21.05   0.00   6.36   0.00   2.43   0.70  -7.34   1.04   1.56   0.43   9.53   0.42   368.07   6.97   37830.54  11528.49  14.48   0.67   2.11   0.40
 55 1998-01-09T08:23   ACE    None   None   None   None   None   None   None   None     None   None       None      None   None   None   None   None  -4.74   0.29   2.86   0.25  -0.34   0.09   6.60   0.24   472.84   3.23   82799.39   7843.12   8.74   0.76   1.79   0.06
 55 1998-01-09T08:23  Wind    None   None   None   None   None   None   None   None     None   None       None      None   None   None   None   None  -4.60   0.25   2.93   0.28  -0.70   0.07   6.58   0.22   471.28   5.86   89799.42   9959.58   7.33   0.76   1.54   0.00
 56 1998-01-20T17:43   ACE    2.63   0.00  -2.39   0.00   1.59   0.00   8.56   0.00   422.55   0.00  106425.97      0.00  12.20   0.00   1.79   0.00   4.37   1.77   1.52   0.10   0.66   2.93   7.34   2.60   441.39  13.98   36740.70  13243.18  21.26   3.62   5.16   1.86
 56 1998-01-20T17:43  Wind    3.03   0.00  -2.48   0.00   1.81   0.00   8.83   0.00   421.78   0.00  128811.32      0.00  10.27   0.00   1.49   0.00   4.56   1.71   1.51   0.32   0.48   2.93   7.52   2.53   443.95  15.63   29296.24  17708.34  17.86   3.25   3.24   1.05
 57 1998-01-21T07:00   ACE    2.50   0.89   1.18   0.60  -0.11   1.03   7.34   0.48   443.15   0.18   24755.31   1246.10  32.70   1.78   5.84   0.84   8.21   0.59   1.55   0.03   6.85   0.87  12.78   0.75   412.26   4.00   64658.69   4065.86  13.29   1.36   1.22   0.57
 57 1998-01-21T07:00  Wind    2.72   0.79   1.65   0.62   0.53   0.91   7.40   0.49   444.68   0.11   26940.12   1409.18  27.84   1.92   6.41   1.03   8.28   0.58   2.10   0.08   6.61   0.85  12.81   0.73   411.43   4.44   66144.36   5076.05  10.75   1.20   0.94   0.39
 58 1998-01-28T16:00   ACE   -1.73   0.25   5.56   0.31  -0.89   0.25   7.41   0.04   387.85   0.30   60890.36   3263.31  11.75   0.54   1.89   0.13   3.23   0.41  -2.97   0.66  -4.05   0.41   7.87   0.05   374.62   1.65   17888.22   1640.25  10.86   0.25   1.09   0.03
 58 1998-01-28T16:00  Wind   -2.09   0.24   5.21   0.30  -1.14   0.23   7.48   0.02   386.30   0.34   70359.42   3627.29   9.76   0.46   1.60   0.10   3.24   0.38  -3.23   0.70  -3.89   0.40   7.95   0.04   374.38   1.66   20564.58   2025.62   8.33   0.17   0.83   0.01
 59 1998-02-02T13:13   ACE    None   None   None   None   None   None   None   None     None   None       None      None   None   None   None   None   5.41   0.19  -2.69   0.15  -0.30   0.77   7.51   0.31   344.65   2.11   33893.24   2404.26   2.50   0.14   0.30   0.01
 59 1998-02-02T13:13  Wind    None   None   None   None   None   None   None   None     None   None       None      None   None   None   None   None   5.42   0.22  -2.87   0.13  -0.12   0.86   7.63   0.32   331.73   2.72   20866.97    726.19   2.56   0.07   0.29   0.02
 60 1998-02-04T00:00   ACE    0.26   0.14  -7.32   0.06  -0.05   0.28   8.14   0.00   376.52   1.21   33550.10   1370.11   9.04   0.03   1.23   0.02   7.97   0.54  -2.34   0.24   0.53   0.13  10.45   0.39   323.60   1.63   12790.81   1014.61  14.68   0.49   1.10   0.06
 60 1998-02-04T00:00  Wind    0.41   0.19  -7.12   0.08   0.84   0.17   8.26   0.08   377.46   1.71   38787.87    733.61   6.75   0.31   0.91   0.04   7.67   0.54  -2.78   0.21   0.62   0.18  10.28   0.37   321.81   1.27   12439.72    518.57  14.81   0.25   1.37   0.07
 61 1998-02-17T06:28   ACE    0.48   0.40  -2.97   0.50   3.16   0.26   6.76   0.26   402.13   2.60   27414.04   2273.14  13.68   1.21   2.00   0.08   0.40   2.94  -1.07   5.04  -5.43   2.66  13.35   1.28   401.41   6.06   44786.60  11377.57  14.42   2.97   0.59   0.04
 61 1998-02-17T06:28  Wind    0.60   0.41  -2.72   0.45   3.54   0.18   6.63   0.24   403.29   2.86   31190.48   1646.34  10.23   0.80   1.60   0.05   0.20   2.87  -1.65   4.87  -5.51   2.84  13.30   1.25   400.86   5.43   47396.77  14674.86  12.44   2.49   0.52   0.04
 62 1998-02-18T07:50   ACE    3.89   0.84  -8.97   3.58   4.93   0.47  15.07   1.56   397.24   1.58   78204.19  18480.51  18.08   5.04   0.69   0.08   4.41   0.31  -4.17   0.24   0.73   0.70   8.69   0.40   436.21   3.92   67524.60   5181.12   2.35   0.77   0.30   0.05
 62 1998-02-18T07:50  Wind    3.62   0.75  -9.05   3.53   4.78   0.56  15.09   1.55   394.66   1.43   97204.34  25768.85  14.62   3.84   0.63   0.09   4.55   0.32  -4.27   0.26   1.11   0.62   8.82   0.40   433.56   4.62   77138.82  10260.14   2.24   0.62   0.29   0.06
 63 1998-03-04T11:02   ACE    2.42   0.13  -3.62   0.42  -5.28   0.22   7.39   0.03   385.22   0.56   41394.91   4474.83  15.16   1.54   1.94   0.11  -3.46   0.29   7.17   1.15   2.20   0.60  10.54   0.48   345.00   3.05   16131.66   1096.56  14.22   1.48   1.92   1.99
 63 1998-03-04T11:02  Wind    2.47   0.03  -4.00   0.17  -5.01   0.03   7.34   0.06   386.68   1.25   45220.71   2687.29  10.85   0.97   1.49   0.09  -3.07   0.23   7.31   1.15   1.49   0.71  10.50   0.45   347.69   3.03   13478.60   1147.81  13.75   1.57   1.04   0.44
 64 1998-03-06T11:59   ACE   -0.61   1.10  -1.46   1.74   2.61   0.56   5.66   0.34   336.56   0.36   37417.06    804.35  13.00   1.18   3.53   0.27  -1.85   0.90  -2.20   0.70  -0.24   0.83   5.64   0.37   320.79   2.67   23184.82   2542.57   8.84   0.51   2.15   0.46
 64 1998-03-06T11:59  Wind    0.15   1.20  -2.19   2.13   2.96   0.69   6.09   0.54   332.17   1.03   26841.33    442.53  11.83   0.13   2.47   0.30  -1.76   0.94  -2.41   0.75  -0.09   0.80   5.68   0.39   324.11   1.85   15991.94   1995.46  10.46   0.41   2.54   0.57
 65 1998-03-25T16:12   ACE   -0.63   0.53  -2.13   1.36  -4.50   1.41   7.79   0.60   405.49   0.80   48345.30  10319.45  14.25   1.18   2.19   0.45  -2.18   0.35   7.31   1.30   2.14   0.58  10.29   0.22   408.22   0.33   28823.85   2324.90  15.16   0.33   1.04   0.09
 65 1998-03-25T16:12  Wind   -0.53   0.51  -2.19   1.38  -4.63   1.33   7.90   0.65   403.55   0.37   51870.07  11753.88  12.09   0.98   1.86   0.42  -1.33   0.27   7.13   1.31   2.06   0.61  10.20   0.20   406.20   0.40   31962.25   2266.43  14.07   0.41   0.96   0.07
 66 1998-03-31T11:59   ACE    2.28   0.41   0.73   1.79   2.24   0.88   4.79   0.46   410.98   3.23   71182.86   2994.41   8.72   0.76   5.54   1.15   5.16   0.30  -1.35   0.39   1.20   0.21   6.06   0.19   383.57  11.98   35334.18   5838.26   9.07   0.63   1.91   0.35
 66 1998-03-31T11:59  Wind    2.25   0.45   0.69   1.81   2.12   0.89   4.80   0.49   409.74   3.94   81794.70   4141.38   7.92   0.64   5.48   1.14   5.32   0.29  -1.41   0.38   1.14   0.19   6.20   0.20   382.31  11.63   26579.43   5707.36   7.93   0.51   1.57   0.36
 67 1998-04-01T23:29   ACE    6.54   0.00   3.90   0.00   1.46   0.00   8.02   0.00   349.84   0.00   55704.27      0.00  12.57   0.00   1.50   0.00   5.55   0.15   0.39   0.62   0.01   0.15   6.04   0.21   322.81   2.60   48041.80   2297.71  10.51   0.41   2.28   0.18
 67 1998-04-01T23:29  Wind    6.94   0.00   3.57   0.00   1.38   0.00   8.23   0.00   350.12   0.00   29209.82      0.00  10.37   0.00   1.01   0.00   5.86   0.16   0.18   0.58  -0.08   0.15   6.28   0.21   325.30   2.42   32412.00   3473.33   8.94   0.88   1.69   0.27
 68 1998-04-11T23:00   ACE    None   None   None   None   None   None   None   None     None   None       None      None   None   None   None   None   3.26   0.30  -3.22   1.02   4.08   0.06   8.22   0.41   389.73   2.25   28647.11   2238.04   5.70   0.30   0.70   0.17
 68 1998-04-11T23:00  Wind    None   None   None   None   None   None   None   None     None   None       None      None   None   None   None   None   3.46   0.23  -3.28   1.04   4.02   0.07   8.32   0.40   390.95   1.77   30226.49   1967.84   5.29   0.22   0.62   0.13
 69 1998-05-01T21:21   ACE   -8.27   3.66   4.84   3.52   1.02   3.38  15.41   3.02   582.62  38.08  167053.46  55094.76  11.74   1.98   0.79   0.41   4.29   2.44  -1.12   1.89  -5.10   0.47   9.81   0.83   519.88  17.37   30559.12  16491.02   8.84   0.77   1.03   0.15
 69 1998-05-01T21:21  Wind   -7.96   3.84   5.15   3.78   0.84   3.37  15.98   3.15   585.71  40.47  201143.39  76252.41  10.38   1.62   0.72   0.30   4.69   2.47  -1.56   1.80  -5.09   0.46  10.00   0.84   523.95  17.80   30368.04  17034.05  15.65   3.78   1.66   0.41
 70 1998-05-04T02:21   ACE   -2.12   1.38  -5.41   1.20  -4.50   0.19  22.00   2.65   759.05  49.88  425808.55  73721.32  14.46   1.15   3.09   0.50   9.16   1.76   6.79   2.79  -2.19   0.90  14.95   2.12   632.37  36.18  274509.69  49272.69   4.72   1.47   0.45   0.36
 70 1998-05-04T02:21  Wind   -2.14   1.39  -7.54   1.44  -6.59   0.57  22.03   2.63   758.80  49.11  459037.77  78712.55  16.48   1.71   3.38   0.54   9.09   1.70   7.12   3.04  -2.38   1.03  15.14   2.10   639.28  36.82  341998.65  61887.55   4.25   1.71   0.44   0.37
 71 1998-05-05T07:03   ACE    2.33   3.46  -1.42   4.14  -1.46   1.78  11.95   4.91   690.93  10.24  511147.20 158352.30   4.30   2.86   1.06   0.07   5.06   0.42  -1.61   0.07   0.30   0.54   7.77   0.06   514.48   8.15   96771.14   6491.47   1.71   0.57   0.28   0.10
 71 1998-05-05T07:03  Wind    1.87   3.77  -1.02   3.39  -2.04   1.89  11.71   5.26   680.09   3.97  799776.10 356289.76   4.54   2.88   1.83   0.52   5.26   0.44  -1.77   0.07   0.52   0.56   7.99   0.08   518.73   7.88  104502.71  13081.18   1.49   0.50   0.26   0.10
 72 1998-06-02T08:00   ACE    0.05   0.17   2.95   0.15   0.95   0.29   4.39   0.15   402.05   1.08   49808.46    303.11  12.64   0.08   6.07   0.28   1.31   0.30   7.44   0.63   3.63   0.22   9.91   0.50   398.77   2.30   36346.81   2407.73   8.31   0.22   0.66   0.09
 72 1998-06-02T08:00  Wind    0.17   0.10   2.85   0.20   1.31   0.16   4.21   0.13   399.38   0.73   52946.73     90.26  12.12   0.04   5.80   0.25   1.54   0.28   7.64   0.69   3.11   0.35  10.05   0.51   400.91   2.57   38243.73   2871.00   7.29   0.20   0.58   0.10
 73 1998-06-13T19:25   ACE    3.01   0.65   7.53   0.23   0.68   1.85  10.03   0.20   378.57   4.89   52508.52   3754.51  18.53   0.58   1.86   0.10  -4.12   0.56  -0.40   1.14  -1.02   0.38   9.61   0.13   348.33   2.25   42513.70   1338.46  10.18   0.77   0.82   0.09
 73 1998-06-13T19:25  Wind    3.54   0.79   7.70   0.45   1.61   2.32  10.17   0.53   373.87   4.38   58356.87  13355.20  14.62   1.65   1.37   0.41  -3.53   0.50  -0.39   1.09  -1.36   0.36   9.47   0.13   343.17   2.52   42077.67   3345.22   9.98   0.68   0.86   0.10
 74 1998-06-24T13:26   ACE    2.75   0.17   4.25   0.80  -2.46   0.31   7.58   0.44   521.79   0.89  157070.40  14317.12   9.63   0.63   2.61   0.25  -4.51   0.96   3.87   2.34   5.23   3.00  12.58   0.95   466.94  16.72   41087.80   9411.54  15.23   1.19   0.83   0.24
 74 1998-06-24T13:26  Wind    1.57   0.54   3.64   1.06  -1.86   0.58   7.51   0.64   514.47   3.62  162055.94  15303.76   8.78   0.36   2.97   0.53  -4.21   1.07   4.10   2.09   4.91   3.10  12.25   0.92   470.52  17.86   43839.81  10390.31  13.31   0.70   0.77   0.20
 75 1998-06-25T23:28   ACE    0.83   1.01  -3.76   2.68   3.76   3.48  15.43   0.65   464.90   2.62   47427.96   1465.64  13.00   0.61   0.43   0.04  -0.37   0.54   7.60   2.00   0.50   1.18  11.01   0.87   471.48   1.56   32984.79   4699.60  15.69   0.95   0.98   0.13
 75 1998-06-25T23:28  Wind    0.77   0.93  -4.25   2.73   4.99   4.02  15.34   0.59   462.26   2.78   50758.18   2997.47  11.38   0.50   0.39   0.03   0.02   0.69   7.57   2.04   0.21   1.44  11.12   0.83   473.37   2.05   37054.44   5777.55  14.79   1.19   0.94   0.14
 76 1998-07-06T06:00   ACE    4.15   0.00  -2.45   0.00   1.04   0.00   8.60   0.00   524.39   0.00  241759.07      0.00   6.99   0.00   1.65   0.00   0.73   1.16  -2.80   1.11   0.41   0.42   4.68   0.31   491.63  34.61   20873.17   5408.61   4.45   1.32   1.73   0.80
 76 1998-07-06T06:00  Wind    4.58   0.00  -2.67   0.00   0.42   0.00   8.68   0.00   505.09   0.00  315573.40      0.00   6.44   0.00   1.81   0.00   0.81   1.00  -2.67   1.13   0.23   0.46   4.67   0.25   499.13  35.86   26903.91   7423.12   3.63   1.15   1.59   0.78
 77 1998-07-07T15:20   ACE    2.28   0.00  -1.09   0.00   3.53   0.00   4.36   0.00   437.86   0.00   17904.07      0.00   3.92   0.00   1.25   0.00   2.36   0.00  -1.99   0.01   1.58   0.03   4.11   0.00   386.30   0.75   17490.58      6.89   5.06   0.02   2.01   0.01
 77 1998-07-07T15:20  Wind    2.13   0.00  -1.34   0.00   3.15   0.00   4.48   0.00   440.82   0.00   34215.52      0.00   2.72   0.00   0.91   0.00   2.38   0.00  -1.99   0.01   1.67   0.02   4.03   0.00   388.65   0.75   19603.17    220.28   4.04   0.02   1.66   0.01
 78 1998-07-10T23:00   ACE    1.32   0.00  -3.21   0.00   6.72   0.00   7.83   0.00   353.48   0.00   27517.54      0.00  17.09   0.00   2.00   0.00  -3.12   0.59   5.01   1.24   1.96   0.21   9.90   1.38   392.56   9.70   48925.38   3123.21   6.00   0.94   0.72   0.33
 78 1998-07-10T23:00  Wind    1.01   0.00  -3.00   0.00   4.96   0.00   6.76   0.00   336.38   0.00   48198.66      0.00  13.15   0.00   2.21   0.00  -2.80   0.56   5.07   1.27   1.80   0.33   9.80   1.30   389.47  11.23   52669.50   4593.81   5.24   0.90   0.69   0.29
 79 1998-08-01T08:20   ACE   -2.51   0.75  -3.56   1.47   6.50   2.77   9.41   0.25   406.59  12.09   38368.25  10332.75  14.43   2.00   1.71   0.73  -2.26   0.09  -1.17   0.40   2.34   0.27   6.28   0.33   403.28   1.29   14812.50   1708.84  11.07   0.38   2.26   0.09
 79 1998-08-01T08:20  Wind   -1.92   1.14  -3.77   1.16   6.55   2.25   9.09   0.12   403.32  16.10   47687.05  11499.24  12.25   3.82   1.59   0.81  -1.90   0.11  -1.19   0.33   2.37   0.34   6.11   0.30   405.85   1.05   17755.08   2079.90   9.75   0.47   2.12   0.05
 80 1998-08-05T13:00   ACE    None   None   None   None   None   None   None   None     None   None       None      None   None   None   None   None   1.30   0.00   6.34   0.00  -3.84   0.00   9.82   0.00   381.54   0.00   27868.01      0.00  16.97   0.00   1.31   0.00
 80 1998-08-05T13:00  Wind    None   None   None   None   None   None   None   None     None   None       None      None   None   None   None   None   1.89   0.00   6.18   0.00  -3.68   0.00   9.87   0.00   382.60   0.00   29042.80      0.00  14.66   0.00   1.13   0.00
 81 1998-08-08T02:19   ACE   -0.44   0.08   5.09   0.08   2.27   0.16   7.23   0.10   494.72   0.07  133660.16   9519.27   3.91   0.03   0.95   0.03  -3.84   0.48   3.24   0.29   1.29   0.13   6.21   0.18   437.22   8.92   31560.33  13762.57   5.32   0.25   0.96   0.06
 81 1998-08-08T02:19  Wind    0.11   0.04   5.44   0.02   2.28   0.08   7.47   0.10   493.51   1.23  176178.32  12998.14   3.70   0.07   0.95   0.04  -3.39   0.51   3.32   0.32   1.12   0.16   6.00   0.24   441.63   8.96   35666.11  19896.70   4.48   0.24   0.88   0.07
 82 1998-08-10T00:31   ACE   -4.43   1.17   0.26   0.54   0.20   0.38   7.91   0.42   468.84  12.60  127765.14  24882.23  10.22   1.69   2.14   0.18   1.50   2.71  -0.27   0.75  -0.85   1.28   7.30   0.84   432.98  22.66   57171.77  18344.11  12.04   0.83   8.04   8.64
 82 1998-08-10T00:31  Wind   -3.54   1.16   0.03   0.42  -0.43   0.47   7.79   0.42   472.21   8.91  168448.07  47683.98   8.13   1.10  16.20   8.21   1.77   2.79  -0.28   0.79  -0.88   0.99   7.51   0.84   437.05  23.78   61718.05  22648.41  10.03   0.81   2.93   2.19
 83 1998-08-12T01:00   ACE   -5.36   0.00   4.94   0.00   1.70   0.00   8.39   0.00   376.02   0.00   27324.48      0.00  14.50   0.00   2.24   0.00  -3.33   0.00   2.57   0.00   2.77   0.00   7.23   0.00   389.55   0.00   28615.55      0.00   8.01   0.00   1.16   0.00
 83 1998-08-12T01:00  Wind   -2.61   0.00   2.57   0.00   1.80   0.00   6.61   0.00   374.19   0.00   31593.04      0.00  17.77   0.00   3.29   0.00  -3.12   0.00   2.86   0.00   2.69   0.00   7.15   0.00   386.38   0.00   27943.92      0.00   7.09   0.00   0.97   0.00
 84 1998-08-19T18:40   ACE   -4.01   0.90   4.63   0.74  -1.70   0.80  10.36   0.23   333.62   1.78   47024.07    195.03  15.76   1.21   1.93   0.31   1.38   0.09  -6.95   0.29  -0.40   0.38  12.94   0.20   317.11   1.33   30535.31   1001.37   6.56   0.69   0.47   0.14
 84 1998-08-19T18:40  Wind   -4.23   0.67   5.38   0.58  -1.83   0.19  10.30   0.53   322.37   2.29   46539.97    985.05  16.02   1.74   3.37   1.72   1.55   0.06  -6.94   0.37  -0.75   0.19  12.85   0.28   318.12   1.03   31156.05   1117.63   8.31   0.87   0.74   0.65
 85 1998-08-26T06:51   ACE   -0.23   1.47   6.37   0.30  -0.01   1.09  11.45   0.59   730.08   6.57  511270.21  39483.71   6.09   0.12   1.55   0.20   1.33   1.29   8.95   0.41  -6.92   0.90  13.75   0.40   626.85  23.40  182972.04  31499.72   3.49   0.55   0.24   0.08
 85 1998-08-26T06:51  Wind   -0.82   1.58   6.34   0.40   0.07   0.98  11.82   0.56   723.98   8.63  768698.95  84183.60   6.32   0.26   1.85   0.23   1.81   1.23   8.77   0.27  -7.28   0.81  13.78   0.38   627.05  25.83  243929.07  34808.92   3.36   0.78   0.28   0.09
 86 1998-09-23T04:00   ACE   -6.19   0.06   2.77   0.14   2.40   0.12   7.60   0.04   453.03   1.61  132075.88   3436.08   7.97   0.07   1.56   0.04  -4.61   0.48   3.51   0.56  -0.54   0.57   6.86   0.21   417.37   8.97   37789.87   8967.52   8.26   0.06   1.37   0.06
 86 1998-09-23T04:00  Wind   -4.75   0.12   3.66   0.10   2.62   0.24   7.33   0.11   445.60   1.54  131538.68   2470.18   7.28   0.17   1.49   0.04  -4.15   0.43   3.64   0.59  -0.48   0.59   6.62   0.20   419.84   8.06   37734.06   9125.67   6.73   0.04   1.20   0.06
 87 1998-09-24T23:18   ACE   -3.26   1.90  15.34   2.16  -3.02   4.28  21.19   2.19   730.80  38.70  479766.93  33906.55   9.28   2.15   0.52   0.08  -8.34   0.71   4.55   1.09   0.74   0.82  13.73   0.60   658.31  13.35   29575.65  22236.00   3.25   0.21   0.14   0.01
 87 1998-09-24T23:18  Wind   -3.03   2.07  15.87   2.60  -2.99   4.77  21.91   2.42   733.58  39.52  825247.93 190652.06  11.35   2.86   1.04   0.35  -8.00   0.72   4.84   1.10   0.76   0.88  13.61   0.59   666.26  13.69   39734.61  26722.59   4.22   0.31   0.19   0.02
 88 1998-10-02T07:10   ACE    None   None   None   None   None   None   None   None     None   None       None      None   None   None   None   None   1.92   0.72  -1.72   0.76  -0.85   0.55   5.75   0.73   610.00  39.90  272785.33  96633.62   4.56   0.81   3.09   0.82
 88 1998-10-02T07:10  Wind    None   None   None   None   None   None   None   None     None   None       None      None   None   None   None   None   2.65   0.58  -1.81   0.73  -0.76   0.45   6.15   0.74   616.20  39.96  444270.17 186887.27   4.56   1.10   3.21   1.12
 89 1998-10-18T19:30   ACE   -1.57   0.17   4.42   0.26  -4.28   0.20  13.09   0.13   400.01   0.43   83275.32   2055.46  49.59   0.91   5.64   0.08   4.33   0.79   5.93   2.88  -7.87   5.18  17.35   1.58   397.21   4.01   21453.02   6133.73   8.42   1.52   0.48   0.24
 89 1998-10-18T19:30  Wind   -0.80   0.26   4.27   0.23  -2.83   0.24  12.22   0.08   393.29   0.57   94595.99   1380.91  49.20   0.25   5.38   0.11   4.66   0.84   4.95   3.26  -7.65   5.35  17.81   1.62   397.60   5.45   22196.95   5216.08   7.21   1.48   0.30   0.21
 90 1998-10-23T12:57   ACE   -2.92   2.17   6.03   1.78   1.46   0.18   9.30   0.50   580.15   6.42  340278.90  14200.13   5.44   1.15   1.55   0.51   2.60   0.40   4.16   0.52  -0.02   0.16   6.09   0.48   497.15   9.78  147130.49  20503.54   2.38   0.19   0.83   0.08
 90 1998-10-23T12:57  Wind   -3.73   1.74   5.21   1.84   1.56   0.24   9.23   0.71   564.15  15.17  484496.99  94781.18   4.94   0.83   1.60   0.26   3.02   0.58   4.08   0.49   0.01   0.23   6.38   0.40   504.15   9.35  175624.77  50607.14   1.97   0.21   0.62   0.08
 91 1998-11-07T08:15   ACE    2.10   0.11   7.24   0.06  -0.17   0.06   9.84   0.05   506.45   0.76  138975.64   1604.05  12.92   0.02   1.88   0.02   1.96   2.51  12.06   5.02   1.06   9.12  20.80   4.36   515.45  35.13   61634.91  30002.03  10.73   4.04   0.57   0.91
 91 1998-11-07T08:15  Wind    1.92   0.10   6.73   0.05  -0.06   0.05   9.74   0.04   506.20   1.34  171799.24   1470.93  11.89   0.07   2.04   0.01   1.77   2.28  11.82   4.68   0.73   8.73  20.18   4.55   516.95  36.26   64864.88  30138.81   9.93   3.10   0.30   0.19
 92 1998-11-08T04:51   ACE   -1.32   0.68   9.58   0.68  15.84   1.02  25.70   0.53   552.37   4.74   95225.38   5352.67  17.60   0.57   0.28   0.01   2.95   0.99   0.25   1.30  -7.18   1.56  13.50   1.61   446.56   6.55   23150.64   1595.50   8.89   0.52   1.04   1.91
 92 1998-11-08T04:51  Wind   -1.34   0.70  10.08   0.59  15.40   0.79  25.80   0.52   558.64   4.67  101227.86   5744.67  15.17   0.47   0.24   0.01   3.50   1.17   1.17   1.35  -7.50   1.81  13.75   1.68   451.56   6.80   25425.36   1856.08   7.71   0.45   0.45   0.51
 93 1998-11-13T02:00   ACE    1.78   0.85   9.53   2.49   1.61   6.57  13.59   1.33   409.86   1.29   45509.53    592.50  31.86   3.11   1.48   0.38   2.59   0.44  -0.48   0.56 -12.45   0.77  17.70   0.31   383.63   1.65   33159.17   1604.97  13.94   1.24   0.34   0.06
 93 1998-11-13T02:00  Wind    2.04   0.30   6.06   1.85  -3.86   6.38  13.76   0.92   407.01   1.54   53461.91   8624.83  27.46   4.50   1.29   0.35  -2.08   0.33   9.21   1.36 -14.48   1.00  40.63   2.69   399.08   0.56   37959.48    994.25  20.01   0.47   0.27   0.09
 94 1998-11-30T05:06   ACE    2.45   0.41  -2.07   1.14  -1.26   0.83  10.21   0.61   454.53   4.30   79099.98   3555.18  20.21   2.14   3.58   0.55   3.41   1.06  -4.54   1.67  -0.40   1.30  10.67   0.97   457.98   9.52   66445.09  18968.03  13.33   0.33   1.47   0.25
 94 1998-11-30T05:06  Wind    1.94   0.66  -2.00   1.37  -2.90   0.92   9.71   0.87   442.01   8.37   84492.23  12808.32  17.28   2.14   4.75   1.75   3.75   1.65  -4.95   2.65   0.06   0.42  10.68   1.27   454.95   7.02   83909.66  23082.19  11.11   0.64   6.18   3.72
 95 1998-12-26T09:56   ACE    None   None   None   None   None   None   None   None     None   None       None      None   None   None   None   None  -2.96   0.00   5.29   0.00   0.02   0.00   8.78   0.00   466.04   0.00   98445.66      0.00   9.97   0.00   1.25   0.00
 95 1998-12-26T09:56  Wind    None   None   None   None   None   None   None   None     None   None       None      None   None   None   None   None  -3.23   0.00   4.64   0.00   0.63   0.00   8.77   0.00   468.92   0.00  120237.59      0.00   9.31   0.00   1.32   0.00
 96 1998-12-28T18:26   ACE   -5.73   0.04   5.94   1.06  -1.60   1.02  10.80   0.75   408.06   1.13   77490.62   3796.27  11.81   0.97   1.13   0.02   0.21   0.94  -5.58   1.37  -0.54   0.77   8.33   0.14   411.06   0.26   37362.76   4665.24   9.59   0.10   1.23   0.12
 96 1998-12-28T18:26  Wind   -5.11   0.28   5.77   1.02  -2.69   0.76  10.60   0.60   380.72  11.39   69554.47    230.68   8.67   0.26   0.91   0.01   0.24   0.95  -5.41   1.34  -0.14   0.82   8.43   0.07   413.57   0.38  105673.65   5058.10   7.84   0.04  13.38   1.95
 97 1999-01-04T04:08   ACE   -0.13   0.00   6.83   0.00  -3.65   0.00   7.85   0.00   358.68   0.00   20904.24      0.00   9.20   0.00   0.95   0.00   0.79   0.08   6.89   0.28  -3.33   0.09   8.36   0.04   338.09   0.40   16750.01   1552.44   8.76   0.01   0.84   0.03
 97 1999-01-04T04:08  Wind    0.10   0.00   6.00   0.00  -3.34   0.00   7.06   0.00   356.19   0.00   32662.34      0.00   7.43   0.00   1.02   0.00   0.96   0.09   6.56   0.13  -3.85   0.15   8.12   0.05   341.04   0.44   14534.51     97.54   7.40   0.09   0.72   0.02
 98 1999-01-13T16:05   ACE    4.28   0.00  -7.35   0.00   0.36   0.00  12.77   0.00   401.32   0.00   62335.12      0.00  20.26   0.00   1.07   0.00  -1.43   0.05  10.33   0.28 -10.04   0.40  17.93   0.05   420.80   0.25   49991.27   1355.75  24.53   0.24   0.56   0.01
 98 1999-01-13T16:05  Wind    2.60   0.00  -6.81   0.00  -3.46   0.00  12.34   0.00   396.01   0.00   57808.74      0.00  20.31   0.00   1.09   0.00  -1.53   0.39   6.84   1.18 -11.88   1.70  17.70   0.12   571.11  16.34  510538.94  39089.10  29.03   0.85  24.12   1.96
 99 1999-01-22T20:24   ACE   -3.90   0.48  12.86   0.91   7.46   1.37  17.39   0.26   625.67   9.03  372352.98  18266.29   4.84   0.32   0.33   0.02  -1.64   0.64  10.99   1.89   3.80   1.51  13.53   1.66   583.70  13.58  177673.66  66291.05   7.82   2.27   0.62   0.27
 99 1999-01-22T20:24  Wind   -4.10   0.55  13.41   0.57   5.35   0.59  17.32   0.20   629.82   7.45  497301.48   7700.09   4.89   0.40   0.43   0.03  -1.74   0.56  11.54   1.81   3.73   1.27  14.06   1.63   593.41  14.44  262000.57  98716.94   5.83   1.48   0.48   0.18
100 1999-02-11T17:41   ACE    None   None   None   None   None   None   None   None     None   None       None      None   None   None   None   None  -3.52   0.00  11.81   0.00   3.43   0.00  19.39   0.00   450.14   0.00  133624.47      0.00  19.22   0.00   0.59   0.00
100 1999-02-11T17:41  Wind    None   None   None   None   None   None   None   None     None   None       None      None   None   None   None   None  -1.38   0.00   8.22   0.00   4.74   0.00  18.95   0.00   442.81   0.00  154379.94      0.00  19.35   0.00   0.74   0.00
101 1999-02-13T19:00   ACE    None   None   None   None   None   None   None   None     None   None       None      None   None   None   None   None  -1.21   0.00   7.36   0.00  -1.67   0.00   8.91   0.00   442.31   0.00   42832.73      0.00   7.27   0.00   0.67   0.00
101 1999-02-13T19:00  Wind    None   None   None   None   None   None   None   None     None   None       None      None   None   None   None   None  -1.23   0.00   6.80   0.00  -1.59   0.00   8.28   0.00   445.49   0.00   44373.50      0.00   5.55   0.00   0.60   0.00
102 1999-02-16T15:40   ACE    None   None   None   None   None   None   None   None     None   None       None      None   None   None   None   None  -0.17   0.05   4.92   0.31  -0.88   0.54   6.55   0.49   462.65   2.57   44278.55   1624.13   5.63   0.46   1.07   0.04
102 1999-02-16T15:40  Wind    None   None   None   None   None   None   None   None     None   None       None      None   None   None   None   None  -0.47   0.15   4.41   0.42  -0.37   0.57   6.11   0.56   464.94   3.19   56023.65   1875.08   4.20   0.49   0.97   0.04
103 1999-02-17T07:09   ACE   -0.73   0.25   6.75   0.09  -6.16   0.99  10.42   0.48   486.20   3.80   89542.55  16621.90  10.19   0.59   0.93   0.09  -2.53   1.01   8.65   1.50  -5.37   2.60  13.00   2.83   476.40  28.38  180002.38  34008.44   5.77   0.31   0.62   0.13
103 1999-02-17T07:09  Wind    0.24   0.42   7.74   0.35  -5.94   0.84  11.13   0.63   491.76   3.68   92086.80  34155.33   8.99   0.56   0.74   0.17  -2.71   0.87   7.98   1.68  -4.96   2.47  12.14   2.74   466.14  27.52  227483.20  52469.37   5.15   0.25   0.77   0.13
104 1999-02-18T02:48   ACE    3.62   1.21  15.38   0.99 -16.27   2.27  25.55   1.34   616.61   6.95  314201.97  39451.56   7.78   0.83   0.23   0.04   6.33   2.54  -0.41   1.76  -3.79   1.14   9.90   1.80   594.42  33.64   49259.05   8235.08   4.14   1.01   0.41   0.19
104 1999-02-18T02:48  Wind    2.64   1.28  15.65   0.76 -15.20   2.03  24.73   0.83   618.30  10.28  466978.27  63233.38   7.19   0.90   0.37   0.02   6.52   2.51  -0.34   1.85  -3.57   0.93  10.35   2.03   612.27  37.49   71136.37   7856.10   4.87   1.01   7.75   3.61
105 1999-02-19T12:18   ACE   -2.66   0.26   2.88   0.12  -1.30   0.65   5.19   0.24   523.08   1.62   40974.97   7576.94   8.71   1.96   2.55   0.30  -2.78   0.10   3.95   0.10   1.10   0.10   5.70   0.15   445.13  11.05   20005.15   5380.06   1.91   0.25   0.46   0.18
105 1999-02-19T12:18  Wind   -1.90   0.08   2.18   0.31  -2.31   0.72   5.19   0.19   530.70   1.44   39634.86   9301.25   9.75   2.25   2.75   0.31  -2.65   0.07   3.95   0.12   1.20   0.23   5.55   0.11   448.71  11.61   23923.27   5284.06   1.45   0.35   0.40   0.21
106 1999-03-10T01:30   ACE    0.35   0.24  -0.55   0.92  -1.73   1.08   8.51   0.32   449.66   0.93   77724.43   1150.77  16.81   2.01   2.31   0.11   1.26   0.02   3.22   0.59  -0.94   0.31   6.10   0.08   416.41   2.26   18871.64   4539.90  10.50   0.21   2.44   0.05
106 1999-03-10T01:30  Wind    0.33   0.08  -1.14   0.72  -2.11   1.32   8.57   0.29   451.04   1.61   93758.27   2903.05  13.48   1.66   2.15   0.16   4.21   0.32  -1.52   0.26  -3.86   0.70  18.44   1.02   502.29   4.49  106633.30     89.64   3.37   0.21   0.68   0.10
107 1999-03-19T12:21   ACE   -1.61   0.35   1.63   0.06  -1.52   0.81   4.10   0.11   384.58   3.00   37623.29   4855.23   6.45   0.04   2.72   0.22  -1.70   0.11   1.85   0.24  -4.28   0.15   5.54   0.09   342.01   3.40   18266.57   1472.71   5.03   0.14   1.04   0.09
107 1999-03-19T12:21  Wind   -4.12   0.13   1.01   0.09   2.30   0.01   6.70   0.01   494.02   0.04   92691.15     49.86   2.92   0.00   0.68   0.01  -1.52   0.28   2.00   0.13  -8.35   0.70   9.34   0.25   492.19   0.26   90430.49    318.99   2.95   0.01   0.33   0.03
108 1999-04-16T11:25   ACE    0.47   0.99  -0.37   1.52   1.49   0.80   7.26   0.61   457.42   1.50   56050.85   4161.59  37.12   3.84  18.54   5.21  -9.08   0.73   6.86   1.11  -3.63   0.33  17.38   0.74   414.08   3.62   24311.02   1911.03  13.86   1.02   0.52   0.29
108 1999-04-16T11:25  Wind    0.39   0.87   1.06   1.50   1.41   0.67   7.48   0.62   432.28   1.07   50387.47   2914.56   6.31   0.30   1.69   0.18  -9.02   0.73   6.50   0.98  -3.88   0.44  17.19   0.81   413.39   1.62   30585.43   2649.91  13.53   0.73   0.38   0.08
109 1999-04-20T16:00   ACE   -0.02   0.39   4.65   0.18   2.97   0.88   7.98   0.30   600.70  12.91  143569.65  25154.08   6.61   0.18   1.38   0.04  -0.77   0.35   6.06   0.63  -0.01   0.33   7.49   0.49   482.91   9.61   28121.69  10018.93   4.66   0.56   0.89   0.69
109 1999-04-20T16:00  Wind   -0.53   0.17   4.58   0.22   2.65   0.74   8.11   0.29   597.17  11.65  206960.05  36165.74   5.94   0.36   1.29   0.01  -9.84   5.44   7.88   0.96  -1.85   0.45  17.32   2.02   462.74   9.95   54188.23   2918.26   7.70   0.08   0.34   0.13
110 1999-05-15T16:00   ACE    4.05   0.00  -1.13   0.00  -1.16   0.00   4.36   0.00   388.45   0.00   83994.00      0.00   5.84   0.00   2.71   0.00  -3.18   0.32   1.04   0.62   1.17   0.45   4.96   0.72   374.10   1.01   27751.99   1901.20   8.00   1.74   2.50   0.42
110 1999-05-15T16:00  Wind    2.51   0.00   2.83   0.00  -0.65   0.00   3.84   0.00   393.90   0.00   89262.80      0.00   7.01   0.00   4.31   0.00  -3.04   0.34   1.19   0.68   1.07   0.37   4.79   0.62   375.94   1.50   23272.38    378.39   8.50   1.58   2.81   0.35
111 1999-05-28T21:50   ACE    None   None   None   None   None   None   None   None     None   None       None      None   None   None   None   None   3.29   0.03   0.54   1.10   2.94   0.48   6.68   0.08   398.94   3.74   44646.79  11574.45   4.07   0.18   0.68   0.09
111 1999-05-28T21:50  Wind    None   None   None   None   None   None   None   None     None   None       None      None   None   None   None   None   3.20   0.01   0.49   1.06   3.52   0.70   6.72   0.06   397.38   3.89   39015.33   8792.69   3.95   0.24   0.63   0.08
112 1999-06-03T00:31   ACE   -1.52   0.65   6.59   1.21   1.57   5.92  10.48   0.85   421.22   7.90   77412.44   2939.82   8.83   2.15   0.82   0.34   2.92   0.25   4.54   0.55   5.62   0.12   9.13   0.08   431.20   4.39   41993.09   3792.88   5.93   0.41   0.55   0.06
112 1999-06-03T00:31  Wind   -1.62   1.10   6.38   1.04   0.26   4.90  10.58   0.64   415.46   7.21   90317.08  10743.71   8.18   2.33   0.77   0.28   2.95   0.27   4.71   0.63   5.47   0.08   9.20   0.08   430.40   4.49   42287.33   4365.21   5.14   0.38   0.47   0.06
113 1999-06-26T02:31   ACE   -1.05   3.76   2.53   7.83   1.36   2.03  12.41   0.57   455.81  72.62  180558.91  84356.00  12.96   6.92   1.10   0.12  -3.06   0.74   6.27   4.32   3.06   2.60  11.37   3.08   499.63 123.11  109925.95  48159.06  10.44   6.55   0.69   0.19
113 1999-06-26T02:31  Wind   -0.56   3.97   2.25   8.69   1.04   1.51  12.57   0.54   443.01  71.10  323324.21 167850.65  13.09   6.70   1.41   0.05  -3.07   0.76   6.50   4.10   2.20   2.55  11.37   3.14   494.43 126.05  164050.74 100368.88  10.01   6.64   0.74   0.33
114 1999-07-02T00:59   ACE    0.70   0.65   0.39   2.27   0.23   1.16   7.94   0.49   606.10   4.15  194615.40   9360.72   5.08   0.30   1.83   0.39   3.43   0.46  -1.25   1.33  -0.22   1.01   5.05   1.40   471.94  47.05   61235.47  23178.99   2.24   1.47   0.67   0.15
114 1999-07-02T00:59  Wind    0.65   0.64   0.32   2.34   0.27   0.67   8.03   0.50   610.65   6.08  218139.60  17296.88   4.49   0.28   1.93   0.46   3.52   0.53  -1.20   1.15  -0.10   0.77   5.07   1.28   480.45  49.29   51091.53  27767.58   1.93   1.15   0.57   0.17
115 1999-07-05T21:00   ACE    None   None   None   None   None   None   None   None     None   None       None      None   None   None   None   None   3.23   0.16  -1.53   0.21  -0.74   0.71   5.77   0.38   365.81   5.20   27966.00   3846.41   2.68   0.34   0.52   0.00
115 1999-07-05T21:00  Wind    None   None   None   None   None   None   None   None     None   None       None      None   None   None   None   None   3.11   0.18  -1.59   0.13  -0.65   0.84   5.81   0.42   364.43   4.44   23425.82   2709.82   2.50   0.30   0.47   0.00
116 1999-07-06T14:24   ACE    1.78   1.46  -4.50   2.23   4.63   0.57   9.17   1.54   441.47  11.13  106856.03  10585.98   5.07   0.81   0.63   0.17  -1.68   0.54  -0.58   0.62   3.91   2.08   6.71   1.49   447.61   4.45   47204.58   9461.05   3.59   0.68   0.90   0.52
116 1999-07-06T14:24  Wind    1.54   2.19  -4.36   1.69   5.44   0.89   9.59   1.54   438.48  19.01  131607.38  25381.23   4.51   0.83   0.54   0.09  -1.86   0.53  -0.26   0.65   3.90   2.10   6.82   1.53   450.96   4.87   55078.29  13930.28   3.07   0.49   0.73   0.36
117 1999-07-08T03:42   ACE    None   None   None   None   None   None   None   None     None   None       None      None   None   None   None   None   None   None   None   None   None   None   None   None     None   None       None      None   None   None   None   None
117 1999-07-08T03:42  Wind    None   None   None   None   None   None   None   None     None   None       None      None   None   None   None   None   None   None   None   None   None   None   None   None     None   None       None      None   None   None   None   None
118 1999-07-26T23:51   ACE    None   None   None   None   None   None   None   None     None   None       None      None   None   None   None   None   0.55   0.00  -4.81   0.00  -3.75   0.00   8.15   0.00   389.84   0.00   56993.77      0.00   3.97   0.00   0.46   0.00
118 1999-07-26T23:51  Wind    None   None   None   None   None   None   None   None     None   None       None      None   None   None   None   None   0.97   0.00  -5.00   0.00  -3.15   0.00   8.14   0.00   384.15   0.00   63327.05      0.00   3.90   0.00   0.49   0.00
119 1999-07-30T19:12   ACE   -1.88   0.04   4.50   0.02   2.52   0.08   6.33   0.01   446.05   0.72   97416.60   1253.74   4.10   0.04   0.98   0.01  -3.25   0.03   3.24   0.00  -1.02   0.05   5.94   0.00   390.25   0.60   20447.42    455.75   3.70   0.00   0.63   0.00
119 1999-07-30T19:12  Wind   -1.79   0.05   4.59   0.02   2.03   0.06   6.38   0.03   447.67   1.07  112344.59   1971.08   3.90   0.05   0.99   0.00  -3.12   0.03   3.26   0.01  -1.36   0.05   5.92   0.01   390.91   0.75   19351.17    202.89   3.24   0.01   0.56   0.00
120 1999-08-01T04:14   ACE    1.13   1.28  -0.19   4.31  -2.00   1.53  10.64   3.29   636.73   7.17  139597.32  57884.54  14.82   1.58   4.62   1.84   3.86   0.56  -2.29   1.58   0.62   0.40   7.62   0.61   571.47  24.85   92295.67  14424.25   5.25   1.98   1.52   1.16
120 1999-08-01T04:14  Wind    1.32   0.84  -1.28   4.68  -1.85   1.02  11.81   2.97   644.80  11.88  196815.75 128580.78  15.76   0.62   2.30   0.39   3.71   0.54  -2.24   1.60   0.69   0.47   7.81   0.64   570.50  26.55  101606.07  18249.64   4.46   2.67   0.89   0.56
121 1999-08-02T18:55   ACE    1.48   1.07   0.19   3.67  -0.72   0.91   5.11   0.61   584.77  15.83   50295.89  29705.78   6.89   2.19   4.56   2.53   4.19   0.53  -0.20   0.36   0.38   0.38   5.21   0.16   479.84  14.19   51922.59   3141.81   2.43   0.81   1.15   0.69
121 1999-08-02T18:55  Wind    1.46   1.14   0.40   3.20  -0.63   1.75   5.00   0.39   593.96  18.31   37221.40   6069.06   7.40   1.43   4.61   2.35   4.19   0.54  -0.31   0.36   0.42   0.43   5.25   0.16   478.40  14.98   38136.74    585.58   2.15   0.81   1.01   0.67
122 1999-08-04T01:17   ACE    1.91   0.03  -0.25   1.13  -2.15   0.40   3.37   0.48   421.87  11.31   22398.85  12476.41   3.57   1.69   2.72   1.56   1.93   0.04   0.10   0.37  -1.67   0.42   3.08   0.05   374.21   7.59   11069.25   3152.92   4.03   0.28   2.68   0.22
122 1999-08-04T01:17  Wind    1.92   0.04  -0.53   1.15  -2.37   0.08   3.58   0.33   423.60   7.55   27299.40  16252.39   2.65   1.16   1.81   0.96   2.00   0.06  -0.15   0.40  -1.78   0.39   3.15   0.06   376.55   8.57   12158.16   1712.69   3.79   0.21   2.42   0.15
123 1999-08-06T01:55   ACE    None   None   None   None   None   None   None   None     None   None       None      None   None   None   None   None   2.27   0.00  -1.91   0.00  -0.11   0.00   6.34   0.00   349.91   0.00   33162.89      0.00  11.49   0.00   2.64   0.00
123 1999-08-06T01:55  Wind    None   None   None   None   None   None   None   None     None   None       None      None   None   None   None   None   2.49   0.00  -2.02   0.00  -0.16   0.00   6.41   0.00   347.44   0.00   35670.77      0.00  12.12   0.00   2.78   0.00
124 1999-08-08T18:18   ACE   -0.62   0.00   3.12   0.00   3.09   0.00   8.18   0.00   359.68   0.00   58912.78      0.00  15.45   0.00   3.04   0.00  -3.22   0.00   7.38   0.00  -1.91   0.00   9.30   0.00   436.07   0.00  168211.42      0.00   3.08   0.00   0.48   0.00
124 1999-08-08T18:18  Wind   -0.09   0.00   2.75   0.00   3.73   0.00   7.91   0.00   353.27   0.00   64773.57      0.00  16.26   0.00   3.36   0.00  -3.07   0.00   7.25   0.00  -2.69   0.00   9.46   0.00   426.73   0.00  253304.21      0.00   2.83   0.00   4.83   0.00
125 1999-08-12T04:59   ACE   -0.37   0.82   4.42   0.52  -4.80   0.31   7.94   0.28   403.33   3.60   31044.32  10129.88   5.98   1.33   0.65   0.12  -3.94   0.46   1.31   0.79   5.27   1.22   9.89   0.26   346.58   5.96   27250.24   1502.22   7.53   0.32   0.53   0.07
125 1999-08-12T04:59  Wind   -0.46   0.89   4.23   0.66  -4.83   0.45   7.79   0.28   404.69   3.52   36511.06  11834.00   5.43   1.41   0.62   0.13  -3.79   0.47   1.81   0.71   4.89   1.23   9.74   0.26   346.86   6.06   22039.01   1354.20   8.41   0.45   0.56   0.05
126 1999-08-21T15:18   ACE   -0.82   0.42   2.26   1.52   0.49   0.16   5.46   0.58   388.83   2.44   29713.67   3584.25  10.63   0.71   5.50   2.85  -1.63   0.33  -2.70   0.71  -2.04   0.62   5.04   0.14   379.14   2.13   25020.96    967.64  10.71   0.23   4.90   1.10
126 1999-08-21T15:18  Wind   -0.73   0.42   2.71   1.54   0.24   0.44   5.43   0.69   389.54   2.84   35581.57   4042.12  10.25   1.25   5.11   2.12  -1.58   0.34  -2.75   0.73  -2.08   0.67   5.08   0.18   379.83   1.99   26652.36   1585.70  11.50   0.28   4.58   0.80
127 1999-09-15T07:44   ACE   -5.50   0.00   0.18   0.00   0.15   0.00   5.50   0.00     None   None       None      None   None   None   None   None  -2.57   0.46   1.78   0.58  -2.83   0.73   6.49   0.41   436.62   7.69   17579.21   8369.59   2.42   0.38   0.33   0.01
127 1999-09-15T07:44  Wind   -1.92   0.00  -2.96   0.00  -3.92   0.00   5.27   0.00   617.18   0.00  207270.30      0.00   1.32   0.00   0.66   0.00  -2.42   0.48   1.78   0.62  -2.69   0.75   6.33   0.40   443.14   9.95   24422.27  11095.72   2.15   0.36   0.31   0.02
128 1999-09-21T20:25   ACE   -2.93   0.40  12.38   0.11  -0.67   0.32  13.62   0.20   614.61   6.11  358091.54   7630.29   1.48   0.03   0.18   0.01  -3.72   0.28   8.61   0.59   4.83   0.50  11.60   0.68   593.61   3.32  270888.85  11817.38   1.94   0.16   0.37   0.16
128 1999-09-21T20:25  Wind   -1.51   0.06  10.86   0.36  -0.53   0.01  12.17   0.25   617.49   0.00  523250.30  14973.37   4.14   0.28   0.76   0.06  -3.10   0.26   9.17   0.76   4.11   0.24  11.85   0.77   606.05   5.31  398461.16  20275.82   1.83   0.21   0.39   0.15
129 1999-09-22T12:09   ACE   -1.89   0.00   4.48   0.00  -3.56   0.00   6.03   0.00   375.71   0.00   23967.00      0.00   9.96   0.00   1.74   0.00  -5.19   0.68   6.50   0.47   1.88   0.50  11.30   0.70   362.91   2.25   38644.78   3433.38  12.94   1.28   0.81   0.24
129 1999-09-22T12:09  Wind    0.36   0.00  -1.90   0.00  -5.29   0.00   5.63   0.00   385.55   0.00   36915.57      0.00  10.56   0.00   2.29   0.00  -4.95   0.75   6.80   0.35   1.34   0.77  11.14   0.72   359.68   1.99   31596.14   4397.77  13.57   0.53   0.83   0.24
130 1999-10-21T02:19   ACE    8.73   0.33 -14.84   1.84   0.47   2.73  21.66   0.46   496.91  24.67  178724.62  20841.61  32.26   2.91   1.23   0.23   7.32   0.98  -5.70   1.18   0.06   1.27  11.93   2.49   534.98  11.15   46380.87  13730.74   6.75   3.34   0.34   0.08
130 1999-10-21T02:19  Wind    8.73   0.69 -14.47   1.47   0.15   2.06  21.18   0.62   490.86  22.44  237536.43  27145.14  32.90   1.40   1.97   0.34   7.22   1.03  -6.01   1.27   0.25   1.14  12.26   2.63   538.65   9.52   47061.46  20298.34   8.02   3.90   0.35   0.14
131 1999-11-12T19:00   ACE    3.22   1.41 -11.01   4.10   5.58   2.81  18.00   1.45   438.12   7.92  138884.14  10468.91  27.68   9.75   4.57   2.59   8.23   1.44  -9.51   2.74  -6.76   1.98  22.01   1.31   476.15   7.84   77085.63  12051.12  12.63   0.80   0.34   0.20
131 1999-11-12T19:00  Wind    1.55   2.38  -1.94   9.43   5.57   1.83  18.16   1.66   433.01   5.96  150630.24  22136.31  29.49  10.48  10.72   6.22   8.17   1.21 -11.38   2.15  -4.90   2.28  21.95   1.12   472.82   8.38   82719.42  15813.43  12.63   1.05   0.42   0.49
132 1999-11-13T20:26   ACE   -3.13   0.00   2.35   0.00   0.19   0.00   4.75   0.00   638.82   0.00  226010.16      0.00   1.23   0.00   0.82   0.00   0.77   0.39   4.89   0.18  -3.26   1.10   7.50   0.60   454.69   7.30   26503.74   7264.98   3.55   0.48   0.44   0.05
132 1999-11-13T20:26  Wind   -3.20   0.00   2.10   0.00   0.46   0.00   4.87   0.00   558.44   0.00  241630.21      0.00   2.24   0.00   1.52   0.00   0.90   0.40   4.77   0.31  -3.21   1.03   7.36   0.76   499.68  11.59  255794.86  56233.61   2.86   0.17   1.20   0.34
133 1999-11-22T04:42   ACE    1.17   0.32   5.69   0.59  -3.99   3.13   9.97   1.22   457.51   7.66   48140.96  14863.42   4.68   0.07   0.49   0.22   1.02   1.01   3.39   0.05   0.04   0.37   5.74   0.68   420.81  20.09   55963.84   7662.60   3.35   0.59   5.29   0.56
133 1999-11-22T04:42  Wind    1.25   0.42   6.05   0.04  -4.86   2.08  10.87   0.21   491.80  25.44  117579.40  87948.44   3.71   0.10   0.39   0.15 -10.27   7.69   8.27   1.79   1.58   0.27  19.32   3.45   543.77   0.50  283187.71   5852.37   3.29   0.03   0.29   0.17
134 1999-11-23T06:52   ACE    2.33   5.28  -4.72   6.00   2.79   6.86  14.04   0.29   452.22  23.91   69655.37  14967.37  16.41   3.87   0.69   0.12  -3.17   1.26   6.88   0.99   2.23   1.28   9.87   1.05   455.95   4.48   51949.10   8739.92   6.67   0.76   0.70   0.10
134 1999-11-23T06:52  Wind    3.42   1.85  -4.48   0.94   8.77   0.50  13.25   1.28   418.12  33.59  103906.29  29335.92  11.84   0.53   0.70   0.16  -2.72   1.28   6.52   1.45   2.81   1.34  10.25   1.35   453.91   1.70   50809.77   6083.21   5.79   0.87   0.57   0.11
135 1999-11-23T20:19   ACE    None   None   None   None   None   None   None   None     None   None       None      None   None   None   None   None   1.66   0.00   7.73   0.00  -1.89   0.00   8.90   0.00   442.69   0.00   31611.36      0.00   3.86   0.00   0.34   0.00
135 1999-11-23T20:19  Wind    None   None   None   None   None   None   None   None     None   None       None      None   None   None   None   None   2.22   0.00   7.80   0.00  -2.21   0.00   8.79   0.00   452.18   0.00   33241.52      0.00   2.68   0.00   0.24   0.00
136 1999-12-12T15:50   ACE    1.75   0.00   6.63   0.00  -5.63   0.00   8.91   0.00   442.17   0.00    9101.69      0.00   8.95   0.00   0.65   0.00  -0.28   0.04   8.99   0.28   1.58   0.50  10.80   0.09   449.35   0.47   36006.40   3303.98   6.35   0.09   0.39   0.02
136 1999-12-12T15:50  Wind   -3.67   0.00   1.97   0.00   5.84   0.00   7.57   0.00   425.36   0.00  121697.46      0.00   4.97   0.00   0.95   0.00  -0.03   0.09   9.05   0.38   1.60   0.49  10.62   0.08   451.10   0.56   36833.20   5723.84   5.45   0.02   0.36   0.02
137 1999-12-14T04:00   ACE   -0.65   1.47   4.57   1.06  -1.71   0.62   8.74   0.08   621.13  27.03  465636.79  27155.90   1.70   0.19   0.55   0.00   2.83   0.12   7.48   0.62  -0.88   0.67  11.50   0.34   532.35  10.81   86665.55  22458.57   6.15   0.23   0.48   0.09
137 1999-12-14T04:00  Wind   -3.36   1.93   7.06   0.49  -2.05   0.94   9.98   0.09   510.43  54.63  797078.59 151763.50   1.52   0.13   0.60   0.17   2.59   0.54   7.21   0.69  -1.47   0.93  11.56   0.29   539.29  10.64  124118.35  54082.48   5.06   0.33   0.41   0.04
138 1999-12-26T08:33   ACE   -0.42   0.00  -1.58   0.00   5.80   0.00   8.24   0.00   472.13   0.00  210375.98      0.00   4.50   0.00   6.51   0.00  -7.58   2.98  -2.25   1.32   3.55   0.72  10.47   0.51   433.07  14.77   53337.15  22897.69   3.49   0.60   0.56   0.57
138 1999-12-26T08:33  Wind   -0.83   0.00  -1.38   0.00   8.33   0.00  10.12   0.00   448.41   0.00   36036.77      0.00   3.55   0.00   0.38   0.00  -7.50   2.82  -2.14   1.31   4.45   0.92  10.68   0.57   436.60  16.21   47424.02  22452.36   4.11   0.31   0.34   0.12
139 1999-12-26T22:39   ACE    None   None   None   None   None   None   None   None     None   None       None      None   None   None   None   None  -7.15   0.00   2.63   0.00   1.58   0.00   8.02   0.00   407.30   0.00   44125.06      0.00   6.26   0.00   0.73   0.00
139 1999-12-26T22:39  Wind    None   None   None   None   None   None   None   None     None   None       None      None   None   None   None   None  -6.67   0.00   2.43   0.00   1.91   0.00   7.63   0.00     None   None       None      None   None   None   None   None
140 2000-01-22T13:58   ACE   -4.40   0.19  -0.30   0.34  -0.03   0.00   7.82   0.10   405.93   0.26  116417.64   1351.03  10.41   0.11   4.00   0.19   3.92   2.67  -2.54   0.58  -1.84   0.58   8.12   0.35   435.34  11.87   70007.64  19500.46   5.51   1.17   1.10   0.70
140 2000-01-22T13:58  Wind   -5.24   0.05   0.51   0.03   0.44   0.12   9.55   0.16     None   None       None      None   None   None   None   None   4.03   2.98  -2.25   0.60  -2.04   0.51   9.18   0.09     None   None       None      None   None   None   None   None
141 2000-02-11T02:35   ACE   -1.51   1.44   8.54   1.58  -4.27   0.85  11.88   1.09   392.03   9.94   90581.28   1330.58  24.46   2.01   1.80   0.25   2.96   0.58  -2.24   0.80 -11.62   4.41  14.94   1.89   378.28   3.02   33243.16  14222.99  15.50   3.37   0.52   0.10
141 2000-02-11T02:35  Wind    4.14   1.64   7.79   1.13  -0.85   0.31  13.08   1.76   421.24   0.04  221106.39     72.71   5.64   0.00   1.03   0.53   8.38   2.25  -5.70   0.68  -8.19   1.83  17.58   1.42   420.43   1.39  219400.49   2951.55   5.67   0.06   0.31   0.12
142 2000-02-11T23:31   ACE    4.71   0.55  -4.56   0.57   0.44   1.02   8.70   0.56   480.80   8.18  168939.29  25128.17   9.34   0.59   2.15   0.30   3.47   0.63  -6.47   0.92  -0.38   0.79   8.38   1.04   450.60  14.83   74524.21  28710.38   9.04   1.29   1.17   0.23
142 2000-02-11T23:31  Wind    5.06   0.76  -4.57   0.64   1.10   1.17   9.01   0.63   476.71   2.86  199754.40  17631.03   8.18   0.74   1.44   0.03   3.27   0.66  -6.42   0.92  -0.34   0.74   8.29   1.06   452.47  12.94   86626.35  36655.47   6.92   1.02   0.94   0.19
143 2000-02-14T07:11   ACE    2.55   0.82  -8.54   0.38  -0.34   1.17  15.58   0.34   566.61   2.78  151214.35   8793.83  19.77   1.31   1.79   0.26  -7.10   1.86  -1.58   2.92  -0.92   0.70  11.82   1.02   543.40   5.50   59700.53  15666.24   6.34   2.08   0.77   0.33
143 2000-02-14T07:11  Wind    1.91   0.61  -8.71   0.44  -0.45   1.15  15.77   0.43   567.86   5.05  187091.38  18247.43  17.12   0.90   1.33   0.11  -6.94   1.85  -1.38   3.06  -0.90   0.68  11.89   1.06   549.11   5.31   56409.61  14600.03   6.45   1.86   1.12   0.72
144 2000-02-20T21:03   ACE    3.03   0.33  -0.28   0.28  -2.31   0.28   8.47   0.03   657.19   0.88  272436.26  10845.98   7.23   0.03   2.44   0.14  -1.16   0.36  -1.39   0.53   0.64   0.38   6.05   0.45   552.49  18.85   97313.47  18912.94   7.18   0.33   3.58   1.31
144 2000-02-20T21:03  Wind    2.78   0.11  -0.79   0.51  -2.56   0.20   8.73   0.06   664.49   0.65  349071.26  18835.73   6.98   0.05   2.83   0.25  -1.33   0.39  -1.42   0.46   0.61   0.33   6.21   0.41   558.42  18.94  106656.88  23313.39   6.89   0.30   2.96   0.98
145 2000-03-01T01:58   ACE   -2.75   1.29   2.61   4.26   1.21   1.32  12.74   0.54   446.17   3.21  110328.49   7567.23  25.27   1.64   2.49   0.51  -5.36   0.21   0.13   1.51   8.18   0.51  14.70   0.24   388.73   6.90   37975.61   7071.09   8.07   1.75   0.33   0.11
145 2000-03-01T01:58  Wind   -2.48   1.41   3.63   4.52   1.21   1.55  12.82   0.53   442.48   2.12  144361.54  13590.52  24.60   1.50   2.56   0.54  -5.66   0.20  -0.01   1.47   8.08   0.41  14.76   0.23   387.97   7.29   39462.71   9195.50   8.93   1.61   0.36   0.12
146 2000-03-01T20:16   ACE    2.39   0.49   3.61   0.02   1.19   0.95   5.98   0.68   520.85   1.28   78585.43   7116.42   9.99   0.49   3.53   0.39   6.03   0.47   1.25   0.79  -3.83   0.17   8.15   0.29   474.11   5.28   28629.41    317.03   5.45   0.07   0.61   0.03
146 2000-03-01T20:16  Wind    2.36   0.12   3.41   0.16   2.32   0.21   5.14   0.27   518.56   0.73   94020.43   1199.75   8.51   1.03   3.14   0.23   6.07   0.59   0.98   0.73  -3.91   0.26   8.11   0.33   478.69   6.51   32129.09   1290.67   5.18   0.04   0.79   0.23
147 2000-03-19T03:55   ACE   -0.63   0.00  -3.16   0.00  -0.18   0.00   7.00   0.00   443.90   0.00   58377.50      0.00   5.87   0.00   1.03   0.00   3.97   0.62  -1.80   0.82  -3.18   0.30   6.63   0.09   447.38   0.70   25700.98   4139.53   4.94   0.14   0.75   0.02
147 2000-03-19T03:55  Wind   -2.78   0.00  -2.65   0.00   1.20   0.00   5.68   0.00   428.21   0.00  109458.77      0.00   6.23   0.00   7.48   0.00   3.80   0.67  -1.95   0.78  -3.28   0.37   6.60   0.14   447.94   1.87   30339.42   7665.07   4.89   0.16   1.11   0.49
148 2000-03-19T17:49   ACE   -4.21   0.34   7.16   0.34  -3.56   0.12   9.96   0.21   372.59   1.45   85481.91  15128.74   7.53   0.15   0.67   0.06  -4.97   0.63   4.66   0.75  -3.35   0.28   8.18   0.81   376.80   3.80   30675.05   8715.92  14.93   1.57   5.83   5.29
148 2000-03-19T17:49  Wind   -4.40   0.50   6.98   0.48  -3.55   0.20   9.87   0.27   356.16   3.53  113814.11  15434.96   8.87   0.08   1.05   0.11  -4.50   0.48   4.71   0.80  -3.47   0.33   7.87   0.88   374.33   4.86   36964.21  14374.28  17.84   2.65   6.82   5.41
149 2000-03-28T02:52   ACE   -3.75   0.00   5.99   0.00  -1.14   0.00   8.19   0.00   360.07   0.00   54382.88      0.00  11.75   0.00   1.35   0.00   3.22   1.47   4.69   0.21   4.96   0.56   8.76   0.44   351.72   4.68   46603.47   3710.71   6.52   0.63   0.83   0.17
149 2000-03-28T02:52  Wind   -3.95   0.00   5.92   0.00  -1.90   0.00   7.76   0.00   359.91   0.00   52727.56      0.00  15.72   0.00   2.11   0.00   4.71   0.86   5.52   0.45   5.16   0.53   9.46   0.12   358.56   0.83   29596.14   1993.32   7.88   1.57   0.62   0.15
150 2000-03-29T11:00   ACE    1.64   0.00   5.85   0.00  -1.79   0.00   7.59   0.00   410.56   0.00   99817.01      0.00   3.38   0.00   0.59   0.00  -4.04   1.29   5.64   0.23   1.10   0.43   8.47   0.21   377.26  30.75   60906.08   8850.36   1.64   0.44   0.23   0.13
150 2000-03-29T11:00  Wind    1.68   0.00   6.13   0.00  -2.02   0.00   7.66   0.00   414.99   0.00  119181.67      0.00   3.09   0.00   0.61   0.00  -3.93   1.26   5.87   0.29   0.89   0.49   8.52   0.16   375.24  30.27   67633.73  10177.65   2.34   0.18   0.58   0.05
151 2000-03-30T14:35   ACE    0.74   0.13   5.64   1.31   1.39   0.84   8.04   0.64   539.00   7.74   95569.71  15261.21   2.87   0.77   0.70   0.39   2.07   1.51   0.98   1.44  -1.32   1.15   5.51   0.72   444.09  20.18   19576.54    625.24   8.25   0.95   2.47   0.35
151 2000-03-30T14:35  Wind    0.87   0.08   5.95   1.60   1.35   1.10   8.23   0.51   542.52   8.65  108543.29  16192.49   2.05   0.69   0.61   0.42   2.22   1.73   1.03   1.49  -1.21   1.19   5.60   0.67   447.63  21.68   24051.28   1612.14   7.28   1.68   1.96   0.15
152 2000-04-03T13:56   ACE   -1.16   0.06   3.07   0.26  -3.83   0.22   6.40   0.27   412.32   1.43   18589.49     82.68  12.92   0.16   3.31   0.38  -1.33   0.42  -4.59   0.70  -2.05   0.92   7.24   0.10   385.68   4.65   20511.36   3246.11   9.22   0.65   1.42   0.46
152 2000-04-03T13:56  Wind   -1.03   0.09   3.06   0.33  -3.76   0.23   6.24   0.31   415.23   2.03   20126.50    151.84  12.75   0.35   4.27   0.61  -1.80   0.38  -4.54   0.73  -1.89   0.90   7.21   0.11   385.33   4.81   21082.31   1987.79  10.62   0.92   1.87   0.81
153 2000-04-06T16:39   ACE    3.47   0.00  -2.19   0.00  -2.75   0.00   6.64   0.00   361.96   0.00   64198.07      0.00   7.37   0.00   1.32   0.00   3.62   0.00   0.69   0.00  -0.10   0.00   8.21   0.00   390.85   0.00   65524.52      0.00   5.10   0.00   0.68   0.00
153 2000-04-06T16:39  Wind    3.46   0.00  -1.84   0.00  -1.62   0.00   6.50   0.00   370.96   0.00   45579.36      0.00   6.74   0.00   1.32   0.00   3.72   0.00   0.63   0.00  -0.31   0.00   8.13   0.00   380.75   0.00   72468.88      0.00   5.44   0.00   0.86   0.00
154 2000-04-18T19:32   ACE    4.86   1.09 -12.63   2.17  -3.51   1.61  21.79   2.32   574.77   4.72  170398.18  22957.42  20.89   2.50   0.60   0.01   2.15   0.67  -2.77   1.83   0.55   0.98   6.08   2.96   559.41   7.26   36346.75  24995.72   4.11   3.15   0.99   0.10
154 2000-04-18T19:32  Wind    4.49   0.87 -13.63   2.28  -3.29   1.81  22.24   2.16   576.41   3.63  196241.20  24974.74  20.20   2.08   0.60   0.02   2.11   0.55  -2.92   1.99   0.97   1.10   6.32   3.04   564.92   5.70   40771.82  29084.85   4.70   2.97   1.24   0.15
155 2000-04-24T03:31   ACE   -2.21   0.03   6.02   0.56  -0.18   0.16   7.08   0.12   419.38   0.18   25703.96    200.96   8.33   0.09   1.18   0.06  -2.67   1.33   8.23   0.69  -1.67   0.46  10.30   0.47   454.15   1.73   45920.81   7386.15   8.85   1.68   0.78   0.25
155 2000-04-24T03:31  Wind   -0.51   0.25   5.08   0.05   2.57   0.59   6.04   0.05   425.39   0.62   36174.45   3203.89  10.96   0.36   2.08   0.04  -2.41   1.37   8.13   0.70  -1.54   0.75  10.16   0.42   455.13   3.44   47564.25   8938.40   7.54   1.41   0.72   0.23
156 2000-05-02T10:45   ACE    1.66   0.00   4.76   0.00  -5.01   0.00  11.59   0.00   463.63   0.00   57738.91      0.00   8.78   0.00   0.69   0.00   7.56   0.17   6.63   0.01  -6.28   0.49  13.71   0.08   495.38   0.16   84885.75   3142.17   6.51   0.04   0.33   0.00
156 2000-05-02T10:45  Wind   -3.72   0.00   5.66   0.00   1.73   0.00   9.37   0.00   430.12   0.00   47784.64      0.00   9.15   0.00   0.81   0.00   7.76   0.27   6.44   0.21  -7.06   0.30  13.85   0.05   498.63   1.61   83412.00    393.37   6.00   0.07   0.29   0.01
157 2000-05-07T00:00   ACE   -0.08   0.00  -8.16   0.00   3.58   0.00  11.13   0.00   699.30   0.00  324474.44      0.00   2.14   0.00   0.32   0.00   2.24   0.00  -2.36   0.00   0.01   0.00   5.31   0.00   477.99   0.00   46174.00      0.00   4.50   0.00   1.39   0.00
157 2000-05-07T00:00  Wind   10.00   0.00 -22.15   0.00  10.52   0.00  31.30   0.00   514.59   0.00   87737.20      0.00   4.02   0.00   0.08   0.00   3.26   0.00  -6.76   0.00   4.36   0.00  12.32   0.00   472.53   0.00   64321.86      0.00   3.84   0.00   1.20   0.00
158 2000-05-14T02:36   ACE   -2.36   0.00  -4.54   0.00  -1.10   0.00   5.23   0.00   423.37   0.00   45866.00      0.00   7.51   0.00   1.99   0.00   5.17   0.71   1.01   1.65   5.14   0.71   9.47   0.67   389.22   5.05   30362.47   7527.24   6.34   0.21   0.60   0.13
158 2000-05-14T02:36  Wind   -0.83   0.00  -5.08   0.00   0.74   0.00   5.20   0.00   421.58   0.00   58798.11      0.00   8.09   0.00   2.33   0.00   4.86   0.72   1.00   1.58   4.93   0.82   9.16   0.67   388.10   6.16   28815.44   8297.28   6.92   0.51   0.71   0.19
159 2000-05-15T19:00   ACE    4.74   0.00   2.83   0.00   0.27   0.00   8.24   0.00   558.20   0.00   53474.98      0.00   6.89   0.00   0.82   0.00   3.64   0.31   4.42   0.46   0.26   0.06   7.16   0.37   500.20  18.48   30364.12   6875.60   5.92   0.35   0.83   0.12
159 2000-05-15T19:00  Wind    4.98   0.00   3.01   0.00   0.03   0.00   8.54   0.00   568.81   0.00   58840.91      0.00   6.43   0.00   0.75   0.00   3.48   0.50   4.42   0.41   0.21   0.08   7.23   0.43   507.82  20.00   33808.73   7183.98   5.54   0.31   0.80   0.09
160 2000-05-16T23:00   ACE    None   None   None   None   None   None   None   None     None   None       None      None   None   None   None   None  -1.48   0.00   3.40   0.00  -1.06   0.00   7.68   0.00   429.61   0.00   30629.78      0.00  12.93   0.00   1.90   0.00
160 2000-05-16T23:00  Wind    None   None   None   None   None   None   None   None     None   None       None      None   None   None   None   None  -1.65   0.00   3.51   0.00  -1.26   0.00   7.51   0.00   430.10   0.00   33013.62      0.00  11.21   0.00   1.84   0.00
161 2000-05-22T17:00   ACE    None   None   None   None   None   None   None   None     None   None       None      None   None   None   None   None  -0.38   0.00  -0.12   0.00  -2.64   0.00   8.89   0.00   539.18   0.00   55755.53      0.00  12.02   0.00   1.55   0.00
161 2000-05-22T17:00  Wind    None   None   None   None   None   None   None   None     None   None       None      None   None   None   None   None  -0.79   0.00  -0.07   0.00  -3.32   0.00   9.33   0.00   535.60   0.00   60405.51      0.00   8.67   0.00   1.25   0.00
162 2000-05-23T23:42   ACE   -0.13   0.00   4.93   0.00   2.24   0.00   7.69   0.00   539.74   0.00  187796.34      0.00   4.29   0.00   1.37   0.00  -3.22   0.00   4.05   0.00   5.40   0.00  10.27   0.00   559.60   0.00   45978.27      0.00  10.53   0.00   0.96   0.00
162 2000-05-23T23:42  Wind   -3.21   0.00   5.65   0.00   2.69   0.00   8.34   0.00   543.72   0.00  232041.44      0.00   4.64   0.00   1.38   0.00  -3.67   0.00   3.82   0.00   6.30   0.00  12.03   0.00   564.67   0.00   84159.06      0.00   8.94   0.00   1.00   0.00
163 2000-06-04T15:02   ACE    1.74   0.00  -2.43   0.00  -1.33   0.00  19.38   0.00   635.43   0.00  243500.88      0.00  15.47   0.00   0.67   0.00   0.73   0.00  -0.50   0.00  -1.76   0.00   4.89   0.00   518.42   0.00   41221.43      0.00   5.05   0.00   2.77   0.00
163 2000-06-04T15:02  Wind    0.63   0.00  -2.85   0.00  -1.29   0.00  19.40   0.00   643.60   0.00  229091.35      0.00  15.08   0.00   0.75   0.00  -1.23   0.00  -6.46   0.00  -0.73   0.00  14.54   0.00   518.47   0.00   36739.30      0.00   3.19   0.00   0.76   0.00
164 2000-06-08T09:07   ACE    4.42   0.11  -5.95   0.78   1.98   1.77  11.08   0.13   513.70   9.61  227307.31  51718.25   4.72   0.95   0.68   0.15   0.90   0.08  -1.09   0.33   1.88   0.38   8.70   0.12   454.34   2.78   38589.57   8529.41  16.33   1.96   2.76   0.34
164 2000-06-08T09:07  Wind    3.66   0.55  -5.79   1.38   3.86   2.64  11.04   0.18   517.86  10.22  307382.89  70561.22   3.93   0.16   0.64   0.12   0.89   0.14  -1.45   0.40   1.65   0.33   8.84   0.17   456.78   2.36   41837.44  10852.69  14.88   2.08   2.16   0.31
165 2000-06-11T09:23   ACE   -4.49   1.51  13.46   1.09   0.50   1.59  17.68   0.49   775.13   4.91  533024.10 102290.89  13.90   0.54   1.39   0.19  -9.34   0.65   1.31   0.96   1.00   0.70  11.25   0.75   641.03  19.87   97496.12  33697.20   3.08   1.07   0.23   0.09
165 2000-06-11T09:23  Wind   -4.18   1.12  13.69   0.49  -0.69   1.19  17.53   0.34   777.26   1.38  713828.54 186399.38  16.16   1.37   2.06   0.38  -9.36   0.42   1.52   1.28   1.49   0.85  12.83   2.09   645.55  25.88   62883.91  41800.00   3.26   1.37   0.21   0.13
166 2000-06-12T22:08   ACE   -3.51   0.01   3.98   0.10  -6.27   0.18   9.12   0.07   512.98   0.12   15264.08    345.69   8.91   0.25   0.67   0.00  -3.12   0.20   9.03   0.49  -1.67   0.34  12.16   0.18   511.48   0.43   26071.20   2804.61   7.71   0.26   0.35   0.03
166 2000-06-12T22:08  Wind   -4.65   0.04   5.95   0.06  -1.75   0.10   8.35   0.04   511.54   0.02   43637.43   2687.16   6.43   0.39   0.66   0.03  -4.10   0.18   8.55   0.16  -3.41   0.36  11.50   0.20   512.25   0.48   31930.21    979.96   5.59   0.31   0.31   0.03
167 2000-06-18T09:15   ACE   -3.46   1.09   0.83   0.56   0.45   1.82   6.70   0.68   520.98  16.88  328775.01  19541.24   4.50   0.64   2.41   0.38  -1.85   0.21   0.47   0.30  -1.40   0.35   4.07   0.46   452.74  11.08   94603.51  49196.74   9.09   1.25  10.14   1.71
167 2000-06-18T09:15  Wind   -1.86   0.18   1.48   0.06   2.36   2.77   6.99   0.68   521.55  20.66  617825.36  61728.34   4.37   0.45   3.18   0.02  -1.77   0.04   0.42   0.26  -1.86   0.53   4.26   0.46   454.15  10.41  166371.10  92316.86   7.27   0.83   5.34   0.47
168 2000-06-23T12:45   ACE    None   None   None   None   None   None   None   None     None   None       None      None   None   None   None   None  -1.52   0.45   2.67   0.50  -3.17   0.87   5.84   0.71   381.90   1.80   26479.90   9166.06   4.05   0.29   0.93   0.33
168 2000-06-23T12:45  Wind    None   None   None   None   None   None   None   None     None   None       None      None   None   None   None   None  -1.05   0.73   1.91   0.34  -3.39   1.06   5.32   0.65   383.27   3.25   20592.33   1711.44   3.90   0.30   1.11   0.41
169 2000-06-26T00:43   ACE    3.17   0.63  -8.49   1.18  -0.45   0.33  13.68   0.38   554.01   3.65  205802.96  31260.94  13.44   0.77   1.18   0.08   5.52   0.22  -3.47   0.54   1.09   0.32   7.74   0.80   500.70   8.34   20836.56  17911.90   5.22   1.09   0.54   0.07
169 2000-06-26T00:43  Wind    3.52   0.25  -8.71   1.00  -0.32   1.13  14.03   0.33   544.45   4.55  270700.18  40673.30  11.58   0.43   1.12   0.05   5.37   0.27  -3.45   0.65   1.39   0.26   7.71   0.84   503.17   7.36   28060.09  23642.89   4.47   0.99   0.49   0.07
170 2000-07-01T01:54   ACE    5.62   0.00  -8.67   0.00  -5.64   0.00  14.33   0.00   486.23   0.00   59311.82      0.00   7.22   0.00   0.32   0.00   4.17   0.46  -4.35   1.05  -5.62   0.25  10.14   1.08   526.30  10.78   38848.33   5264.66   8.40   0.37   0.78   0.12
170 2000-07-01T01:54  Wind    5.48   0.00  -9.50   0.00  -4.76   0.00  14.16   0.00   482.31   0.00   57067.74      0.00   6.27   0.00   0.26   0.00  -3.19   3.53 -16.42   2.69  -3.75   0.53  29.71   6.10   514.05   7.36  180622.63  30153.33   4.46   0.49   0.20   0.02
171 2000-07-10T06:00   ACE   -1.61   0.26   4.04   0.23   0.45   0.21   6.88   0.03   412.38   1.13   44800.12    621.78  11.75   0.08   1.88   0.02   3.89   0.38  -0.63   0.65   3.53   1.58   6.98   0.68   397.65  13.77   23075.34   3853.75  10.59   0.94   1.56   0.33
171 2000-07-10T06:00  Wind   -1.27   0.51   3.43   0.39  -0.03   0.07   6.55   0.01   409.79   3.54   52391.42     16.54   8.75   0.08   1.60   0.02   3.77   0.40  -0.56   0.65   3.33   1.41   6.99   0.72   398.14  14.50   23964.01   3497.86   8.75   0.58   1.33   0.34
172 2000-07-11T12:09   ACE   -0.51   0.07   5.80   0.17   7.29   0.17  13.21   0.08   462.49   0.34   84599.40    198.60  14.40   0.04   1.14   0.01   3.20   0.25  11.60   0.67   2.72   0.18  13.16   0.58   440.70   1.43   27716.09   4103.51  29.43   0.79   1.30   0.07
172 2000-07-11T12:09  Wind   14.66   0.69   4.71   0.32  19.63   0.21  32.63   0.20   410.02   0.41  164824.66    863.58   5.93   0.01   0.08   0.00   5.16   0.86  11.29   0.54   2.48   0.32  14.20   0.83   379.30   1.40  100094.61   2957.28   4.89   0.05   0.29   0.02
173 2000-07-13T09:42   ACE    0.59   2.12  11.22   2.87   2.85   0.81  15.53   1.45   472.52  13.48  109555.05  24389.78  14.84   5.50   0.96   0.20  -5.91   0.65   3.38   1.22   4.57   1.33   9.97   0.56   507.33  11.10   47570.25  15633.71   3.85   0.83   0.40   0.17
173 2000-07-13T09:42  Wind    0.61   1.90  12.11   3.38   3.58   0.45  17.85   0.65   387.24  13.10   89252.59   8752.20   4.76   0.22   0.24   0.10  -5.45   0.57   3.50   1.11   4.11   1.76  10.05   0.89   502.18  16.43   47601.58  13516.89   3.50   0.49   0.39   0.18
174 2000-07-14T15:32   ACE   -7.12   0.21  12.99   0.75   1.84   0.27  17.57   0.69   648.65   6.63  344605.07   6772.36  23.06   2.74   1.79   0.03  -5.05   0.86   2.20   1.51   0.22   0.55   7.73   1.75   594.94  14.90  250256.06  37633.19   9.03   0.74   3.90   1.00
174 2000-07-14T15:32  Wind   -7.82   0.48  13.40   0.52   1.42   0.04  17.93   0.45   656.93   5.04  487406.54   2331.05  20.88   2.32   1.85   0.23  -4.87   0.99   2.32   1.71   0.40   0.47   7.66   1.80   641.39   5.78  255869.75  66478.66   5.07   2.37   1.69   0.18
175 2000-07-15T02:23   ACE   -2.54   0.00   7.60   0.00  -2.02   0.00  12.56   0.00   284.44   0.00   78196.50      0.00 184.28   0.00  20.02   0.00   0.34   0.12  -3.19   0.44  -0.78   0.01   8.32   0.17   284.57   1.60   83749.54   4575.96 125.32   0.00  19.16   4.82
175 2000-07-15T02:23  Wind   -4.76   0.00   5.18   0.00   1.86   0.00  12.52   0.00   747.47   0.00   59184.46      0.00   0.77   0.00   0.05   0.00   0.97   0.23  -3.21   0.32  -0.74   0.10   8.11   0.09   723.05   1.14   68211.45    421.50   1.15   0.02   0.20   0.01
176 2000-07-15T14:23   ACE   -2.11   0.00  -5.35   0.00   0.98   0.00   7.63   0.00     None   None       None      None   None   None   None   None   7.34   0.64  -0.18   0.52  -3.96   0.79   9.97   0.95   282.97   0.00   88325.50      0.00   None   None  23.98   0.00
176 2000-07-15T14:23  Wind   -3.79   0.00  -4.97   0.00   2.03   0.00   7.57   0.00   719.45   0.00   69546.18      0.00   1.20   0.00   0.18   0.00   6.78   0.29  -2.21   0.31  -4.05   0.27   9.15   0.33   705.59   0.29   74674.35    105.38   1.42   0.01   0.15   0.01
177 2000-07-19T15:27   ACE   -1.22   1.08   4.35   2.55  -5.12   4.85  29.75   3.07   279.36   2.54   80596.73   7198.53  42.61  12.30   0.96   0.29   8.83   2.96  14.75   6.84   9.84   3.16  29.29   7.72   794.31  35.94   50949.43  11491.92   1.49   0.33   0.08   0.06
177 2000-07-19T15:27  Wind    1.12   0.97   4.98   1.48  -1.60   4.43  25.39   3.05   691.33   1.23   79943.01    454.36   1.64   0.02   0.12   0.01  10.45   3.79  13.97   6.91   8.91   2.46  29.64   7.70   672.63   4.48   86918.41   1648.68   1.87   0.14   0.09   0.07
178 2000-07-23T09:50   ACE    6.66   0.43  -7.22   2.22  -0.22   1.66  12.00   0.96   582.02   2.92  166514.49  17545.32   6.43   0.86   0.56   0.04   4.08   0.42  -0.36   0.97  -0.99   0.64   7.52   0.67   516.09  14.06   72036.41  18818.20   4.62   0.22   0.86   0.25
178 2000-07-23T09:50  Wind    6.03   0.40  -7.39   1.98   0.55   2.00  11.66   0.74   584.25   6.21  197947.73  20594.91   5.84   0.93   0.60   0.07   3.66   0.39  -0.40   1.00  -1.35   0.57   7.50   0.66   526.57  15.18   82712.58  24143.00   3.81   0.23   0.74   0.24
179 2000-07-26T18:57   ACE   -3.02   0.14  -4.19   0.43  -6.05   0.71   8.88   0.76   410.57   1.93   45375.56   4067.22  10.97   0.26   1.21   0.16   0.98   0.15  -6.95   0.90  -1.02   0.54   8.78   0.14   357.02   1.83   24449.82   2125.84   3.62   0.73   0.33   0.12
179 2000-07-26T18:57  Wind  -79.76  11.37 -15.92   1.21  11.18   5.40  82.66  11.24   348.01   0.85   43430.39    582.14   5.44   0.03   0.00   0.00  -7.35   2.04  -6.89   0.87   1.58   0.71  14.91   1.86   374.41   1.07   60406.96   1513.76   6.85   0.45   0.61   0.11
180 2000-07-28T06:38   ACE    2.81   0.51  -0.07   0.31  -1.62   1.35   6.68   0.68   383.91   7.16   68149.39  11414.29  17.22   2.23   4.75   0.67   2.30   0.26  -2.51   2.54   0.99   0.65   6.67   0.98   354.15   8.30   41717.67   4896.04   6.29   2.64   1.43   0.87
180 2000-07-28T06:38  Wind    1.94   0.60   0.96   0.32  -2.94   1.29   6.78   0.56   383.09   6.63   74999.90   9464.89  20.61   3.01   5.31   0.71   2.40   0.45  -2.35   2.22   1.13   1.11   6.42   0.73   351.19   7.18   41602.39   7408.54   7.25   2.67   1.96   1.03
181 2000-07-31T19:28   ACE    5.84   0.52  13.92   0.95   6.64   1.20  19.16   0.73   436.40   5.59   92765.56   7929.06  25.50   1.97   0.69   0.04   6.13   1.13  -1.76   3.38  -2.09   1.67  13.15   1.77   460.82   3.48   54679.72   6509.47  12.93   1.95   1.00   0.48
181 2000-07-31T19:28  Wind    6.14   0.25  13.90   0.64   3.94   0.56  18.61   0.45   425.97   7.44  113958.74  10728.24  22.56   0.96   0.71   0.04   6.78   1.37  -1.90   3.64  -1.06   1.10  13.43   1.71   461.06   5.64   57664.84   7300.83  12.87   1.86   0.81   0.49
182 2000-08-10T05:13   ACE   -3.47   0.00   5.37   0.00   1.21   0.00   9.88   0.00   432.37   0.00   79006.58      0.00  12.98   0.00   1.84   0.00  -8.34   0.29   6.43   0.16  -0.39   0.42  11.19   0.22   462.19   0.46   67096.30   5029.84   4.88   0.13   0.35   0.04
182 2000-08-10T05:13  Wind   -3.09   0.00   2.74   0.00  -0.66   0.00   6.84   0.00   422.03   0.00   78013.04      0.00  19.75   0.00  15.43   0.00  -8.27   0.16   6.07   0.17   0.41   0.49  11.03   0.19   457.84   1.41   61216.60   5396.16   4.22   0.17   0.30   0.04
183 2000-08-11T18:43   ACE   -4.98   0.24   8.86   0.28   0.56   0.58  11.97   0.03   446.40   0.96   89232.33   3857.63  10.57   0.35   0.76   0.03  -2.37   0.31   8.10   0.89  -6.90   1.24  12.41   0.64   439.52  12.60   45992.47  19049.43   3.17   0.33   0.15   0.01
183 2000-08-11T18:43  Wind   -5.20   0.09   8.88   0.08   0.88   0.13  11.87   0.11   439.71   1.77  111334.54   2759.63  10.51   0.19   0.77   0.02  -1.92   0.36   8.21   0.85  -7.31   1.02  12.84   0.70   326.14   4.56   39369.85    641.88   3.98   0.13   0.20   0.01
184 2000-09-02T23:29   ACE   -0.86   0.44  13.48   0.61   0.61   1.43  20.92   0.38   620.11   2.45  234904.16  11663.86   8.22   0.11   0.31   0.01  -1.69   0.20  10.15   4.46   2.98   0.38  19.94   3.42   574.54   4.49   33240.30   4209.92   9.19   1.14   0.26   0.07
184 2000-09-02T23:29  Wind   -0.86   0.19  14.52   0.30   0.67   0.60  20.88   0.44   326.74   0.29   39255.71     17.07   3.79   0.00   0.07   0.01  -1.64   0.22  10.56   4.48   2.15   0.54  20.55   3.49   342.55   2.98   38314.63    177.40   3.65   0.03   0.15   0.09
185 2000-09-04T13:03   ACE    None   None   None   None   None   None   None   None     None   None       None      None   None   None   None   None  -4.86   0.31  -1.01   1.22   3.37   0.74   7.26   0.50   422.28   6.15   29189.05   8539.14   5.01   0.27   0.70   0.07
185 2000-09-04T13:03  Wind    None   None   None   None   None   None   None   None     None   None       None      None   None   None   None   None  -4.95   0.18  -1.12   1.12   3.35   0.62   7.27   0.45   419.99   9.55   26545.28  10854.61   5.59   0.40   0.76   0.07
186 2000-09-06T17:02   ACE   -2.47   0.01   2.00   0.09  -1.88   0.07   7.70   0.02   466.87   0.58   50615.56   1354.97   8.75   0.02   1.16   0.03  -6.50   0.64   2.69   0.60   1.78   0.67   9.29   0.84   394.85   5.88   53810.65  17680.55   8.01   0.87   0.76   0.04
186 2000-09-06T17:02  Wind   -2.68   0.00   1.30   0.04  -3.66   0.03   7.74   0.06   472.81   0.11   56586.82    108.99   7.12   0.07   1.00   0.02  -6.50   0.56   2.61   0.56   0.32   0.49   9.09   0.82   392.45   8.12   49205.46  14957.77   8.27   0.83   0.81   0.05
187 2000-09-08T12:00   ACE   -3.05   1.06   6.54   0.66   7.04   1.37  14.13   1.08   471.47   1.15  196504.92  13283.95  16.26   3.14   1.17   0.11  -3.44   1.66   5.81   1.83   0.61   1.00   8.91   1.28   457.19  14.45  155205.95  37902.82   3.94   0.44   0.82   0.33
187 2000-09-08T12:00  Wind   -4.00   1.54   8.03   1.87   5.78   0.39  13.93   0.71   463.02   4.84  316968.86  24640.34  16.05   3.63   4.21   1.15  -3.58   2.13   6.02   1.78   0.44   0.95   9.35   1.48   456.46  14.28  218183.96  60721.55   3.60   0.33   0.75   0.25
188 2000-09-17T16:04   ACE   -0.68   0.00   9.12   0.00  -0.34   0.00   9.16   0.00   449.11   0.00  116070.00      0.00   2.25   0.00   0.27   0.00   0.91   0.00  -1.87   0.00   0.27   0.00   4.91   0.00   427.15   0.00   38703.99      0.00   5.37   0.00   2.03   0.00
188 2000-09-17T16:04  Wind   -0.37   0.00   8.64   0.00  -1.10   0.00   8.72   0.00   453.36   0.00  152946.54      0.00   2.64   0.00   0.41   0.00   0.68   0.00  -1.55   0.00   0.42   0.00   4.85   0.00   429.07   0.00   41455.70      0.00   5.16   0.00   1.88   0.00
189 2000-10-03T01:01   ACE    7.24   2.79  -4.31   2.07   1.33   2.20  24.56   2.17   705.14  26.21  447351.35  45050.66  18.31   1.23   1.28   0.34   7.34   1.28  -8.97   4.17   4.59   2.37  15.71   3.87   712.37  49.42   97648.43  14327.81   4.00   0.40   0.31   0.17
189 2000-10-03T01:01  Wind    1.60   2.96  -5.86   2.00   4.23   2.35  25.42   2.19   721.76  25.20  710336.01  87423.29  17.81   1.04   1.34   0.20   7.37   1.25  -8.61   3.97   4.82   2.66  15.28   3.72   719.77  49.24   82714.06   8141.52   5.74   1.05   0.44   0.18
190 2000-10-05T03:34   ACE   -5.98   0.63   9.77   0.73  -0.88   0.89  13.03   0.57   454.06   5.23   82890.78  13452.66   9.47   0.39   0.60   0.09   3.85   2.55   6.35   0.83   0.47   2.59  14.90   0.81   409.06   5.16   21394.68   8254.34   9.92   0.50   0.35   0.10
190 2000-10-05T03:34  Wind   -6.46   0.33   9.39   0.47  -1.27   0.39  12.32   0.57   445.98   3.39  105587.46  12744.87  10.10   0.50   0.77   0.11   3.52   3.15   5.84   0.41   0.35   2.57  14.29   0.84   411.16   3.46   25088.92  10512.18  12.58   1.54   0.43   0.04
191 2000-10-12T22:28   ACE   -0.94   2.16  -1.98   0.98  -7.03   4.97  19.23   3.03   500.57   8.56  128917.32  15815.20  24.90   2.73   1.73   0.41  -2.11   0.65  -1.68   0.86  -1.00   1.08   5.77   1.10   467.12  19.60   48716.11  12725.15   6.49   2.28   1.64   0.26
191 2000-10-12T22:28  Wind   -1.08   2.42  -1.56   1.02  -7.40   5.67  19.50   3.05   494.05  13.00  131639.90  24605.59  25.90   3.24   1.21   0.52  -1.28   0.66  -1.53   1.00  -1.08   1.22   5.85   1.20   473.52  20.54   38755.10   8499.19   8.23   3.60   1.66   0.35
192 2000-10-28T09:27   ACE   -1.68   0.40   4.97   3.39   1.17   2.89  14.52   0.23   457.24   4.58  117160.47  25587.60  21.83   1.15   1.55   0.20  -3.70   0.72   5.19   1.46  -4.05   3.02  12.44   0.30   408.56   8.43   25355.97   7587.28   7.53   3.48   0.34   0.17
192 2000-10-28T09:27  Wind   -2.41   0.57   5.86   4.04   1.01   3.36  15.35   0.46   454.03   3.17  141523.60  25635.02  23.08   4.99   1.80   0.05  -4.43   0.74   5.11   1.61  -3.33   3.04  12.06   0.45   408.26   8.55   27006.52  12321.09  11.76   5.00   0.56   0.25
193 2000-11-06T09:30   ACE    2.89   0.91   0.47   0.49   0.81   1.10  10.79   0.49   386.62   2.64   89986.79   1104.90  29.55   1.88   3.06   0.22  -2.72   0.33  10.15   0.70  -5.89   0.45  13.71   0.28   382.81   1.77   22123.27   3102.29   5.13   0.74   0.27   0.08
193 2000-11-06T09:30  Wind    1.45   0.65   1.09   0.26   0.85   0.41   9.33   0.22   380.07   1.29   90805.61   5702.88  36.27   2.27   4.90   0.21  -2.81   0.24  10.26   0.47  -6.03   0.30  13.89   0.27   384.26   1.80   27055.93   4951.01   5.49   1.01   0.37   0.21
194 2000-11-08T09:59   ACE    0.19   0.90   7.17   1.14  -4.11   0.69  11.16   0.76   596.86   3.47  215369.86  62750.26   8.60   1.76   2.19   0.78  -0.76   2.83  10.72   5.38   6.71   3.68  19.37   1.38   511.69  28.01   29793.00  10566.80   6.12   1.42   0.20   0.15
194 2000-11-08T09:59  Wind   -0.01   1.02   7.52   0.73  -3.67   1.05  11.04   0.68   594.84   4.08  308760.57  94917.57   9.84   2.89   1.47   0.25  -1.20   2.74  11.13   5.46   6.00   4.36  19.20   1.18   518.31  28.88   34000.53  12496.01   5.62   1.51   0.15   0.12
195 2000-11-10T06:20   ACE    5.56   0.00  -2.14   0.00   4.62   0.00   7.64   0.00   479.17   0.00   86039.54      0.00  12.56   0.00   2.03   0.00   3.62   0.00  -4.17   0.00  -1.09   0.00   6.40   0.00   366.38   0.00   62829.50      0.00  68.97   0.00  21.19   0.00
195 2000-11-10T06:20  Wind    1.05   0.00  -3.70   0.00  -2.07   0.00   7.72   0.00   476.49   0.00   58463.22      0.00  25.42   0.00   3.60   0.00   3.20   0.00  -3.76   0.00  -0.74   0.00   6.19   0.00   501.54   0.00   86758.88      0.00   7.05   0.00   7.44   0.00
196 2000-11-11T04:00   ACE    3.91   0.00  -2.33   0.00  -3.37   0.00  11.21   0.00   276.03   0.00   59152.33      0.00   4.70   0.00   0.22   0.00   5.57   0.14  -2.15   0.26   1.27   0.84   8.30   1.48   561.09 204.57  107611.91  36174.24   1.80   0.76   0.38   0.13
196 2000-11-11T04:00  Wind    6.54   0.00  -5.03   0.00  -1.72   0.00  12.71   0.00   875.46   0.00 2227998.08      0.00  15.66   0.00  11.32   0.00   5.70   0.54  -2.36   0.87   1.28   0.34   8.71   1.80   866.31  19.37  624377.01 425858.38   4.65   2.86  12.46   5.09
197 2000-11-26T05:30   ACE    3.59   0.23  -6.18   0.06   3.98   0.14   9.19   0.16   895.95   3.56  396563.51  50202.52   2.72   0.23   0.72   0.06   4.25   0.10  -3.86   0.55  -0.45   0.74   7.08   0.44   799.18  18.39  140526.33  30783.99   2.16   0.18   0.45   0.03
197 2000-11-26T05:30  Wind    3.13   0.45  -6.25   0.27   4.63   0.32   9.07   0.13   908.39   4.64  653465.30  76679.84   3.12   0.12   1.32   0.14   3.87   0.10  -4.32   0.41  -0.47   0.93   7.14   0.43   814.06  18.29  174899.99  67641.16   2.34   0.20   0.55   0.11
198 2000-11-28T05:29   ACE    4.90   0.86   0.39   0.79   3.22   1.24  15.28   2.64   570.28  23.92  256944.43  11706.60  24.99   0.97  10.98   6.54   4.24   0.36  -0.53   0.84  -1.04   0.44  10.84   1.70   577.28   4.65   69310.65  19355.04  12.58   2.02   1.42   0.47
198 2000-11-28T05:29  Wind    3.71   1.15   0.83   1.01   2.59   1.39  15.68   3.07   574.57  25.39  333116.42  35666.79  21.28   0.74  11.75   8.69   4.28   0.41  -0.38   0.80  -1.50   0.48  11.33   1.85   584.12   5.08   67406.36  16522.37  11.83   1.33   0.90   0.05
199 2000-12-03T03:54   ACE    3.15   2.41   2.43   0.94  -2.74   0.34   8.13   0.27   563.83   1.82  126956.76  16565.16  12.41   1.19   2.92   0.49   0.19   0.70   0.02   0.45  -3.71   0.76   8.72   0.44   527.59   7.23   46689.28   7958.43  10.87   0.85   1.07   0.10
199 2000-12-03T03:54  Wind    3.82   2.68   3.59   1.07  -3.25   0.51   8.96   0.53   562.16   5.07  124389.33  16689.68  10.57   1.10   1.76   0.21   0.03   0.70  -0.13   0.35  -3.72   0.85   8.77   0.44   532.03   7.87   44142.96   8366.98   8.80   0.63   0.85   0.09
200 2000-12-21T13:01   ACE   -0.16   0.24   9.02   0.04   2.87   0.24  10.97   0.00   462.62   0.51  123316.77   3807.85   7.19   0.10   0.69   0.01  -1.02   0.24   5.40   0.50  -0.26   0.37   8.07   0.36   382.58   9.19   45217.22   8419.83   5.31   0.22   0.64   0.01
200 2000-12-21T13:01  Wind   -0.55   0.33   8.96   0.02   3.24   0.28  11.07   0.04   458.14   2.09  147291.40   2579.42   6.38   0.02   0.67   0.01  -0.71   0.16   5.51   0.45  -0.36   0.48   8.07   0.36   382.46   9.30   52199.54  10718.74   4.88   0.20   0.62   0.02
201 2000-12-22T19:41   ACE   -0.16   0.30   3.50   0.49  -0.60   0.34   5.51   0.24   326.88   4.12   60906.05   6065.87  10.08   0.11   3.23   0.38  -1.67   0.20   0.97   0.24  -1.90   0.33   3.74   0.39   297.45   2.59   26259.65    481.99  10.82   1.88   5.30   0.23
201 2000-12-22T19:41  Wind   -0.42   0.13   3.28   0.35  -0.89   0.41   5.90   0.15   314.90   2.60   68093.85   7184.91  12.39   0.91   3.07   0.36  -1.74   0.11   1.20   0.52  -1.74   0.36   3.65   0.25   290.36   2.07   22917.69    859.47  18.03   0.61  10.14   1.09
202 2001-01-13T02:27   ACE    1.77   0.14   1.88   0.58 -10.34   0.60  12.76   0.27   323.09   0.24   36317.99    980.76  17.14   1.77   0.97   0.15   2.64   0.05   0.99   0.13 -10.16   0.19  11.00   0.19   311.19   0.86   30110.10    137.31   9.79   0.08   0.64   0.02
202 2001-01-13T02:27  Wind    0.38   0.41   0.72   0.47  -6.05   0.70   8.35   0.78   310.55   3.38   34437.38   2202.47  26.79   2.39   5.19   0.92   2.02   0.07   0.80   0.15 -10.86   0.12  11.67   0.04   317.08   0.60   25252.94   1360.06  13.40   0.40   0.71   0.04
203 2001-01-23T10:48   ACE    None   None   None   None   None   None   None   None     None   None       None      None   None   None   None   None  -4.16   0.00   6.65   0.00   0.17   0.00   8.81   0.00   403.36   0.00   84595.59      0.00   5.66   0.00   0.75   0.00
203 2001-01-23T10:48  Wind    None   None   None   None   None   None   None   None     None   None       None      None   None   None   None   None  -3.77   0.00   6.98   0.00   0.20   0.00   9.08   0.00   401.92   0.00  114344.26      0.00   5.91   0.00   0.81   0.00
204 2001-01-31T08:37   ACE    0.14   0.40   0.80   0.21  -0.58   0.04   6.28   0.32   482.43   9.00  130412.45  12130.63  13.43   0.88   5.98   0.37   0.08   0.12  -0.58   0.86  -1.80   0.94   4.74   0.54   397.40  24.18   27734.83  13169.81   5.22   1.02   2.26   0.58
204 2001-01-31T08:37  Wind    0.28   0.45   0.13   0.33  -0.89   0.10   6.97   0.42   491.38   8.64  158655.47  14451.76  12.72   0.60   4.29   0.04   0.06   0.20  -0.62   0.75  -1.95   0.98   4.79   0.54   398.27  22.30   35118.28  16064.40   5.73   0.84   8.37   3.61
205 2001-03-03T11:21   ACE    None   None   None   None   None   None   None   None     None   None       None      None   None   None   None   None  -1.97   0.00   0.84   0.00  -1.94   0.00   6.54   0.00   420.21   0.00  103100.96      0.00  10.21   0.00   3.00   0.00
205 2001-03-03T11:21  Wind    None   None   None   None   None   None   None   None     None   None       None      None   None   None   None   None  -2.20   0.00   0.68   0.00  -2.72   0.00   6.83   0.00   415.37   0.00  120957.33      0.00  10.40   0.00   3.46   0.00
206 2001-03-19T11:33   ACE    0.01   0.15   3.15   0.07  -1.29   0.04   5.68   0.03   485.02   1.64  104061.68   3456.97   8.70   0.10   4.26   0.11   1.64   1.18   1.10   1.82  -4.52   1.57   8.17   0.86   444.13  10.90   39872.79  25574.89   5.88   1.44   1.54   0.31
206 2001-03-19T11:33  Wind   -0.26   0.05   2.99   0.08  -1.34   0.01   5.60   0.07   489.16   1.48  122487.33   3854.43   8.04   0.08   5.22   0.70   1.70   1.24   1.41   1.61  -4.64   1.75   8.12   0.86   445.95   8.31   41123.86  31069.22   5.04   1.10   1.69   0.95
207 2001-03-22T14:00   ACE    0.13   1.03  -9.34   0.21  -3.10   0.57  16.07   0.40   441.38   4.57   97346.74  11172.74  11.98   1.27   0.50   0.06  -2.64   1.97   3.09   4.68  -6.06   3.12  14.68   1.83   367.17  25.45   14542.92   4541.09   5.27   0.97   0.22   0.14
207 2001-03-22T14:00  Wind    1.37   1.39  -9.42   0.32  -2.91   1.18  15.59   0.17   413.22  10.42  119704.27   4984.84  15.09   1.02   0.79   0.03  -2.78   2.00   2.72   5.05  -5.98   2.55  14.61   1.63   373.26  25.46   17032.96   4484.14   6.80   1.12   0.27   0.16
208 2001-03-27T01:59   ACE    1.77   0.00  -8.19   0.00   0.24   0.00  10.73   0.00   377.72   0.00  105222.44      0.00  13.51   0.00   3.36   0.00  -5.23   0.00  -2.55   0.00  -3.00   0.00   7.82   0.00   395.83   0.00   40921.52      0.00  12.70   0.00   1.51   0.00
208 2001-03-27T01:59  Wind    1.79   0.00  -9.38   0.00   3.42   0.00  13.00   0.00   360.84   0.00  128881.52      0.00  21.48   0.00   1.84   0.00  -5.31   0.00  -4.16   0.00  -1.68   0.00   8.58   0.00   399.21   0.00   46638.67      0.00  15.00   0.00   1.50   0.00
209 2001-03-27T18:11   ACE   -6.47   0.00   8.19   0.00   0.31   0.00  14.00   0.00   439.05   0.00  150445.39      0.00  13.36   0.00   0.96   0.00  -5.87   1.03   7.20   2.10   0.30   0.66  13.22   1.00   484.00  76.57  124227.31  20981.63  11.80   2.34   0.85   0.08
209 2001-03-27T18:11  Wind   -5.47   0.00   7.85   0.00   1.77   0.00  12.88   0.00   422.01   0.00  166504.40      0.00  12.60   0.00   1.35   0.00  -4.56   0.98   7.53   1.53  -0.39   1.96  13.15   0.72   475.25  77.97  131574.05  26334.41  12.40   1.87   1.08   0.14
210 2001-03-31T01:21   ACE   -3.20   0.55  10.76   3.41  -6.76   3.62  17.94   3.06   592.83   8.87  151183.93  26170.48  14.86   3.56   0.66   0.05  -4.83   2.05   3.54   2.32   1.56   1.35  10.19   3.68   575.56  50.92   87927.08  31271.71   6.86   2.04   1.84   2.46
210 2001-03-31T01:21  Wind   -4.37   0.40  10.84   2.79  -5.69   1.68  19.37   3.41   569.25  18.73  232568.81  64028.97  14.94   2.83   0.76   0.18  -4.13   1.94   4.80   2.50  -0.34   1.81  10.69   3.71   573.81  52.55   88528.81  35035.80   7.90   2.14   2.15   2.74
211 2001-03-31T22:00   ACE   -0.06   2.92   5.70   3.65 -11.30   5.12  37.82   3.93   670.35  26.37  320325.12  76719.92  24.38   4.80   1.01   0.31   1.29   3.71   2.22   5.17  -7.70   9.35  25.98  10.08   623.88   9.13  162494.56  56157.58  14.06   7.25   0.52   0.20
211 2001-03-31T22:00  Wind   -2.84   3.40  11.24   5.93  -4.74   4.20  42.21   5.35   645.47  17.07  677175.56 244727.65  33.14   9.05   2.60   1.28   1.65   4.07   1.03   6.05  -8.01   6.99  27.29  10.80   623.51   8.58  191450.63  88469.71  13.97   6.87   0.52   0.37
212 2001-04-04T14:55   ACE   -6.96   0.09   7.12   0.08   3.76   0.14  14.11   0.24   756.63   1.24  161205.12    811.27   3.99   0.01   0.29   0.01  -3.77   0.09  -1.31   0.33  -0.12   0.26   5.34   0.07   641.19   6.47   48308.66    700.43   1.70   0.03   0.54   0.01
212 2001-04-04T14:55  Wind   -5.99   0.25  10.56   0.17  -0.90   0.41  16.73   0.15   732.97   4.07  138932.71    976.88   5.44   0.14   0.35   0.01  -2.98   0.07  -1.96   0.46   0.12   0.54   4.48   0.07   629.75  17.42   55170.53   3824.23   2.01   0.14   0.83   0.06
213 2001-04-07T17:00   ACE    1.49   2.17   7.41   1.26   1.55   1.17  15.82   0.25   714.85  10.57  684655.56  58366.60   7.02   0.40   1.01   0.11   8.33   0.74  -0.12   0.53   0.92   0.68  10.05   0.71   689.59   7.84  467796.23  25946.98   2.64   0.29   0.85   0.10
213 2001-04-07T17:00  Wind    1.24   2.06   9.24   2.25   1.37   1.11  17.44   0.80   708.39  14.96 1194304.69 236328.41  10.10   0.58   1.91   0.30   8.95   0.69   0.15   0.61   0.61   0.75  10.65   0.67   736.64   8.09  264967.81  34050.61   3.01   0.63   0.50   0.12
214 2001-04-08T11:22   ACE    None   None   None   None   None   None   None   None     None   None       None      None   None   None   None   None   7.20   0.00  -5.10   0.00   2.86   0.00   9.96   0.00   506.51   0.00  216103.06      0.00   7.17   0.00   1.08   0.00
214 2001-04-08T11:22  Wind    None   None   None   None   None   None   None   None     None   None       None      None   None   None   None   None   5.90   0.00  -4.90   0.00   2.36   0.00   9.39   0.00   506.56   0.00  241402.70      0.00   6.72   0.00   1.28   0.00
215 2001-04-11T14:09   ACE    4.96   3.03  -3.52   1.64   0.65   1.35  12.55   0.56   693.09  35.49  486663.01  51538.61   8.89   1.01   4.63   1.94   8.58   2.52  -1.64   2.42   1.80   2.08  10.99   3.42   690.27  71.02  321228.79 155801.86   4.73   2.04   0.86   0.25
215 2001-04-11T14:09  Wind    3.19   3.73   0.38   0.37   3.10   0.37  12.36   0.40   679.29  45.68  582517.81  86152.88  11.71   1.70   4.16   1.31   8.51   2.07  -1.45   1.60   1.27   2.09  10.71   2.78   690.68  73.44  320448.27 207960.90   5.05   2.43   1.20   0.71
216 2001-04-13T07:26   ACE    5.70   1.49 -13.07   2.91  -3.59   2.09  23.20   0.65   696.25   4.90  449736.12  53447.24  19.44   4.40   1.13   0.29   2.65   0.54 -11.82   5.97   5.97   1.79  15.14   5.11   655.84  20.95   95991.34  63044.88   2.49   0.78   0.13   0.03
216 2001-04-13T07:26  Wind    8.77   2.61  -8.05   4.33   1.37   0.39  21.42   1.02   687.53   7.80  882018.52 183520.79  24.37   4.81   3.06   0.84   1.61   0.48 -12.03   5.18   6.13   1.81  15.48   4.83   664.41  19.38  120809.07  51938.75   3.13   2.25   0.16   0.08
217 2001-04-15T18:04   ACE    3.21   0.73  -6.35   1.42   2.68   1.39  11.15   0.53   802.89   6.24  335896.73 133154.75   4.65   1.18   0.66   0.10  -1.56   0.34  -7.39   0.21   2.34   0.15   8.51   0.37   728.77  14.98   37681.34  11974.74   2.48   0.23   0.27   0.04
217 2001-04-15T18:04  Wind    2.95   0.63  -5.98   0.51   2.41   1.03  10.53   0.58   801.11  13.75  383187.56  79662.33   5.24   2.14   0.83   0.08  -1.60   0.39  -7.36   0.15   2.22   0.14   8.65   0.32   741.32  12.82   47733.49  19065.28   3.40   0.43   0.34   0.05
218 2001-04-18T00:46   ACE   -0.30   0.00  -2.11   0.00  -0.69   0.00   2.41   0.00     None   None       None      None   None   None   None   None  -0.49   0.21  -3.81   0.10  -0.72   0.09   4.26   0.15     None   None       None      None   None   None   None   None
218 2001-04-18T00:46  Wind    1.43   0.00  -1.44   0.00   0.80   0.00   2.59   0.00   518.01   0.00  145117.45      0.00   2.14   0.00   5.02   0.00  -0.30   0.13  -3.62   0.14  -0.56   0.15   3.99   0.11   505.50   0.81   51619.19   5356.93   1.93   0.04   1.31   0.26
219 2001-04-21T15:29   ACE    3.71   0.42  -5.73   4.36  -1.22   2.70  15.69   1.83   505.70   0.32  225618.59  14477.82  23.32   1.70   2.51   0.25   5.89   0.23  -3.20   0.37   0.64   0.20   7.96   0.59   439.71   4.39   88350.95   9901.96   5.46   1.08   0.84   0.13
219 2001-04-21T15:29  Wind    2.09   0.89  -5.53   5.43  -1.68   1.16  16.69   1.37   501.43   1.16  267564.73   6197.98  20.97   0.10   1.52   0.28   6.18   0.46  -2.80   0.47   0.34   0.12   8.29   0.62   445.18   4.82   57729.89  17598.95   5.44   1.36   0.67   0.10
220 2001-04-28T05:00   ACE    0.62   0.77  -4.01   1.48   2.78   0.93   7.33   1.19   383.44   0.71   38890.87   1393.38  22.91   3.34   4.19   0.85  -1.02   0.34  -4.11   0.84  -7.87   0.99  11.50   0.26   357.58   3.77   24365.56   1638.96   9.71   0.36   0.55   0.08
220 2001-04-28T05:00  Wind   -0.66   0.28  -4.84   1.22   2.72   0.51   7.21   1.15   389.28   2.10   44581.29   2246.22  22.19   3.08   4.13   0.87  -0.38   0.32  -4.72   0.85  -7.58   1.21  11.85   0.22   356.30   3.93   23562.40   2007.37  11.09   0.38   0.58   0.05
221 2001-05-03T11:00   ACE   -2.67   0.52   7.57   0.61   1.08   2.05  15.55   0.63   686.52   5.75  436484.16  95147.64   7.80   0.87   1.23   0.26  -4.36   1.30   3.86   0.78  -0.58   1.31   8.09   1.60   560.58  56.59   26188.17   3109.83   3.07   1.32   0.29   0.04
221 2001-05-03T11:00  Wind   -2.97   0.82   7.82   0.65   1.15   0.45  13.99   0.39   682.93   4.02  737498.24 133328.95   8.54   0.96   3.71   0.68  -4.00   1.48   4.72   1.00   1.14   0.08   7.87   1.55   570.91  59.65   33136.86   5517.88   2.29   0.66   0.26   0.02
222 2001-05-07T22:17   ACE    None   None   None   None   None   None   None   None     None   None       None      None   None   None   None   None  -2.37   0.07   6.96   0.04  -1.36   0.14   8.16   0.01   373.92   0.10   27557.38   1652.34  11.12   0.15   1.15   0.01
222 2001-05-07T22:17  Wind    None   None   None   None   None   None   None   None     None   None       None      None   None   None   None   None  -1.93   0.11   6.75   0.11  -1.80   0.09   7.97   0.06   374.47   0.24   28935.74   1117.82  10.66   0.00   1.13   0.04
223 2001-05-09T14:29   ACE    5.93   1.15  -2.98   0.47   0.93   1.51   7.34   0.48   381.74   9.27   50759.81  37976.83   5.83   1.08   1.04   0.67   6.09   0.30  -3.72   0.25  -1.60   0.72   7.88   0.12   363.41   2.67   33830.60   7538.05   4.26   0.14   0.48   0.02
223 2001-05-09T14:29  Wind    4.68   0.38  -3.27   0.15  -2.30   0.04   6.85   0.01   373.92   9.30  106404.26  37020.11   7.35   0.80   1.63   0.50   6.66   0.30  -3.15   0.14  -0.70   0.27   7.74   0.15   358.95   1.89   27061.23   8380.06   4.77   0.31   0.56   0.11
224 2001-05-11T13:00   ACE    4.19   0.00  -4.31   0.00  -3.08   0.00   9.38   0.00   486.08   0.00  173679.34      0.00   4.33   0.00   0.70   0.00   3.85   0.33  -3.23   0.42  -4.00   0.59   7.53   0.17   432.82   1.93   17396.82   3430.21   6.28   0.44   0.66   0.01
224 2001-05-11T13:00  Wind    5.32   0.00  -4.40   0.00  -2.51   0.00   9.40   0.00   472.92   0.00  232617.64      0.00   4.17   0.00   0.77   0.00   3.17   0.11  -3.22   0.29  -4.13   0.71   7.36   0.19   438.30   3.65   28780.02   5136.43   5.19   0.35   0.63   0.01
225 2001-05-27T14:59   ACE    None   None   None   None   None   None   None   None     None   None       None      None   None   None   None   None   4.79   0.03  -6.44   0.11  -1.54   0.03   8.36   0.08   424.29   0.20   18270.62    219.53   3.41   0.09   0.29   0.01
225 2001-05-27T14:59  Wind    None   None   None   None   None   None   None   None     None   None       None      None   None   None   None   None   4.95   0.01  -5.99   0.10  -1.53   0.04   8.02   0.09   430.09   0.22   27145.11   6102.49   2.98   0.02   0.31   0.02
226 2001-06-07T09:29   ACE    0.95   0.05   9.63   0.17   1.86   0.05  10.73   0.21   566.01   1.70  181446.62  11901.53   3.61   0.16   0.40   0.01   0.65   0.43   6.32   0.54  -1.68   0.62   8.40   0.69   448.01  14.58   16817.12   3110.50   3.96   0.49   0.36   0.04
226 2001-06-07T09:29  Wind    1.50   0.14   9.35   0.22   1.52   0.13  10.84   0.26   574.40   2.68  256988.91  17157.34   3.21   0.07   0.43   0.01   0.99   0.35   6.16   0.50  -1.85   0.65   8.36   0.69   453.98  14.80   19797.51   3801.28   3.52   0.38   0.33   0.03
227 2001-06-19T00:41   ACE    4.73   0.00  -6.36   0.00   0.40   0.00   8.90   0.00   406.07   0.00   51569.19      0.00   8.63   0.00   0.85   0.00   0.30   1.31  -2.07   1.15   5.73   1.40   8.62   0.07   392.71   3.68   20720.30   7647.90  10.32   0.47   0.90   0.03
227 2001-06-19T00:41  Wind    4.71   0.00  -6.72   0.00  -0.22   0.00   8.96   0.00   406.33   0.00   56351.23      0.00   7.54   0.00   0.75   0.00   0.51   1.42  -1.90   1.42   6.06   1.71   8.64   0.11   393.09   3.97   23257.97   9329.34   9.81   0.61   0.85   0.03
228 2001-06-27T04:36   ACE    None   None   None   None   None   None   None   None     None   None       None      None   None   None   None   None  -7.95   0.00  11.81   0.00   4.41   0.00  15.59   0.00   435.42   0.00  143580.01      0.00   1.64   0.00   0.08   0.00
228 2001-06-27T04:36  Wind    None   None   None   None   None   None   None   None     None   None       None      None   None   None   None   None  -7.27   0.00  12.80   0.00   3.69   0.00  15.95   0.00   421.57   0.00  190225.30      0.00   1.44   0.00   0.07   0.00
229 2001-07-08T12:00   ACE    None   None   None   None   None   None   None   None     None   None       None      None   None   None   None   None  -2.46   0.26   0.10   0.18   0.55   0.12   2.86   0.08   417.03   7.37   20127.36    868.45   4.49   0.11   3.65   0.16
229 2001-07-08T12:00  Wind    None   None   None   None   None   None   None   None     None   None       None      None   None   None   None   None  -2.24   0.23   0.19   0.18   0.48   0.26   2.94   0.07   419.07   7.70   22901.56   1983.09   4.38   0.14   3.54   0.07
230 2001-07-13T17:26   ACE    2.65   0.00  -1.93   0.00  -2.68   0.00   7.63   0.00   450.40   0.00   93612.75      0.00   8.08   0.00   1.47   0.00  -1.17   1.58  -1.50   0.92  -1.27   0.51   5.71   1.08   383.66  17.83   31237.72   8263.84   4.97   0.47   2.13   0.88
230 2001-07-13T17:26  Wind    2.79   0.00  -2.36   0.00  -1.93   0.00   7.49   0.00   448.33   0.00  111276.22      0.00   8.22   0.00   1.71   0.00  -0.87   1.68  -1.45   0.82  -1.44   0.45   5.58   0.97   383.25  18.55   26727.38   6290.34   5.67   0.23   2.10   0.75
231 2001-08-03T07:16   ACE    None   None   None   None   None   None   None   None     None   None       None      None   None   None   None   None  -3.55   0.04   4.88   0.14  -3.26   0.13   8.04   0.11   401.98   2.05   27162.71   5441.28  10.64   0.30   1.22   0.06
231 2001-08-03T07:16  Wind    None   None   None   None   None   None   None   None     None   None       None      None   None   None   None   None  -3.16   0.02   4.89   0.07  -3.33   0.13   7.75   0.11   396.15   2.35   32556.37    694.54   9.42   1.44   1.32   0.14
232 2001-08-05T12:28   ACE    0.48   0.17  -7.49   0.26  -1.68   0.14   8.98   0.15   437.67   1.36  112858.12   5556.04  19.83   0.39   2.65   0.15   0.81   0.26  -8.21   1.40  -1.63   1.02   9.35   0.87   423.36   3.79   58480.46  27652.10  12.64   0.78   1.58   0.48
232 2001-08-05T12:28  Wind    1.27   0.26  -6.41   0.08  -4.06   0.20   8.62   0.01   431.48   1.27  145186.62   1074.61  19.41   0.33   3.10   0.06   2.14   0.14  -8.18   1.58  -2.54   1.15   9.84   1.06   419.50   4.32   71609.13  40057.40  11.93   1.01   1.32   0.68
233 2001-08-12T11:10   ACE    1.00   0.00   1.78   0.00   1.84   0.00   6.46   0.00   460.99   0.00  100245.55      0.00   7.78   0.00   8.39   0.00  -2.79   2.12   1.74   0.81  -1.85   1.04   7.63   0.24   433.39   7.53   91791.85  10138.21   6.80   0.36   1.54   0.43
233 2001-08-12T11:10  Wind    1.13   0.00   3.30   0.00   0.87   0.00   7.88   0.00   465.24   0.00  124540.22      0.00   6.97   0.00   2.16   0.00  -2.33   1.65   2.67   1.42  -2.00   0.85   7.96   0.04   430.86   7.71   96357.49   1965.07   6.67   0.82   1.21   0.23
234 2001-08-15T05:00   ACE   -2.69   0.00  -5.33   0.00  -1.41   0.00  11.22   0.00   395.39   0.00   77164.30      0.00  17.05   0.00   1.86   0.00  -0.53   0.00   5.14   0.00   7.69   0.00  11.05   0.00   396.61   0.00   30409.68      0.00   6.64   0.00   0.37   0.00
234 2001-08-15T05:00  Wind   -2.04   0.00  -4.99   0.00  -0.82   0.00  10.94   0.00   381.69   0.00   78385.89      0.00  18.94   0.00   1.55   0.00  -0.23   0.00   1.73   0.00   4.40   0.00  10.67   0.00   395.30   0.00   39280.57      0.00   6.80   0.00   0.46   0.00
235 2001-08-17T11:03   ACE    None   None   None   None   None   None   None   None     None   None       None      None   None   None   None   None  -0.30   0.07   4.14   0.09   2.18   0.30   5.11   0.16   363.69  18.48   42424.30   3210.45   2.44   0.02   0.69   0.02
235 2001-08-17T11:03  Wind    None   None   None   None   None   None   None   None     None   None       None      None   None   None   None   None  -0.29   0.06   4.08   0.09   1.69   0.27   4.92   0.17   393.93  10.72   21972.76   3042.20   2.31   0.03   0.62   0.05
236 2001-08-27T19:39   ACE   -0.41   2.19  19.93   3.48   2.45   2.56  26.46   0.39   502.52   6.58  171525.74  17175.72  25.99   1.21   0.75   0.03  -9.68   1.26  -3.34   0.89   7.58   1.01  13.74   1.68   522.83   8.30   52080.34   4851.24  10.66   2.14   0.74   0.35
236 2001-08-27T19:39  Wind    1.14   1.47  20.02   2.44   2.02   2.20  25.65   0.11   495.39   4.37  215757.97  20517.18  25.26   0.59   0.80   0.05  -9.86   1.85  -3.12   1.24   7.47   0.96  14.68   1.89   533.34  10.64   43271.50   7012.13  11.17   1.69   0.78   0.90
237 2001-08-30T13:57   ACE    6.11   0.00  -8.19   0.00  -0.01   0.00  13.20   0.00   566.98   0.00  270022.27      0.00  11.37   0.00   1.27   0.00   4.69   0.40  -5.38   0.72  -1.09   0.15   8.13   1.25   528.28  10.50  170735.92  26222.77   5.29   1.33   1.00   0.05
237 2001-08-30T13:57  Wind    6.43   0.00  -8.41   0.00   0.00   0.00  13.52   0.00   563.41   0.00  355759.26      0.00  11.12   0.00   1.42   0.00   5.01   0.41  -5.46   0.75  -1.18   0.24   8.39   1.27   535.79   8.80  191403.27  42798.94   5.50   1.32   1.02   0.09
238 2001-09-13T02:31   ACE    3.44   0.46  -3.10   1.16  -2.32   0.45   6.29   0.72   467.32  20.54  122136.96  16186.26   4.66   0.73   1.77   0.75  -0.59   2.84   0.14   1.61  -1.04   1.37   5.45   0.48   398.15  22.27   62369.61  13753.59   3.45   0.89   1.07   0.28
238 2001-09-13T02:31  Wind    2.26   0.24  -3.62   1.36  -2.66   0.69   6.54   0.85   480.81  25.62  135220.64  22378.41   4.28   0.61   2.17   1.66  -0.71   2.83  -0.34   1.62  -1.32   1.33   5.31   0.59   397.37  23.84   47056.20  12733.28   3.89   1.26   1.40   0.78
239 2001-09-17T21:45   ACE   -0.05   4.20   1.49   3.25   4.37   6.67  10.56   3.71   405.33  18.08   72637.92  13031.81  10.42   2.60   1.00   0.40   1.46   0.82  -1.13   0.92   6.71   0.86   8.66   0.62   408.27   8.09   52862.28  11662.81  10.74   0.54   1.76   0.52
239 2001-09-17T21:45  Wind    0.16   4.07   1.82   4.02   3.58   6.91  10.73   3.43   403.26  20.17   76337.37  17002.83  10.34   1.87   0.98   0.39   1.23   0.57  -0.90   0.92   6.82   1.26   8.57   1.08   405.32   8.25   56052.84  13266.94  11.16   1.10   2.11   0.90
240 2001-09-23T19:39   ACE    None   None   None   None   None   None   None   None     None   None       None      None   None   None   None   None   1.27   0.00  -2.36   0.00   1.19   0.00   7.08   0.00   433.89   0.00   69405.91      0.00   7.24   0.00   2.15   0.00
240 2001-09-23T19:39  Wind    None   None   None   None   None   None   None   None     None   None       None      None   None   None   None   None   1.48   0.00  -2.38   0.00   1.33   0.00   7.13   0.00   431.73   0.00   67763.93      0.00   7.33   0.00   2.09   0.00
241 2001-09-25T00:00   ACE    4.06   0.35   2.56   0.76   2.46   1.50   7.91   0.74   495.97  11.57  145845.82  19136.51  15.42   1.53   8.48   2.68  -2.59   1.71  -2.61   1.37   1.93   0.83   7.51   0.46   410.89  23.63   49290.66  10242.25   8.54   1.11   1.47   0.51
241 2001-09-25T00:00  Wind    3.38   0.57   3.24   0.58   2.70   1.35   7.71   0.85   503.42  12.08  135561.77   9974.45  17.21   1.81  12.96   4.04  -2.71   1.68  -2.36   1.34   2.33   0.70   7.67   0.51   442.84   7.08   49223.88  10980.62   7.94   0.71   1.24   0.23
242 2001-09-25T20:16   ACE    1.72   0.00  -0.76   0.00  -0.16   0.00   4.30   0.00   282.42   0.00   78342.58      0.00  22.78   0.00  11.19   0.00  -0.15   0.31  -5.29   0.51  -1.49   0.52   6.83   1.25   281.39   0.01   75602.58    393.75  32.51   1.90   8.31   0.43
242 2001-09-25T20:16  Wind    2.27   0.00  -0.66   0.00   0.38   0.00   4.57   0.00   402.35   0.00   54182.65      0.00   7.37   0.00   2.94   0.00  -0.35   0.42  -5.21   0.45  -0.94   0.26   6.34   0.90   413.14  17.58   62718.38  41146.24   5.21   0.96   0.97   0.03
243 2001-09-29T09:40   ACE    0.00   1.15   1.27   0.31  -0.70   0.12  13.34   1.43   281.66   0.03   79909.68    256.93  50.54   3.67   6.28   0.44  -6.37   3.44  -1.17   1.02   0.10   0.42  11.28   1.62   286.98   5.58   84398.84   6677.17  16.00   9.98   1.76   1.41
243 2001-09-29T09:40  Wind    0.79   1.05   0.21   0.73  -0.89   0.13  13.31   1.52   625.45  17.43  529292.30   8670.57  17.98   2.84   7.29   0.25  -7.05   3.84  -1.49   0.92   0.01   0.45  11.47   1.60   563.78  28.08  523395.73  56297.74   5.78   2.15   2.47   1.40
244 2001-09-30T19:14   ACE   -1.64   0.33  -3.38   2.07   1.15   1.51  10.15   0.51   684.69   3.22  513988.24  51670.89   4.19   0.40   1.32   0.35  -7.35   0.32  -2.39   0.95  -2.61   0.60  11.58   0.27   561.08   7.57  147257.58  11968.38   6.75   0.78   0.58   0.02
244 2001-09-30T19:14  Wind   -1.84   0.33  -1.75   2.64   0.54   1.85   9.22   0.86   679.22   8.48  854674.03 132344.12   5.34   0.61   4.03   1.26  -7.37   0.38  -2.61   0.97  -2.46   0.59  11.43   0.27   575.14   8.04  126023.81  17078.33   6.72   0.61   0.57   0.02
245 2001-10-01T22:01   ACE   -4.52   0.17   8.41   1.67   5.26   4.09  16.57   0.36   528.96   4.08   97387.94  31902.18  18.72   5.15   0.61   0.12  -5.54   0.75   5.75   4.28  -3.53   0.75  10.98   2.48   498.56   4.57   93808.97  44580.65   5.43   0.85   0.46   0.04
245 2001-10-01T22:01  Wind   -4.27   0.30   9.89   1.61   3.76   3.19  16.15   0.30   532.28   3.74  103069.94  33435.56  16.27   4.08   0.59   0.12  -5.04   0.59   5.88   4.17  -3.41   0.50  11.03   2.66   500.93   4.11  101636.23  48938.61   5.44   0.92   0.47   0.05
246 2001-10-03T00:11   ACE   -6.53   2.16   1.91   0.49  -0.79   2.61   8.56   1.98   495.03  26.24  101748.63  26614.22   3.88   1.32   0.52   0.19  -2.62   1.27   1.76   0.92  -5.77   1.54  10.67   3.74   476.50  52.43   43107.73   7795.80   3.77   1.14   0.44   0.12
246 2001-10-03T00:11  Wind   -5.18   1.43   1.30   0.80  -1.68   1.31   8.48   1.79   513.21  23.99   66187.56   1986.63   3.67   0.64   0.48   0.09  -4.87   2.43   1.06   1.30  -5.53   1.34  16.99  11.25   501.62   5.05   59868.46  16618.80   4.71   1.44   0.53   0.03
247 2001-10-03T22:00   ACE    None   None   None   None   None   None   None   None     None   None       None      None   None   None   None   None  -1.41   0.00   1.65   0.00  -7.88   0.00  16.35   0.00   511.45   0.00   34534.33      0.00   5.21   0.00   0.20   0.00
247 2001-10-03T22:00  Wind    None   None   None   None   None   None   None   None     None   None       None      None   None   None   None   None  -9.66   0.00  -0.26   0.00  -6.79   0.00  36.77   0.00   506.13   0.00   79122.13      0.00   6.86   0.00   0.37   0.00
248 2001-10-04T21:59   ACE    None   None   None   None   None   None   None   None     None   None       None      None   None   None   None   None   2.68   0.00  -0.97   0.00   0.66   0.00   8.68   0.00   514.19   0.00  112184.58      0.00   5.94   0.00   0.89   0.00
248 2001-10-04T21:59  Wind    None   None   None   None   None   None   None   None     None   None       None      None   None   None   None   None   4.98   0.00   2.56   0.00   9.17   0.00  28.17   0.00   494.51   0.00   44842.77      0.00   7.81   0.00   0.09   0.00
249 2001-10-11T16:49   ACE   -2.52   0.00   0.33   0.00   0.70   0.00   2.71   0.00   451.60   0.00   34008.29      0.00   5.08   0.00   6.42   0.00  -2.55   0.85   0.39   0.21   0.31   0.23   3.62   0.22   410.75   6.92   35732.02   3851.89   4.83   1.16   5.98   3.34
249 2001-10-11T16:49  Wind   -1.98   0.00   0.36   0.00   0.63   0.00   2.55   0.00   458.31   0.00   42409.11      0.00   6.28   0.00   9.32   0.00  -2.38   0.85   0.43   0.19   0.32   0.16   3.33   0.18   413.04   7.57   36365.58   3371.52   6.38   1.69   7.50   3.79
250 2001-10-21T16:39   ACE    2.61   0.37  -6.30   1.25  -1.10   5.18  19.64   0.38   531.92  17.08  263768.57  40355.87  27.97   1.73   2.07   0.81  11.40   3.95   5.29   5.61   8.20   1.89  20.24   0.68   563.15   7.29  100322.89  85652.06  14.51   4.89   0.87   0.84
250 2001-10-21T16:39  Wind    1.70   1.37   1.25   8.93  -0.46   5.32  18.46   0.68   519.52  16.59  354816.78 192452.20  28.68   2.25   4.12   2.38  10.94   3.45   3.77   5.42   7.61   1.41  19.60   0.82   559.77  11.57  197308.04 161740.15  16.59   4.06   2.30   2.00
251 2001-10-26T19:06   ACE    4.01   2.72   5.78   1.60  -7.62   2.25  22.21   0.20   637.02   2.64  251501.81  60346.82  19.73   0.34   0.88   0.08  -7.33   4.11   1.01   0.36  -4.71   1.63  13.91   2.10   556.72  32.89   62267.47   9470.36   8.39   1.07   0.46   0.10
251 2001-10-26T19:06  Wind    3.37   1.97   7.22   2.89  -8.76   1.79  23.23   0.08   632.55   6.50  450945.47 142801.68  22.81   0.92   1.36   0.25  -8.17   4.50   1.78   1.55  -3.44   3.50  15.90   1.60   565.25  35.39   59898.02   5588.16   9.57   1.12   0.46   0.06
252 2001-11-05T20:20   ACE   -0.84   2.34   4.56   2.22  -0.45   0.37   7.51   1.99   417.72  25.73   74350.66  22305.96   8.07   2.00   3.44   3.74  -0.17   1.10   5.12   2.99  -0.58   0.57   7.90   1.26   403.91  20.91   51134.12  24035.37   5.18   1.53   0.73   0.25
252 2001-11-05T20:20  Wind    0.10   1.80   3.90   3.01  -0.44   0.57   7.07   2.52   416.36  31.31   84813.76  24648.14   8.83   1.28   5.05   5.53  -0.12   1.26   4.54   3.20  -0.74   0.60   7.75   1.38   403.17  20.43   57574.93  25315.92   5.47   1.68   0.84   0.35
253 2001-11-14T08:00   ACE   -9.94   5.03 -12.81   5.69  -9.43   9.65  29.59  10.17   287.82   8.33   96393.99  21769.64  52.13  20.26   2.36   2.59  -4.36   4.53   3.98   5.13 -14.16   7.10  27.82   9.96   328.14 102.83   76591.80   9127.18  56.63  58.21   3.37   2.43
253 2001-11-14T08:00  Wind  -10.10   6.54 -10.04   4.49  -8.91  10.79  30.23  10.71   561.00 120.46   92781.67  11658.07  13.12  12.70   0.74   0.96  -4.51   4.77   4.61   5.21 -14.28   6.71  28.09   9.27   545.13  21.72   55091.59   6464.77   6.91   2.38   0.17   0.09
254 2001-11-15T13:51   ACE    None   None   None   None   None   None   None   None     None   None       None      None   None   None   None   None   0.77   0.00  -1.14   0.00   0.78   0.00   3.32   0.00   300.19   0.00   19487.67      0.00   6.28   0.00   5.03   0.00
254 2001-11-15T13:51  Wind    None   None   None   None   None   None   None   None     None   None       None      None   None   None   None   None  -1.02   0.00  10.10   0.00   8.81   0.00  28.24   0.00   359.17   0.00   58524.43      0.00  10.74   0.00   0.41   0.00
255 2001-11-19T18:15   ACE   -0.02   0.00  -0.44   0.00  -2.20   0.00  10.78   0.00   324.86   0.00   40785.28      0.00  31.41   0.00  17.18   0.00   2.42   0.05   9.98   0.64   5.80   0.06  13.55   0.23   360.94   1.33   50384.80    824.93  12.95   1.33   0.65   0.17
255 2001-11-19T18:15  Wind   -6.77   0.00  -2.22   0.00 -13.51   0.00  18.73   0.00   357.90   0.00   61944.75      0.00  10.08   0.00   0.78   0.00   6.13   0.64  11.63   0.49   9.96   1.78  21.00   0.14   357.50   0.05   62407.00    203.08   9.94   0.03   0.29   0.01
256 2001-11-24T05:51   ACE   -3.32   0.00   9.42   0.00   0.47   0.00  11.23   0.00   548.12   0.00  261440.87      0.00   9.39   0.00   1.23   0.00  -2.09   0.00   3.59   0.66   1.79   0.03   6.13   0.80   448.40  27.78   90386.14  21237.97   7.50   1.28   1.98   0.09
256 2001-11-24T05:51  Wind   -2.66   0.00   9.46   0.00  -0.28   0.00  11.52   0.00   553.40   0.00  397899.27      0.00   9.24   0.00   1.67   0.00  -1.92   0.01   3.83   0.62   1.37   0.17   6.21   0.84   452.61  28.05  111494.83  27277.11   7.61   0.95   2.20   0.07
257 2001-12-13T05:24   ACE    3.50   1.68  -2.53   2.59   2.52   0.92  30.44   4.10   282.31   0.03   83504.98    369.07  28.18   2.30   0.79   0.01   6.60   0.61  -1.34   0.56  10.96   0.90  15.45   0.82   705.56   8.67   58211.44   2179.25   2.19   0.13   0.08   0.02
257 2001-12-13T05:24  Wind    3.64   1.20  -4.70   3.78   2.78   1.48  32.29   3.98   901.52  15.05 1166409.61 118371.55  25.50   3.46   3.63   0.45   6.73   0.49  -0.44   0.68  11.00   1.04  15.61   0.86   741.11  15.99   86578.06  45661.97   2.44   0.78   0.16   0.15
258 2001-12-28T00:00   ACE    None   None   None   None   None   None   None   None     None   None       None      None   None   None   None   None  -7.42   0.00  -0.42   0.00   0.35   0.00   8.15   0.00   302.54   0.00   35333.12      0.00   5.48   0.00   0.60   0.00
258 2001-12-28T00:00  Wind    None   None   None   None   None   None   None   None     None   None       None      None   None   None   None   None  -7.28   0.00  -0.43   0.00  -0.27   0.00   7.60   0.00   299.48   0.00   13799.42      0.00  10.72   0.00   1.20   0.00
259 2001-12-29T05:16   ACE    None   None   None   None   None   None   None   None     None   None       None      None   None   None   None   None   5.63   0.00  -1.86   0.00   6.42   0.00  10.31   0.00   377.64   0.00   30916.51      0.00  23.89   0.00   2.06   0.00
259 2001-12-29T05:16  Wind    None   None   None   None   None   None   None   None     None   None       None      None   None   None   None   None   5.37   0.00  -1.55   0.00   6.56   0.00  10.23   0.00   377.56   0.00   32355.30      0.00  22.83   0.00   1.92   0.00
260 2001-12-30T20:05   ACE    None   None   None   None   None   None   None   None     None   None       None      None   None   None   None   None   None   None   None   None   None   None   None   None     None   None       None      None   None   None   None   None
260 2001-12-30T20:05  Wind    5.55   0.75  -2.00   1.36  11.84   3.60  17.10   1.87   422.95  13.43  142514.04  16454.55  47.63   2.14   2.71   0.80   2.55   0.48  -5.54   1.45   3.55   1.15  16.05   0.65   397.03   3.20  100860.68  22833.01  17.12   6.52   1.00   0.74
261 2002-02-28T05:06   ACE    None   None   None   None   None   None   None   None     None   None       None      None   None   None   None   None   None   None   None   None   None   None   None   None     None   None       None      None   None   None   None   None
261 2002-02-28T05:06  Wind    7.44   0.00 -10.68   0.00   2.03   0.00  19.23   0.00   572.76   0.00 1092902.52      0.00  10.94   0.00   1.61   0.00   6.55   0.06  -9.19   0.14   2.70   0.00  13.43   0.83   590.31   6.86  511363.96  83966.48   6.97   0.60   1.02   0.10
262 2002-03-18T13:22   ACE    0.84   0.62  -2.60   0.37  -0.37   0.16   8.96   0.02   391.05   0.35   77548.23   4006.67  18.13   0.65   2.74   0.13   7.44   0.44  -1.49   1.88  -1.72   0.55  11.68   1.00   386.92   0.76   44158.63   3613.70   9.49   1.60   0.49   0.01
262 2002-03-18T13:22  Wind    2.05   0.26  -2.97   0.37  -2.05   0.14   8.76   0.19   379.64   1.89   90886.60   2067.89  20.66   0.18   4.41   0.43   4.68   0.82  -0.53   1.26  -3.32   1.11  10.38   0.76   382.08   0.51   37396.52   1009.23  11.45   1.76   0.86   0.27
263 2002-03-20T13:17   ACE    0.89   0.77   0.01   0.98   4.42   1.39  12.88   0.66   433.29   7.67  135865.57   5537.17  36.07   6.87   3.95   0.81   4.83   0.74   5.02   3.49   6.63   1.84  14.73   0.25   399.31   6.65   86163.10   9269.41   4.42   3.61   0.38   0.40
263 2002-03-20T13:17  Wind    0.42   0.63   0.26   0.70   5.19   1.54  13.34   0.33   435.35  10.38  206947.27  11065.03  37.80   6.16   4.39   0.71   4.08   1.12   4.84   3.35   6.82   1.86  14.66   0.20   384.40   7.83  131889.01   9884.73   5.19   4.27   0.54   0.55
264 2002-03-22T03:45   ACE    3.97   0.56   4.38   0.43   2.70   0.29   8.87   0.41   492.57   7.22  135708.38  14011.05   9.44   0.57   1.91   0.10   1.41   0.63  -3.85   2.64   4.09   0.38   7.74   0.44   442.92  12.17   40441.10  23725.80   6.43   0.73   0.90   0.28
264 2002-03-22T03:45  Wind    3.34   0.52   4.99   0.40   2.74   0.26   9.27   0.51   495.84   6.67  166669.24  15478.87   9.75   0.50   2.19   0.10   1.10   0.56  -3.27   2.66   3.98   0.33   7.45   0.56   445.08  12.94   49815.88  30116.57   6.95   0.68   1.14   0.31
265 2002-03-23T11:21   ACE    2.72   0.22  -6.63   1.36   3.42   0.26   9.21   0.65   461.22   0.84  127525.32   5602.78   5.38   0.04   0.81   0.18   3.46   0.13  -0.93   0.25   2.80   0.18   5.08   0.18   426.03   3.71   74406.18   8426.67   3.32   0.30   1.07   0.06
265 2002-03-23T11:21  Wind    2.43   0.35  -6.75   1.35   3.82   0.18   9.47   0.67   455.48   1.89  164313.34  17505.94   5.74   0.02   0.96   0.26   3.30   0.12  -0.69   0.20   2.94   0.22   4.90   0.21   424.62   3.17   95433.69  15833.09   3.97   0.25   1.57   0.07
266 2002-04-12T01:39   ACE    2.41   1.99  -8.60   0.39  -0.01   4.58  11.05   2.51   456.29   3.44   64380.49   9394.25   8.73   1.98   0.72   0.21   4.56   1.24  -8.54   1.03   6.66   2.99  14.69   1.39   438.24   7.40   33160.21   6682.46   6.04   1.14   0.28   0.13
266 2002-04-12T01:39  Wind    1.82   2.19  -8.62   0.52   0.05   4.41  10.99   2.52   460.73   4.44   71046.28  12540.09   8.96   2.22   0.78   0.24   4.13   1.08  -8.68   1.02   6.58   2.88  14.53   1.32   440.67   6.43   35353.84   7110.58   6.92   1.21   0.31   0.13
267 2002-04-14T12:56   ACE    None   None   None   None   None   None   None   None     None   None       None      None   None   None   None   None   2.92   0.04   3.16   0.16  -1.10   0.07   8.22   0.04   420.31   1.49   40403.71   1429.32   7.96   0.13   0.97   0.01
267 2002-04-14T12:56  Wind    None   None   None   None   None   None   None   None     None   None       None      None   None   None   None   None   2.77   0.06   3.09   0.17  -0.84   0.15   8.25   0.00   422.17   1.83   37229.38    409.87   7.89   0.10   0.92   0.01
268 2002-04-15T07:17   ACE   -0.57   0.90   2.18   0.28  -1.09   0.37   7.78   0.02   416.01   1.57   78919.77   6521.86  15.40   0.57   2.56   0.03  -6.62   0.29   2.93   0.79   3.99   1.37   9.45   0.31   388.16   5.93   80344.87   8643.90  10.04   0.29   1.06   0.08
268 2002-04-15T07:17  Wind   -2.59   0.10   1.63   0.79   2.37   0.20   6.28   0.33   400.12   2.97   51921.62  10329.14  38.16   4.11   7.77   0.93  -5.43   0.21   3.89   0.71   4.56   1.40   9.43   0.63   392.93   7.78   98199.42  12303.21  10.57   0.84   2.66   2.03
269 2002-04-17T11:01   ACE   -5.77   0.00  -1.70   0.00   4.32   0.00   8.02   0.00   367.58   0.00   39276.14      0.00  13.08   0.00   1.76   0.00  -5.87   0.01   1.07   0.18  -2.60   0.45   7.80   0.01   353.24   1.00   58414.02   1343.65   6.25   0.48   1.11   0.04
269 2002-04-17T11:01  Wind   -3.75   0.00   1.25   0.00  -0.09   0.00   5.39   0.00   385.25   0.00   84333.21      0.00  16.54   0.00  24.13   0.00  -6.09   0.15   1.44   0.01  -3.01   0.19   7.80   0.16   343.77   2.68   47084.22   2410.11   7.54   0.58   1.88   1.44
270 2002-04-19T08:24   ACE   -0.29   2.17  -3.10   4.24  -5.97   0.63  20.89   2.71   534.51  10.99  224604.03  42106.42  19.35   3.55   0.85   0.12  -0.15   0.72  -8.80   1.43  -3.87   0.35  12.65   0.58   487.20  10.54   45610.98  23889.49   3.03   1.41   0.18   0.09
270 2002-04-19T08:24  Wind   -1.60   2.14  -5.60   4.81  -4.10   1.10  21.12   2.89   524.67  20.55  366451.27  89142.70  23.90   4.17   1.59   0.23  -0.80   0.75  -8.80   1.30  -3.57   0.49  12.41   0.62   493.31  11.69   59439.15  33843.49   3.61   1.84   0.26   0.17
271 2002-04-23T05:00   ACE    4.34   1.77  -4.16   0.78  -4.46   0.38  13.23   0.55   565.93   9.93  209954.38  39475.89   8.30   0.46   0.93   0.10  -3.22   0.21   3.37   0.79  -1.95   0.57   7.43   0.64   478.12  28.16   44860.71   9265.67   8.11   0.72   1.49   0.24
271 2002-04-23T05:00  Wind    3.04   0.97  -4.93   0.90  -5.38   0.33  13.43   0.52   576.06   6.20  283666.40  38414.95   6.90   0.33   0.90   0.07  -3.13   0.42   3.28   0.82  -2.10   0.71   7.38   0.71   508.18  15.24   38571.14  17093.70   3.59   0.43   0.49   0.02
272 2002-05-10T11:09   ACE   -3.00   0.00   1.41   0.00   1.38   0.00   7.86   0.00   516.41   0.00  279313.12      0.00  10.24   0.00   4.41   0.00  -3.61   0.10   3.71   1.07  -0.29   0.88   7.53   0.48   499.79  10.47  160165.68  70510.54   6.27   2.37   2.08   1.25
272 2002-05-10T11:09  Wind   -3.41   0.00   2.61   0.00   1.43   0.00   9.18   0.00   520.34   0.00  460257.92      0.00  10.76   0.00   4.31   0.00  -3.57   0.14   4.30   0.64  -0.22   0.84   7.92   0.84   500.27  10.04  219202.74 131220.51   6.43   2.38   2.00   1.07
273 2002-05-11T10:36   ACE    1.20   0.00   0.14   0.00   1.31   0.00   8.36   0.00   395.96   0.00   45959.83      0.00  31.35   0.00   4.69   0.00   3.97   0.81  -0.71   0.45  -2.92   1.41   7.84   0.07   371.62   6.50   49399.32   1721.24  17.07   3.88   2.38   0.70
273 2002-05-11T10:36  Wind    0.40   0.00  -1.21   0.00   1.39   0.00   8.62   0.00   395.92   0.00   50870.23      0.00  28.77   0.00   4.51   0.00   2.75   0.80  -1.81   0.19  -1.68   1.04   7.23   0.42   364.06  10.30   55467.99   1885.52  14.75   4.46   2.44   0.67
274 2002-05-18T19:45   ACE    3.31   0.10   7.30   2.33  -3.51   2.32  15.71   0.40   441.18   1.05  112008.53   2282.99  41.12   3.54   2.85   0.43   1.28   1.49  -3.67   2.83  -8.72   2.76  14.88   1.79   436.18   1.67  126949.87  27171.13  17.29   7.06   1.05   0.19
274 2002-05-18T19:45  Wind    2.45   1.24  -1.59   2.22  -7.68   1.44  15.32   0.58   435.33   1.79  113183.49   7405.54  42.91   6.59  28.00   7.87   0.75   1.58  -0.63   6.79  -8.30   1.20  15.54   1.49   431.30   2.93  143391.04  30392.86  14.54   4.56   1.94   2.16
275 2002-05-20T03:35   ACE    0.49   2.27  -1.49   3.43   1.66   0.92  15.68   0.25   481.99   1.82  169749.42  10933.66  32.05   2.96   2.52   0.46  -9.32   0.38   3.21   0.49   1.17   0.34  11.02   0.39   434.22   4.06  115914.29   6515.22   5.70   1.40   0.50   0.06
275 2002-05-20T03:35  Wind    2.22   2.03  -3.17   4.35   2.08   0.47  15.57   0.35   481.19   2.75  209760.80  18292.74  33.44   1.47   2.42   0.26 -10.27   0.45   3.16   0.55  -1.03   0.27  11.71   0.49   458.74   3.07   67120.79   4767.02   5.22   1.36   0.35   0.07
276 2002-05-23T10:44   ACE   -3.36   0.56   5.65   0.79   0.90   0.15   9.24   0.26   474.30   8.22  154174.16  22876.59   9.22   1.05   1.86   0.45  -4.45   0.45   2.50   1.46   0.11   0.13   6.66   1.00   422.46  12.24   52283.84  10996.43   5.33   0.36   1.14   0.27
276 2002-05-23T10:44  Wind   -4.32   0.28   4.81   1.13   1.18   0.29   9.76   0.15   471.33   5.16  163936.64  18800.01   8.34   0.90   1.62   0.36  -4.81   0.37   1.86   1.96  -0.11   0.13   6.94   1.06   428.55  11.22   52010.30  14694.52   3.79   0.50   0.70   0.13
277 2002-05-30T02:15   ACE   -3.05   0.93   8.39   0.61   1.27   0.15  21.78   1.07   778.87   2.40  636839.98  27708.26   6.28   0.77   0.75   0.10  -7.71   0.66   5.67   0.56   1.72   0.29  10.62   0.89   602.18  54.65  196857.69  32554.61   0.39   0.47   0.04   0.05
277 2002-05-30T02:15  Wind    3.27   1.36   9.62   0.63   0.32   0.62  21.23   0.99   707.24   4.37 1431186.55  61384.84   8.12   0.48  11.90   5.21  -7.48   1.02   5.74   0.58   1.44   0.26  10.61   0.78   596.85  51.76  287442.18  91028.59   1.27   0.67   7.96   3.39
278 2002-06-27T16:57   ACE   -4.95   0.00   3.91   0.00   1.08   0.00   7.23   0.00   514.60   0.00  195282.40      0.00   4.30   0.00   1.15   0.00  -2.63   0.00   4.17   0.00   0.12   0.00   5.89   0.00   407.32   0.00   59083.71      0.00   4.49   0.00   1.20   0.00
278 2002-06-27T16:57  Wind   -5.66   0.00   3.07   0.00   1.88   0.00   7.41   0.00   510.96   0.00  198152.40      0.00   3.89   0.00   1.12   0.00  -2.20   0.00   4.38   0.00  -0.04   0.00   5.93   0.00   410.74   0.00   67974.67      0.00   5.12   0.00   1.45   0.00
279 2002-07-17T15:56   ACE    None   None   None   None   None   None   None   None     None   None       None      None   None   None   None   None   2.73   0.00   2.43   0.00   1.77   0.00   4.12   0.00   362.54   0.00   22599.02      0.00   2.78   0.00   1.07   0.00
279 2002-07-17T15:56  Wind    None   None   None   None   None   None   None   None     None   None       None      None   None   None   None   None   4.05   0.00   1.25   0.00   0.91   0.00   4.37   0.00   371.48   0.00   16387.36      0.00   2.48   0.00   0.78   0.00
280 2002-07-19T14:50   ACE   -3.76   0.02   3.39   0.06   1.81   0.03   7.11   0.04   467.67   0.89  167222.52    736.24   7.33   0.16   2.21   0.05  -2.15   0.54   0.88   0.67   3.81   0.55   6.16   0.31   459.59   1.91  115471.79  12962.97   1.60   1.26   0.45   0.37
280 2002-07-19T14:50  Wind   -4.03   0.02   3.35   0.02   1.61   0.03   7.47   0.04   467.91   0.57  212146.38   2609.98   8.00   0.11   2.55   0.03  -3.22   0.39   1.63   0.45   6.26   1.14   9.33   0.42   503.29   7.78   59974.70  31931.97   4.98   0.65   0.61   0.41
281 2002-07-25T13:00   ACE   -8.48   0.00   3.00   0.00   3.41   0.00  14.99   0.00   770.69   0.00  773235.91      0.00   1.43   0.00   0.25   0.00   2.03   0.95   1.91   0.24  -0.24   0.56   7.45   1.31   678.96  33.12  171002.76  87470.60   2.12   0.30   0.52   0.11
281 2002-07-25T13:00  Wind   -8.04   0.00   0.31   0.00   3.21   0.00  16.41   0.00   479.89   0.00   74741.08      0.00   4.05   0.00   0.17   0.00  -9.30   0.64   4.02   1.04   8.36   5.54  21.18   6.27   450.68   8.75  106074.82   8949.00   3.38   0.20   0.93   0.01
282 2002-07-29T12:42   ACE    None   None   None   None   None   None   None   None     None   None       None      None   None   None   None   None   4.88   0.00  -3.94   0.00  -0.52   0.00   8.40   0.00   475.85   0.00  155116.96      0.00   6.99   0.00   1.31   0.00
282 2002-07-29T12:42  Wind    None   None   None   None   None   None   None   None     None   None       None      None   None   None   None   None   4.55   0.00  -4.02   0.00  -0.70   0.00   8.41   0.00   475.61   0.00  181610.99      0.00   6.96   0.00   1.38   0.00
283 2002-07-31T11:37   ACE    None   None   None   None   None   None   None   None     None   None       None      None   None   None   None   None   2.18   0.00  -6.28   0.00   2.00   0.00   9.04   0.00   457.68   0.00  151914.92      0.00   7.38   0.00   1.21   0.00
283 2002-07-31T11:37  Wind    None   None   None   None   None   None   None   None     None   None       None      None   None   None   None   None   2.06   0.00  -6.09   0.00   1.80   0.00   9.02   0.00   455.96   0.00  198822.34      0.00   6.58   0.00   1.23   0.00
284 2002-08-01T05:12   ACE    2.73   0.00  -3.06   0.00  -1.38   0.00   7.60   0.00   420.34   0.00   63292.89      0.00   3.26   0.00   0.50   0.00   5.18   0.48  -5.16   0.33  -0.59   0.15   9.22   0.67   405.61   5.12   83801.23  14123.20   2.34   0.30   0.23   0.00
284 2002-08-01T05:12  Wind    3.30   0.00  -3.55   0.00  -0.15   0.00   7.45   0.00   410.18   0.00   69490.19      0.00   3.84   0.00   0.66   0.00   4.32   0.68  -5.91   0.26   0.18   0.25   8.94   0.72   401.32   1.75   75515.40  17149.02   3.00   0.23   0.32   0.01
285 2002-08-01T23:09   ACE    6.65   0.95  -5.08   0.84  -3.32   2.41  13.23   0.11   449.13   1.68  139112.99  27924.87   6.38   0.93   0.40   0.01  -2.42   1.30  -7.66   0.79  -0.05   1.81  12.03   0.29   453.34   4.19   49642.21  10753.22   9.43   0.58   0.51   0.03
285 2002-08-01T23:09  Wind    6.18   0.45  -6.75   0.88  -3.10   1.75  13.73   0.11   439.93   1.41  165263.90  29717.41   6.46   0.92   0.42   0.02  -2.54   1.46  -7.24   0.46  -0.13   1.51  12.25   0.29   453.06   4.61   53239.79  12072.27  11.31   0.76   0.61   0.04
286 2002-08-18T18:46   ACE   -0.09   0.96  -5.76   0.55  -7.82   1.83  12.98   0.19   501.57   5.43   86397.35   4212.25   5.42   0.49   0.34   0.02  -4.20   1.35  -7.57   0.66  -3.08   0.68  11.00   0.57   474.79   9.72   26722.69   6308.70   5.13   0.53   0.33   0.09
286 2002-08-18T18:46  Wind    0.28   0.61  -6.02   0.42  -7.56   0.75  12.96   0.13   496.47   8.38   74490.61   4405.28   8.12   0.40   0.48   0.02  -4.65   1.25  -7.81   0.64  -2.37   0.53  11.08   0.57   480.98  10.28   27111.95   7073.69   8.13   0.33   0.45   0.06
287 2002-08-26T11:16   ACE   -1.49   0.87   2.80   1.52   1.47   0.49  10.73   0.40   537.64   6.59  203013.21  22017.47  11.59   0.97   1.67   0.13   1.03   0.38  -1.18   0.56  -4.07   0.74   7.92   0.31   463.78   9.23   28761.84  20426.27   3.91   0.91   0.49   0.16
287 2002-08-26T11:16  Wind   -1.88   0.81   3.48   1.68   1.45   0.39  10.62   0.43   540.26   5.70  291326.86  39181.73  11.95   0.56   2.55   0.20   0.61   0.36  -1.36   0.65  -4.02   0.74   7.86   0.28   469.29   8.85   35056.71  28701.37   4.45   0.91   0.61   0.25
288 2002-08-29T21:00   ACE    6.16   0.00  -3.51   0.00  -0.43   0.00  10.51   0.00   391.32   0.00  140075.97      0.00  18.17   0.00   2.18   0.00   7.92   0.19  -4.39   0.28  -3.36   0.57  11.77   0.07   403.68   1.85  114566.87   7702.10  11.26   0.96   0.93   0.19
288 2002-08-29T21:00  Wind    4.27   0.00  -2.62   0.00  -0.05   0.00  10.51   0.00   388.97   0.00  194804.50      0.00  22.14   0.00   3.48   0.00   6.82   0.04  -4.94   0.48  -4.04   0.68  11.78   0.05   395.56   1.02  120861.49  15095.54  13.29   1.75   1.21   0.37
289 2002-09-03T02:48   ACE    None   None   None   None   None   None   None   None     None   None       None      None   None   None   None   None   2.41   0.00  -3.60   0.00  -1.21   0.00   7.51   0.00   407.00   0.00   28783.73      0.00   4.23   0.00   0.49   0.00
289 2002-09-03T02:48  Wind    None   None   None   None   None   None   None   None     None   None       None      None   None   None   None   None -40.08   0.00   7.86   0.00  42.97   0.00  65.96   0.00   440.95   0.00  150569.77      0.00   6.03   0.00   0.02   0.00
290 2002-09-07T16:21   ACE    0.47   0.00  -8.47   0.00   3.76   0.00   9.50   0.00   352.20   0.00   39361.00      0.00  11.32   0.00   0.91   0.00  -3.09   0.51  -0.13   3.18   7.99   0.71  13.19   1.16   357.46   3.24   47057.64   1700.68  11.52   0.65   0.59   0.07
290 2002-09-07T16:21  Wind    0.36   0.00  -7.78   0.00   2.66   0.00   8.49   0.00   354.62   0.00   46521.63      0.00  16.20   0.00   1.84   0.00  -3.12   0.74  -0.43   2.95   7.94   0.51  12.79   1.09   353.27   4.12   38761.54   2710.90  19.76   0.54   1.08   0.13
291 2002-09-08T19:44   ACE   -6.62   1.38  11.09   1.27  -6.28   2.00  18.95   0.93   528.02  11.48  227770.06  12945.82  11.28   0.44   0.51   0.04  -7.62   0.90   3.04   2.84   3.00   4.15  12.03   2.16   476.33   8.29  122005.81  28614.71   7.37   1.00   0.60   0.08
291 2002-09-08T19:44  Wind   -6.71   1.38  10.45   1.11  -7.04   2.24  19.29   0.94   533.65  15.09  264346.05  14323.75  10.97   0.63   0.55   0.10  -7.47   0.64   3.12   2.66   3.07   4.20  12.07   2.19   481.11   7.51  129515.67  45336.52   8.05   1.14   0.69   0.11
292 2002-09-19T06:13   ACE    0.41   0.74   0.27   0.41   2.02   0.02   6.94   0.18   524.29   0.43  204430.72    866.48   4.79   0.19   1.74   0.13  -5.88   0.02   4.16   0.01  -0.08   0.07   8.99   0.01   446.73   0.55   44009.10    949.84   3.00   0.03   0.27   0.01
292 2002-09-19T06:13  Wind   -1.08   0.21   0.17   0.21   1.81   0.11   6.89   0.07   522.61   1.58  264498.71   6764.88   5.10   0.00   2.31   0.13  -5.87   0.02   4.21   0.02   0.01   0.10   9.01   0.02   447.44   0.98   31222.38    681.94   4.12   0.01   0.34   0.00
293 2002-09-26T15:18   ACE    0.59   0.90  -1.67   0.12   0.57   0.09   6.51   0.13   647.99  10.99  291104.47   7250.78   2.01   0.16   0.95   0.07  -0.81   0.29  -3.05   0.23   0.45   0.06   4.87   0.24   512.22  21.91   81193.08  31262.75   2.32   0.08   0.92   0.02
293 2002-09-26T15:18  Wind    0.62   0.97  -1.85   0.07   0.27   0.14   6.62   0.11   642.51  14.83  350776.43  17610.03   2.22   0.13   1.17   0.07  -1.11   0.33  -3.00   0.21   0.59   0.08   4.88   0.25   521.65  20.98   86703.48  39029.80   2.43   0.07   1.01   0.04
294 2002-09-30T19:11   ACE    None   None   None   None   None   None   None   None     None   None       None      None   None   None   None   None  -0.16   0.00  -5.23   0.00  -4.30   0.00   7.82   0.00   304.91   0.00   13029.50      0.00   3.56   0.00   0.36   0.00
294 2002-09-30T19:11  Wind    None   None   None   None   None   None   None   None     None   None       None      None   None   None   None   None  -0.31   0.00  -5.19   0.00  -4.21   0.00   7.66   0.00   310.91   0.00   13623.15      0.00   7.13   0.00   0.78   0.00
295 2002-10-02T22:39   ACE   -1.11   1.26   1.68   7.60   9.19   2.18  18.66   1.54   364.65   4.35   68808.53   8995.52  24.42   0.99   0.79   0.07  -5.91   0.61  11.66   1.08   1.79   1.81  21.19   0.99   388.16   1.43   47850.00   5126.31  12.10   0.90   0.27   0.10
295 2002-10-02T22:39  Wind   -1.52   0.83   5.41   4.83   7.69   2.51  17.96   0.42   358.07   6.03   83424.84   3085.44  35.73   4.88   1.18   0.11  -6.58   0.48  10.93   0.72   1.96   1.95  21.60   0.98   379.35   1.77   49396.15   5606.85  16.39   1.31   0.36   0.13
296 2002-11-08T08:38   ACE   -1.47   0.90   5.16   1.08   0.66   2.85   8.36   1.18   507.07   8.33   99857.34  16318.26   8.71   0.29   1.40   0.33  -1.54   0.13   5.73   0.28  -3.18   0.53  11.02   0.17   437.98   2.45   46845.12   1480.45   5.78   0.13   0.38   0.04
296 2002-11-08T08:38  Wind   -0.73   1.29   4.69   0.85  -0.35   3.13   7.96   1.27   509.31   7.79   93167.74   9948.90   9.04   0.70   1.48   0.27  -1.39   0.14   5.57   0.31  -3.39   0.50  10.94   0.18   440.16   2.67   52893.83   1122.84   7.34   0.12   0.49   0.04
297 2002-11-16T23:16   ACE    None   None   None   None   None   None   None   None     None   None       None      None   None   None   None   None  -3.17   0.00   2.22   0.00   1.64   0.00   4.68   0.00   384.83   0.00   20148.29      0.00   4.76   0.00   1.39   0.00
297 2002-11-16T23:16  Wind    None   None   None   None   None   None   None   None     None   None       None      None   None   None   None   None  -3.10   0.00   2.45   0.00   1.46   0.00   4.68   0.00   388.20   0.00   18296.38      0.00   4.30   0.00   1.24   0.00
298 2002-11-26T21:10   ACE    3.46   0.29  -7.31   0.14   1.49   0.71   9.51   0.09   472.21  12.73  104718.05  17187.08   9.26   0.52   1.05   0.14   3.17   0.18  -5.77   0.77  -5.61   0.85   9.77   0.37   390.84   6.83   25905.35   4327.26   7.28   0.15   0.51   0.04
298 2002-11-26T21:10  Wind    3.16   0.24  -7.12   0.21   2.23   0.58   9.51   0.07   472.06  10.68  114083.92  17182.53   8.45   0.52   1.01   0.13   3.04   0.15  -6.18   0.70  -5.04   0.91   9.65   0.36   393.72   7.28   35838.10   8010.50   6.22   0.29   0.47   0.03
299 2002-12-17T20:36   ACE    None   None   None   None   None   None   None   None     None   None       None      None   None   None   None   None  -4.48   0.00   7.20   0.00   0.43   0.00  11.57   0.00   547.49   0.00  183693.25      0.00   9.67   0.00   1.27   0.00
299 2002-12-17T20:36  Wind    None   None   None   None   None   None   None   None     None   None       None      None   None   None   None   None  -3.50   0.00   8.28   0.00   3.01   0.00  16.52   0.00   534.05   0.00  247834.01      0.00   9.95   0.00   1.06   0.00
300 2002-12-18T12:58   ACE    None   None   None   None   None   None   None   None     None   None       None      None   None   None   None   None   5.85   0.23   0.62   1.41   7.29   0.87  12.33   1.27   380.97   2.83   28883.11  14066.90  13.54   1.40   0.64   0.04
300 2002-12-18T12:58  Wind    None   None   None   None   None   None   None   None     None   None       None      None   None   None   None   None   5.86   0.03   0.51   1.41   7.75   0.09  12.14   1.50   380.84   1.58   27948.09  11803.58  19.20   2.13   0.89   0.04
301 2002-12-21T03:21   ACE    None   None   None   None   None   None   None   None     None   None       None      None   None   None   None   None   8.63   0.00   4.69   0.00   7.89   0.00  16.25   0.00   361.22   0.00   51260.90      0.00  13.97   0.00   0.40   0.00
301 2002-12-21T03:21  Wind    None   None   None   None   None   None   None   None     None   None       None      None   None   None   None   None   7.56   0.00   4.42   0.00   9.65   0.00  15.69   0.00   360.14   0.00   35015.33      0.00  19.99   0.00   0.56   0.00
302 2003-01-27T01:40   ACE   -2.56   3.33   0.22   2.12   0.30   3.61   6.94   1.21   491.86  20.81   57015.85  11899.82  11.18   1.34   2.40   0.83  -6.67   0.25  -1.34   1.41   1.83   0.48  10.41   0.51   441.17  11.62   42417.55  20518.44   7.52   0.63   0.66   0.13
302 2003-01-27T01:40  Wind   -2.91   2.99   0.03   1.72  -0.31   3.40   6.53   1.36   497.48  17.73   55591.95  20868.41  18.80   6.48   5.25   2.64  -6.59   0.20  -1.14   1.22   1.78   0.42  10.34   0.61   443.35  10.18   37531.47  20100.36  11.52   1.07   0.98   0.35
303 2003-02-01T18:50   ACE   -1.42   0.14   5.20   0.17   2.52   1.61   8.74   1.12   605.05  34.29   57439.47  40505.33   4.54   0.80   0.53   0.18   4.41   2.40  -0.29   0.51   5.55   1.67   9.65   0.96   508.66  16.07   28446.91   2763.39   2.86   1.30   0.55   0.48
303 2003-02-01T18:50  Wind   -1.62   0.10   5.67   0.10   2.23   1.50   8.71   1.06   611.88  34.53   64594.06  45083.63   6.52   1.49   0.74   0.19   4.29   2.42  -0.33   0.59   5.45   1.66   9.57   0.92   512.56  16.45   24676.68   2676.56   5.37   2.49   1.13   1.07
304 2003-02-17T21:50   ACE   -1.10   0.56  -9.26   0.39   2.95   2.59  11.82   0.24   673.53  46.83  331556.92  92235.32   2.17   2.85   0.23   0.17   3.19   2.20  -4.25   3.01  -3.88   0.63  10.86   0.37   517.43  26.77   61206.08  21543.82   9.28   0.88   0.64   0.06
304 2003-02-17T21:50  Wind   -1.68   0.58  -8.99   0.33   2.78   2.47  11.89   0.28   675.35  42.84  311207.83  80134.04   2.25   2.95   0.22   0.18   2.65   2.22  -4.27   2.91  -4.04   0.71  10.83   0.33   524.14  28.92   61017.54  27201.74   9.40   1.05   0.62   0.08
305 2003-03-20T04:30   ACE   -4.20   0.88   6.95   2.19   3.57   1.34  11.80   0.25   660.54   6.57  282078.71  51416.52   6.04   0.31   0.80   0.10  -4.94   0.38  -0.47   0.73   2.71   0.62   6.87   0.69   617.56  22.61   41481.56  24602.05   3.57   0.38   0.57   0.10
305 2003-03-20T04:30  Wind    None   None   None   None   None   None   None   None   623.17   0.35   46093.58   1306.92   4.29   0.15   None   None  -5.41   0.43  -0.29   0.20   2.28   0.18   6.48   0.14   596.74  15.30   39869.30   1484.21   5.22   0.58   1.10   0.14
306 2003-05-09T05:16   ACE   -3.29   1.29   2.70   2.91   0.49   0.34   9.78   0.23   782.33   7.40  460692.88   7497.72   2.98   0.03   1.35   0.48  -8.24   0.25  -1.12   0.63  -3.97   0.55  10.94   0.10   663.19  12.34  192826.18  30916.35   1.70   0.16   0.77   0.39
306 2003-05-09T05:16  Wind   -3.77   1.35   3.27   2.28   0.97   0.62  10.00   0.19   769.33   8.71  494141.06   5434.65   4.01   0.05   1.24   0.11  -8.46   0.23  -1.23   0.30  -3.96   0.49  11.08   0.09   672.80   9.72  217662.36  35992.52   2.11   0.24   0.29   0.09
307 2003-05-29T11:49   ACE   -1.68   1.41   4.03   2.00   3.90   1.24   9.35   0.54   863.29   4.69  397721.48  75335.38   6.53   0.33   2.02   0.38  -1.82   0.80   1.63   0.22  -1.27   0.49   7.71   0.39   717.81  19.72   90870.78   3012.92   3.25   0.18   0.53   0.04
307 2003-05-29T11:49  Wind   -2.19   1.51   4.40   2.05   3.78   1.15   9.96   0.54   869.72   5.83  540426.54 122333.16   6.43   0.24   2.28   0.49  -1.70   0.93   1.82   0.28  -1.47   0.54   7.68   0.36   708.99  29.55   79520.29   4806.92   3.48   0.36   0.57   0.04
308 2003-05-29T18:25   ACE   -1.85   0.10  -5.58   0.07  -5.91   0.22   9.59   0.27   679.72   1.03   93355.72  11053.52   5.11   0.11   0.56   0.07  -0.25   3.23   2.90   1.31  -7.27   0.55  12.89   2.67   674.28  22.38  113965.32  78469.29  11.61   5.93   3.42   0.12
308 2003-05-29T18:25  Wind   -1.73   0.05  -6.57   0.20  -4.52   0.52   9.97   0.35   692.31   0.99   97670.97  11356.76   8.10   0.30   0.79   0.08  -0.22   3.21   2.72   0.46  -8.12   0.34  13.02   2.18   681.11  21.54  109958.16  73297.70  16.17   9.15   1.67   1.10
309 2003-05-30T16:00   ACE    9.20   0.06   1.29   1.01  -4.54   1.06  21.50   0.23   741.19   6.14  366868.02   9805.64  32.77   0.66   3.19   0.15   4.58   0.20   3.19   0.47  14.80   0.54  20.57   0.56   607.56   2.47  152141.51   6399.69  12.83   0.70   0.44   0.05
309 2003-05-30T16:00  Wind    9.08   0.46   3.50   0.90  -5.86   1.07  20.08   0.21   745.03   4.88  340446.89   9462.26  46.75   1.13   4.88   0.27   4.25   0.05   3.92   0.54  14.56   0.64  20.83   0.59   614.12   3.58  151425.98   5676.10  16.73   0.99   0.55   0.06
310 2003-06-15T14:10   ACE   -2.36   0.10   1.40   0.17   3.73   0.05   7.70   0.08   787.89   0.67  404546.99   6989.07   5.96   0.10   3.81   0.12  -0.60   0.43   2.24   0.35   2.00   0.39   6.68   0.52   720.72  29.57  137387.04  52743.23   2.91   0.57   0.94   0.45
310 2003-06-15T14:10  Wind   -2.46   0.09   2.14   0.13   4.24   0.02   8.32   0.02   774.19   0.94  366319.71   7529.43   7.75   0.16  21.75   0.83  -0.54   0.35   2.41   0.29   1.90   0.49   6.83   0.61   726.82  25.21  129114.46  47926.81   3.29   0.91   2.86   3.20
311 2003-06-16T22:33   ACE    1.55   0.00  -8.06   0.00   1.85   0.00   9.84   0.00   562.73   0.00  175412.68      0.00   7.08   0.00   1.01   0.00  -1.52   1.10  -4.75   0.04  -0.80   0.43  10.02   0.27   518.61   4.40   76972.52  16733.23   5.80   0.04   0.61   0.09
311 2003-06-16T22:33  Wind    3.01   0.00  -7.46   0.00   1.73   0.00   9.93   0.00   547.94   0.00  193685.13      0.00   9.01   0.00   1.32   0.00  -1.36   1.24  -4.75   0.12  -0.77   0.35   9.95   0.23   524.55   0.86   83432.07  18404.09   9.16   0.22   0.87   0.11
312 2003-07-06T12:25   ACE   -0.39   0.19  -5.31   0.03  -4.38   1.86   9.39   0.27   513.59   8.83   98742.35   7662.09   4.05   0.48   0.57   0.08   0.50   0.34  -8.34   0.97  -4.60   1.25  11.83   0.95   484.21   6.44   66169.71   8457.23   4.42   0.08   0.34   0.10
312 2003-07-06T12:25  Wind   -0.15   0.09  -4.81   0.03  -4.53   1.81   9.42   0.29   516.46   7.19   98686.51   9492.60   8.18   1.56   1.07   0.14   0.03   0.26  -8.32   1.05  -4.29   1.18  11.77   0.92   487.51   6.82   67478.08   6950.15   7.71   0.92   0.60   0.20
313 2003-07-10T19:53   ACE   -3.67   0.00   2.39   1.13   4.07   0.31   8.13   0.18   641.69  15.97  224407.24  20130.88   3.17   0.52   0.75   0.14  -2.17   0.39   2.46   1.07   0.43   0.82   6.46   0.32   607.19   8.90  270453.64  33044.40   0.99   0.33   0.40   0.11
313 2003-07-10T19:53  Wind   -3.50   0.02   2.56   1.12   3.74   0.48   7.98   0.08   651.64  14.33  242171.82  27458.60   3.60   0.65   1.02   0.22  -2.26   0.36   2.47   1.16   0.54   0.80   6.50   0.32   613.54   9.19  327703.12  43528.50   0.99   0.34   0.43   0.14
314 2003-07-23T14:33   ACE    None   None   None   None   None   None   None   None     None   None       None      None   None   None   None   None   0.24   0.00   6.42   0.00  -6.64   0.00   9.93   0.00   358.37   0.00   20694.22      0.00  11.07   0.00   0.72   0.00
314 2003-07-23T14:33  Wind    None   None   None   None   None   None   None   None     None   None       None      None   None   None   None   None  -0.13   0.00   6.43   0.00  -6.50   0.00   9.92   0.00   356.33   0.00   25991.92      0.00  12.15   0.00   0.85   0.00
315 2003-08-05T00:46   ACE    None   None   None   None   None   None   None   None     None   None       None      None   None   None   None   None   1.69   0.06   3.34   0.09   1.54   0.05   6.00   0.09   442.90   1.43   38333.48    710.04   6.12   0.10   1.24   0.03
315 2003-08-05T00:46  Wind    None   None   None   None   None   None   None   None     None   None       None      None   None   None   None   None   1.82   0.01   3.45   0.07   1.39   0.06   6.04   0.06   445.21   1.60   37161.55    932.95   7.10   0.03   1.47   0.07
316 2003-08-15T12:00   ACE   -0.50   1.14  -1.91   2.18   3.75   1.71   6.40   0.55   487.48   9.61   42800.16   3979.15  12.48   1.05   2.83   0.33   3.14   0.40  -5.35   0.21   2.25   0.94   9.02   0.39   443.47   3.35   29750.54   1949.59  10.43   0.51   0.93   0.14
316 2003-08-15T12:00  Wind   -0.50   1.64  -1.47   2.90   2.56   1.18   6.04   0.39   497.40   7.79   46909.49   2815.08  13.08   2.87   3.02   0.39   3.19   0.41  -5.11   0.36   2.60   0.86   9.05   0.43   445.93   3.87   30238.30   1599.45   9.70   0.50   0.88   0.16
317 2003-08-17T13:40   ACE    3.82   0.00  -2.06   0.00   0.02   0.00   5.51   0.00   607.73   0.00  180425.00      0.00   3.74   0.00   2.50   0.00   3.58   0.00  -4.84   0.00   0.60   0.00   7.05   0.00   505.52   0.00   40799.05      0.00   6.91   0.00   1.16   0.00
317 2003-08-17T13:40  Wind    3.23   0.00  -0.12   0.00   0.94   0.00   8.26   0.00   652.69   0.00  167881.16      0.00   9.02   0.00  17.24   0.00  10.00   0.00  -0.77   0.00   0.48   0.00  10.80   0.00   663.46   0.00  169998.40      0.00   7.87   0.00   2.42   0.00
318 2003-10-21T22:00   ACE    1.86   1.66 -11.04   5.07  -6.73   1.03  18.83   0.19   514.21   5.70  100811.60  12503.35  13.81   1.65   0.46   0.08   2.92   1.82  -4.41   1.92  -8.92   3.13  17.92   0.24   451.07   6.55   36742.27   3522.92   3.90   0.55   0.08   0.01
318 2003-10-21T22:00  Wind    9.66   1.04  -3.92   0.59  -2.10   0.90  16.50   0.58   673.42   0.83  171955.04    162.88   6.80   0.09   0.83   0.20   3.63   1.22  -3.78   0.41  -8.34   2.89  15.10   0.52   682.45   1.10  173730.71    215.44   5.84   0.12   0.34   0.02
319 2003-10-24T14:48   ACE    0.13   0.03   6.34   0.10   2.13   0.11   8.73   0.01   733.58   0.38  282639.02   4389.77   4.09   0.05   1.10   0.03  -0.16   0.46   0.44   0.21   5.37   0.90   8.51   0.10   533.17  13.70   36681.20   6081.04   4.14   0.03   0.46   0.01
319 2003-10-24T14:48  Wind    9.25   0.78  -0.54   0.09   0.41   0.01  11.72   0.03     None   None       None      None   None   None   None   None  -3.24   0.28   0.26   0.02   1.31   0.15   7.47   0.25     None   None       None      None   None   None   None   None
320 2003-10-25T11:00   ACE   -2.42   0.15  -6.88   0.44  13.42   1.33  25.83   0.18   591.98   0.63  285046.25   2265.22  36.44   0.31   1.74   0.02  -1.80   2.30  -4.29   2.75  18.63   8.27  23.92   5.48   570.57   8.08  147564.69  53163.63  19.28   3.17   0.92   0.44
320 2003-10-25T11:00  Wind   -0.39   0.35  -2.70   0.07   3.21   0.22  25.17   0.85     None   None       None      None   None   None   None   None  -2.14   0.86  -1.32   0.47  12.30   5.49  19.28   3.61     None   None       None      None   None   None   None   None
321 2003-10-26T19:08   ACE   -1.84   0.00  -7.30   0.00  -6.05   0.00  11.20   0.00   595.09   0.00  268871.74      0.00   6.21   0.00   1.26   0.00   5.11   0.00 -10.84   0.00  -0.18   0.00  12.68   0.00   479.71   0.00   98830.18      0.00   2.09   0.00   0.12   0.00
321 2003-10-26T19:08  Wind   -8.53   0.00  -3.20   0.00  -1.06   0.00  12.45   0.00     None   None       None      None   None   None   None   None   3.94   0.00  -5.15   0.00  -0.07   0.00   9.88   0.00     None   None       None      None   None   None   None   None
322 2003-10-28T02:06   ACE    6.08   0.00  -9.31   0.00  -8.71   0.00  14.61   0.00   519.61   0.00  152809.85      0.00   3.69   0.00   0.20   0.00   6.46   0.38  -4.60   1.16  -2.70   0.51  10.25   0.53   475.16   4.71  133817.74   5486.15   1.72   0.20   0.17   0.00
322 2003-10-28T02:06  Wind    7.92   0.00  -5.28   0.00  -4.01   0.00  12.77   0.00     None   None       None      None   None   None   None   None   5.75   0.63  -1.66   0.91   0.12   0.18   8.99   0.26     None   None       None      None   None   None   None   None
323 2003-10-29T06:11   ACE   15.14   0.00  -7.97   0.00  -5.48   0.00  18.01   0.00   561.78   0.00  220375.00      0.00   2.02   0.00   0.09   0.00  11.42   0.00 -11.63   0.00  -5.59   0.00  18.04   0.00   614.27   0.00  103690.14      0.00   4.94   0.00   0.15   0.00
323 2003-10-29T06:11  Wind    9.95   0.00  -2.30   0.00  -0.47   0.00  10.44   0.00     None   None       None      None   None   None   None   None   9.79   0.00  -5.05   0.00  -0.49   0.00  14.83   0.00     None   None       None      None   None   None   None   None
324 2003-10-30T16:19   ACE   -5.35   3.84  -6.88   4.33  -1.47   0.70  24.66   0.88     None   None       None      None   None   None   None   None -19.71   3.00  -2.72   0.99  -7.69   2.23  31.42   2.61   296.25   0.00   78713.43      0.00   2.02   0.00   0.01   0.00
324 2003-10-30T16:19  Wind    6.69   0.31  -1.87   0.53  -4.87   2.02  23.53   0.55     None   None       None      None   None   None   None   None -10.08   2.88   1.51   0.48  -3.33   0.82  22.98   1.49     None   None       None      None   None   None   None   None
325 2003-11-04T06:00   ACE  -11.48   0.02   2.46   0.01  -7.87   0.02  29.78   0.08  1028.36   0.00  908621.76      0.00   2.09   0.00   0.11   0.00   4.27   1.16  -2.12   0.48   6.92   5.84  13.82   3.86   947.17 129.90   74781.05  28336.53   2.62   0.11   0.25   0.10
325 2003-11-04T06:00  Wind   -5.50   0.02   3.63   0.02  -7.20   0.03  24.79   0.05     None   None       None      None   None   None   None   None   2.28   0.52   0.03   0.37   5.76   4.22  11.25   2.53     None   None       None      None   None   None   None   None
326 2003-11-06T19:20   ACE    None   None   None   None   None   None   None   None     None   None       None      None   None   None   None   None  -0.12   0.00  -1.45   0.00   6.83   0.00  13.22   0.00   757.75   0.00  717709.82      0.00   9.85   0.00   2.16   0.00
326 2003-11-06T19:20  Wind    None   None   None   None   None   None   None   None     None   None       None      None   None   None   None   None  -0.81   0.00  -1.92   0.00   6.52   0.00  13.74   0.00     None   None       None      None   None   None   None   None
327 2003-11-15T05:19   ACE    None   None   None   None   None   None   None   None     None   None       None      None   None   None   None   None   1.03   0.00  -2.54   0.00  -0.22   0.00   6.01   0.00   503.46   0.00  199655.25      0.00   7.24   0.00   3.47   0.00
327 2003-11-15T05:19  Wind    None   None   None   None   None   None   None   None     None   None       None      None   None   None   None   None  -0.02   0.00  -1.30   0.00   0.32   0.00   5.06   0.00     None   None       None      None   None   None   None   None
328 2003-11-20T12:00   ACE    None   None   None   None   None   None   None   None     None   None       None      None   None   None   None   None  -5.39   0.00   4.92   0.00  -0.52   0.00   9.31   0.00   664.99   0.00  292657.91      0.00   4.93   0.00   1.13   0.00
328 2003-11-20T12:00  Wind    None   None   None   None   None   None   None   None     None   None       None      None   None   None   None   None  -0.87   0.00   2.93   0.00  -1.60   0.00   6.92   0.00     None   None       None      None   None   None   None   None
329 2004-01-09T15:00   ACE    4.86   0.32  27.14   3.69   8.30   2.36  32.05   4.97   694.40   4.95  268626.20  92024.01  11.31   1.95   0.34   0.19   0.21   0.41   5.17   1.82 -16.10   3.61  31.91   3.10   580.29   8.26   98248.29   7913.32  10.59   0.56   0.21   0.06
329 2004-01-09T15:00  Wind    5.94   0.93  14.30   2.85   0.81   3.12  19.66   4.13     None   None       None      None   None   None   None   None  -1.07   0.74   7.57   1.11 -15.68   3.42  29.30   2.95     None   None       None      None   None   None   None   None
330 2004-01-22T02:10   ACE   -0.96   0.00   7.43   0.00   0.34   0.00  10.84   0.00   582.36   0.00  213511.01      0.00  11.74   0.00   1.67   0.00  -3.09   0.71  -0.45   1.87   1.43   0.47  10.26   0.40   563.33   3.54   90387.37  34433.09   5.22   1.29   0.55   0.25
330 2004-01-22T02:10  Wind   -1.64   0.00   5.45   0.00   1.03   0.00   9.23   0.00     None   None       None      None   None   None   None   None  -1.59   0.33   0.16   1.19   1.50   0.30   7.83   0.29     None   None       None      None   None   None   None   None
331 2004-02-17T18:00   ACE    4.06   2.14 -11.95   4.82   0.47   2.55  14.97   2.51   623.15  48.54  343080.86 119358.97  15.04   5.52   1.44   0.49   7.83   0.82  -3.50   1.39  -2.97   1.28  11.59   1.92   533.46  39.85   77615.16  39872.22   6.94   1.55   0.72   0.38
331 2004-02-17T18:00  Wind    5.23   0.65  -7.66   3.22  -0.36   1.73  11.47   1.82     None   None       None      None   None   None   None   None   3.30   1.28  -2.28   0.85  -2.03   0.59   8.10   1.41     None   None       None      None   None   None   None   None
332 2004-04-03T09:55   ACE    None   None   None   None   None   None   None   None     None   None       None      None   None   None   None   None   2.04   0.00  -6.75   0.00   1.27   0.00   7.54   0.00   438.19   0.00   40349.36      0.00   0.85   0.00   0.10   0.00
332 2004-04-03T09:55  Wind    None   None   None   None   None   None   None   None     None   None       None      None   None   None   None   None   5.82   0.00  -1.34   0.00   0.79   0.00   6.39   0.00     None   None       None      None   None   None   None   None
333 2004-04-10T19:27   ACE   -1.93   0.66   1.77   0.52  -3.70   1.52   8.85   0.21   470.59  20.60   67611.38  13525.51  15.24   1.46   2.28   0.27   6.30   1.15  -3.42   0.90   6.73   1.85  15.54   0.71   431.77   7.58   22255.16   4035.41   9.28   0.72   0.32   0.15
333 2004-04-10T19:27  Wind   -3.08   0.31   1.73   0.92  -3.15   1.89   8.52   0.12   460.19  25.65   74315.68  20190.31  14.26   2.71   3.37   1.21   6.68   1.32  -2.22   1.02   6.84   1.65  15.29   0.72   438.34   7.02   22441.22   3288.19   7.88   1.15   0.33   0.26
334 2004-04-12T17:36   ACE    None   None   None   None   None   None   None   None     None   None       None      None   None   None   None   None   4.54   0.00  -3.54   0.00   0.47   0.00   6.76   0.00   447.06   0.00  126672.95      0.00   4.87   0.00   1.24   0.00
334 2004-04-12T17:36  Wind    None   None   None   None   None   None   None   None     None   None       None      None   None   None   None   None   3.98   0.00  -3.72   0.00   1.16   0.00   6.78   0.00   442.13   0.00  116775.98      0.00   6.29   0.00   1.47   0.00
335 2004-04-26T16:12   ACE    None   None   None   None   None   None   None   None     None   None       None      None   None   None   None   None   4.44   0.00  -3.07   0.00   0.43   0.00   6.41   0.00   493.94   0.00  238293.45      0.00   2.19   0.00   1.11   0.00
335 2004-04-26T16:12  Wind    None   None   None   None   None   None   None   None     None   None       None      None   None   None   None   None   5.18   0.00  -2.48   0.00   1.46   0.00   6.82   0.00   467.14   0.00  284470.93      0.00   2.88   0.00   1.24   0.00
336 2004-04-30T13:00   ACE   -3.54   2.01   5.31   0.46   1.17   0.15   7.42   0.21   479.88   7.06  107957.71  55990.07   3.51   0.04   0.65   0.10  -2.50   0.31   3.75   0.54   1.46   0.30   6.61   0.25   456.44   9.22   47779.73   6009.05   4.38   0.47   0.94   0.21
336 2004-04-30T13:00  Wind   -3.08   4.58   2.68   2.49   3.31   1.53  10.66   0.90   394.94   0.75   77288.71   2411.50   2.36   0.08   0.21   0.06  -0.96   0.93   3.62   0.45   1.66   0.41   7.36   1.00   426.75  12.41   55564.20  11349.17   4.61   0.89   1.08   0.37
337 2004-06-25T11:37   ACE   -2.00   0.25   2.31   0.77  -0.03   1.34   6.46   1.94   423.92  11.49   54089.78   2092.64   8.57   1.10   2.62   1.78   1.70   1.95  -4.24   1.65   1.54   0.53   8.07   0.16   413.30  10.03   32713.93   6721.63   8.00   0.27   1.00   0.14
337 2004-06-25T11:37  Wind   -1.10   0.00   2.83   0.00   0.25   0.00   7.75   0.00   421.58  16.50   51027.43   8820.59   7.39   0.80   0.88   0.00   1.15   1.76  -2.73   1.64   2.19   1.19   8.13   0.31   412.04   7.07   38798.77   3748.77   6.73   0.27   0.72   0.15
338 2004-07-22T09:45   ACE    None   None   None   None   None   None   None   None     None   None       None      None   None   None   None   None   3.58   0.00  -5.70   0.00   2.89   0.00   7.95   0.00   343.31   0.00   44897.87      0.00   1.15   0.00   0.16   0.00
338 2004-07-22T09:45  Wind    None   None   None   None   None   None   None   None     None   None       None      None   None   None   None   None   3.98   0.00  -5.81   0.00   3.33   0.00   8.33   0.00   333.13   0.00   39591.81      0.00   2.64   0.00   0.28   0.00
339 2004-07-24T05:32   ACE    0.76   2.55   1.35   3.66  -2.01   2.26  10.41   1.69   492.19  38.67  178998.45   6560.76  11.64   4.78   2.30   1.04  -1.36   2.28   3.39   3.97  -3.64   2.92  12.15   2.68   562.74  33.19  138135.24  68842.89   2.00   0.27   0.18   0.02
339 2004-07-24T05:32  Wind    0.55   2.36   1.76   3.78  -1.73   2.42  11.19   1.46   493.91  38.94  205362.73  14440.45  11.38   4.11   1.76   0.73  -0.82   2.39   3.32   3.86  -3.65   3.01  12.26   2.79   567.97  35.06  155794.55  78169.67   4.18   1.11   0.42   0.18
340 2004-07-25T15:00   ACE  -10.69   0.65   8.93   3.00   9.00   1.29  19.05   0.98   586.01   3.51  217096.19  18863.60   6.05   1.67   0.28   0.12  -5.11   0.57   9.22   1.13  -9.23   1.90  20.38   0.07   560.06   3.44  148170.92  16322.37   3.31   0.26   0.10   0.02
340 2004-07-25T15:00  Wind  -10.70   0.69   9.31   3.15   8.43   1.28  19.30   0.81   585.16   4.30  263897.04  62204.58  10.47   2.88   0.46   0.16  -4.92   0.52   9.19   1.19  -9.59   1.90  20.50   0.09   558.73   3.61  197407.43  28945.58   3.70   0.43   0.13   0.03
341 2004-07-26T22:25   ACE   -0.44   0.96  -0.76   2.52  -4.92   1.23  13.59   0.84   600.57  11.42  329790.63  32969.79   5.17   1.54   0.96   0.27  -0.74   0.96  -0.27   0.48  -1.52   1.74   6.32   1.35   643.50   7.51  131973.85  26279.86   1.42   0.09   0.68   0.21
341 2004-07-26T22:25  Wind   -0.38   0.64  -0.76   2.37  -4.92   1.13  13.97   1.15   610.12  13.67  496628.33  63470.32   8.02   2.36   1.52   0.37  -0.53   0.83  -0.24   0.40  -1.22   1.77   6.19   1.31   651.95   8.26  151932.27  53095.53   2.58   0.23   1.20   0.33
342 2004-08-01T01:44   ACE    0.35   0.68  -9.87   3.44  -5.17   3.68  17.33   0.50   936.25  13.82  851469.03  67030.26   3.00   0.18   0.44   0.06  -5.16   0.89  13.60   1.87  -6.29   1.46  20.55   2.18   894.40  11.11  199133.15  54891.44   1.36   0.06   0.24   0.19
342 2004-08-01T01:44  Wind    0.18   0.78 -10.27   3.59  -4.85   3.51  17.61   0.47   995.80   9.88 1916143.79 198973.90   6.23   0.67   1.62   0.14  -4.73   0.94  13.44   1.92  -6.59   1.62  20.63   2.18   911.50  13.47  213241.05  86408.88   5.37   0.56   0.52   0.36
343 2004-08-03T12:25   ACE    2.40   0.36  -3.47   0.43   3.13   0.24   6.52   0.26   497.88  10.87  168927.07  14540.27   4.06   0.42   1.30   0.14   3.57   0.04  -2.53   0.27  -0.72   0.76   5.21   0.15   436.92   7.50   77522.98  11289.78   2.10   0.19   0.66   0.06
343 2004-08-03T12:25  Wind    2.88   0.40  -3.64   0.45   3.12   0.20   7.11   0.30   492.86  10.09  202169.55  20048.42   4.55   0.47   1.30   0.13   4.02   0.03  -2.72   0.31  -0.64   0.76   5.63   0.16   433.85   8.12   83888.33  13677.93   2.35   0.19   0.67   0.06
344 2004-08-29T09:09   ACE    None   None   None   None   None   None   None   None     None   None       None      None   None   None   None   None   3.61   0.00  -0.07   0.00   3.55   0.00   5.29   0.00   361.36   0.00   30445.84      0.00   0.77   0.00   0.18   0.00
344 2004-08-29T09:09  Wind    None   None   None   None   None   None   None   None     None   None       None      None   None   None   None   None   4.11   0.00  -0.07   0.00   3.61   0.00   5.68   0.00   355.72   0.00   13379.08      0.00   4.22   0.00   0.78   0.00
345 2004-09-13T19:42   ACE   -3.08   0.14  -5.01   0.23   2.55   0.05   7.31   0.03   424.59   0.50   53531.17    175.06   5.38   0.07   0.89   0.05   5.17   0.81   6.46   1.15  -3.34   0.81  11.64   0.45   394.48   2.91   23065.63   2905.76   3.95   0.14   0.28   0.06
345 2004-09-13T19:42  Wind   -2.13   0.16  -4.63   0.25   2.58   0.09   7.17   0.06   423.14   0.20   54178.61    711.20  11.31   0.11   2.21   0.04   5.76   0.78   6.08   1.08  -3.37   0.82  11.83   0.47   394.59   2.83   23131.30   3064.36   9.28   0.18   0.52   0.16
346 2004-09-17T21:00   ACE   -0.88   0.17   4.02   0.22   2.77   0.09  11.62   0.12   568.81   0.31  253456.69   9370.42   7.00   0.17   1.27   0.03  -3.45   1.07   0.39   1.39  -0.90   1.24   7.09   1.96   562.22   4.49  112109.50  47470.47   4.40   1.45   1.59   0.14
346 2004-09-17T21:00  Wind   -0.41   0.14   3.82   0.26   2.00   0.13  11.84   0.10   568.63   0.20  343436.72  12886.38   8.70   0.04   2.38   0.11  -3.52   1.12   0.32   1.34  -2.00   1.37   7.31   2.04   556.95   5.71  104840.12  84914.61   3.98   2.03   0.85   0.56
347 2004-09-22T05:54   ACE    0.03   0.03   1.14   0.07  -0.73   0.02   5.20   0.01   461.04   0.35   41730.83    218.81   6.59   0.08   2.34   0.01   0.71   1.09  -1.03   1.40   2.77   0.60   5.98   0.21   406.04   9.76   19596.74   3581.16   5.98   0.73   1.13   0.22
347 2004-09-22T05:54  Wind    0.59   0.00   1.77   0.02  -1.70   0.07   5.36   0.01   464.56   0.44   40284.24    141.68   5.95   0.04   2.37   0.01   1.26   1.02  -0.63   1.35   2.86   0.84   6.07   0.23   407.26  10.31   21860.13   3134.18   5.29   0.80   1.04   0.25
348 2004-11-07T18:00   ACE    None   None   None   None   None   None   None   None     None   None       None      None   None   None   None   None   3.61   0.00  -0.52   0.00   0.48   0.00   6.81   0.00   499.96   0.00  263751.96      0.00   7.24   0.00   3.12   0.00
348 2004-11-07T18:00  Wind    None   None   None   None   None   None   None   None     None   None       None      None   None   None   None   None   4.02   0.00  -0.24   0.00  -0.53   0.00   7.21   0.00   490.42   0.00  348626.96      0.00   7.99   0.00   3.75   0.00
349 2004-11-09T18:25   ACE   -2.45   4.52  12.25   6.36   0.39  13.11  40.80   1.54   644.20   5.78  430842.35 138263.96  24.79   7.60   0.41   0.17   1.57   1.36   8.53   2.24  -6.74   2.63  15.90   2.84   645.87  17.27   47175.13   7861.00   2.94   0.57   0.18   0.06
349 2004-11-09T18:25  Wind   -3.23   4.05  13.31   6.23   0.69  13.81  41.47   1.22   669.95   5.23 1117761.99 301232.79  31.65   8.16   1.44   0.36   1.79   1.11   8.18   2.36  -7.61   2.50  16.08   2.92   650.40  18.32   73229.10  33629.27   3.77   0.99   0.25   0.10
350 2004-11-11T16:47   ACE   -2.69   0.93   6.41   1.70  -9.66   3.96  22.41   4.51   793.82  30.41  577627.47  40181.71  14.79   2.73   1.79   0.46  -4.13   0.48  -5.71  10.33  -1.21   8.23  25.07   7.02   724.07  48.75   52186.47  20268.57   6.51   1.71   0.26   0.38
350 2004-11-11T16:47  Wind   -1.18   0.74   5.61   1.43 -11.74   3.71  21.07   4.02   790.36  29.04  750876.23  54186.72  23.13   5.28   5.98   0.86  -3.92   0.90  -5.58   9.37  -0.37   9.41  25.10   7.05   733.60  49.27   56695.56  18144.04   9.38   2.44   0.28   0.36
351 2004-12-10T05:21   ACE   -2.80   2.51   1.33   1.20   2.49   1.21  10.02   0.27   611.81  12.47  151265.11  19981.80  11.46   0.29   2.23   0.49   3.81   0.72  -2.09   0.42  -1.15   0.41   6.84   0.58   548.25  18.22   55432.96  19802.76   4.58   1.14   1.00   0.31
351 2004-12-10T05:21  Wind   -2.34   2.63   1.63   1.26   1.82   1.06   9.94   0.11   615.48  14.94  175354.53  31429.38  11.74   0.31   2.14   0.58   4.04   0.71  -2.31   0.48  -1.16   0.33   7.08   0.60   554.12  18.76   61682.75  25272.30   5.53   1.11   1.28   0.33
352 2004-12-12T22:00   ACE    None   None   None   None   None   None   None   None     None   None       None      None   None   None   None   None  -2.04   0.05   7.19   0.23   0.06   0.02   8.46   0.03   417.26   0.53   33342.04   1044.01   1.94   0.06   0.20   0.02
352 2004-12-12T22:00  Wind    None   None   None   None   None   None   None   None     None   None       None      None   None   None   None   None  -1.58   0.04   7.28   0.16  -0.92   0.06   8.30   0.01   416.98   0.36   33975.09    986.37   6.93   0.01   0.71   0.02
353 2004-12-27T16:12   ACE    2.48   0.75   3.10   0.04  -0.33   0.72   7.96   0.35   489.38  13.20  107430.44  11791.82   4.93   0.01   1.06   0.12   3.51   1.36   7.45   1.14   4.04   1.35  12.47   0.46   400.83   5.25   42439.44   8261.36   2.04   0.65   0.14   0.07
353 2004-12-27T16:12  Wind    2.56   0.28   3.25   0.04  -1.28   0.15   7.76   0.21   483.87  12.93  121977.75  15750.61  12.93   0.04   3.02   0.15   3.37   1.57   6.61   1.37   6.58   2.17  12.02   0.58   401.82   6.46   52097.30  14664.22   9.29   2.13   0.51   0.36
354 2005-01-07T08:44   ACE    2.05   0.01  -5.70   0.02   3.79   0.02   8.34   0.02   515.11   0.30  120094.38    370.55   5.64   0.01   0.88   0.01   4.69   0.44  -1.64   0.65  -2.33   1.17   7.41   0.14   449.98  10.50   38674.19  12887.61   2.12   0.55   0.28   0.10
354 2005-01-07T08:44  Wind    1.98   0.01  -5.61   0.01   4.01   0.01   8.42   0.01   518.49   0.34  145913.23    719.08   6.15   0.01   1.07   0.00   4.98   0.48  -1.55   0.65  -2.69   1.20   7.78   0.10   451.87  11.47   38118.38  18200.06   5.06   0.20   0.59   0.08
355 2005-01-16T16:10   ACE    3.57   4.08   2.23   3.07   0.82   0.78   8.74   0.71   533.75  23.56   88308.18  19488.65   8.35   0.36   1.07   0.05   1.10   1.85   0.15   0.89   4.07   3.21  12.60   4.00   493.82  32.31   32605.29  14690.73   8.84   3.41   0.51   0.12
355 2005-01-16T16:10  Wind    2.35   2.78   2.61   2.79   1.01   1.22   8.70   1.17   536.64  23.10   87806.49  28460.62   8.18   1.99   1.14   0.43   0.86   2.05   0.17   0.89   3.94   3.36  12.76   3.95   497.66  33.46   35414.95  12864.14  10.31   6.15   0.49   0.15
356 2005-01-19T03:02   ACE    0.57   0.71   0.56   0.47   1.10   0.40   6.42   0.16   557.48   5.72  105974.76   9579.78  12.80   0.84   4.85   0.66  -1.59   0.29  -4.47   0.68  -0.48   0.18   7.87   0.22   528.68   4.10   42875.32  11098.48   8.16   0.51   1.34   0.46
356 2005-01-19T03:02  Wind    0.44   0.62   1.81   0.85   0.96   0.56   6.69   0.26   567.78   4.50  102124.17   9387.16   9.45   0.43   4.56   1.00  -1.80   0.34  -4.09   0.99  -0.32   0.14   8.09   0.17   534.37   4.98   41502.74  10610.65   7.74   0.23   1.06   0.40
357 2005-01-21T16:46   ACE   -5.20   2.29   1.90   5.21   0.66   1.62  14.89   0.91   895.63  42.15  445677.23 137820.60   1.90   0.32   0.14   0.02  -8.44   0.29   6.10   0.37  -1.86   0.18  11.67   0.30   804.01   8.85   59397.63  15347.98   1.67   0.05   0.08   0.00
357 2005-01-21T16:46  Wind   -5.52   2.26   2.22   5.64   0.52   1.71  15.66   0.68   961.42  17.36  694242.31 325403.06   2.09   0.19  12.36  17.20  -8.48   0.27   6.34   0.38  -1.88   0.18  11.86   0.32   822.40  11.94   70753.56  21054.67   1.79   0.05   0.09   0.01
358 2005-01-31T08:22   ACE    7.75   1.75   2.23   4.87   0.31   4.20  22.80   1.56   907.95   6.79  467488.77 122102.83  23.17   3.70   1.71   0.59  13.33   0.46  -2.45   1.41   1.46   0.78  16.26   1.34   801.97  16.57  152350.57  14269.46   5.91   2.42   0.21   0.06
358 2005-01-31T08:22  Wind   10.13   4.66   0.65   4.30  -0.36   4.63  23.84   1.45   848.26   3.02  159733.55   3504.76   0.66   0.02   0.02   0.00  13.67   0.70  -4.44   1.30   1.40   0.80  16.30   1.38   839.51   7.87  160670.64   3810.44   0.67   0.01   0.06   0.01
359 2005-02-16T12:14   ACE   -5.03   0.00   5.47   0.00  -0.34   0.00   9.32   0.00   652.38   0.00  197493.53      0.00   3.31   0.00   0.49   0.00  -4.55   0.07   4.64   0.07  -0.16   0.01   7.08   0.03   551.59   8.28   36133.77    243.08   2.21   0.06   0.30   0.01
359 2005-02-16T12:14  Wind   -4.91   0.00   5.57   0.00  -0.62   0.00   9.38   0.00   662.69   0.00  249425.89      0.00   2.43   0.00   0.43   0.00  -4.43   0.07   4.71   0.06  -0.38   0.03   7.08   0.03   555.88   8.64   40802.12    542.62   1.65   0.04   0.23   0.00
360 2005-02-17T22:27   ACE    5.30   0.00  -7.07   0.00  -2.42   0.00   9.71   0.00   418.77   0.00   35333.45      0.00  14.45   0.00   1.14   0.00   8.27   0.19  -5.79   0.08  -0.22   0.14  11.93   0.14   402.66   1.02   70286.50   2221.62   6.88   0.48   0.43   0.04
360 2005-02-17T22:27  Wind    5.20   0.00  -7.41   0.00  -0.87   0.00   9.19   0.00   418.18   0.00   40955.61      0.00  17.11   0.00   1.51   0.00   8.74   0.22  -5.69   0.11   0.27   0.07  12.18   0.19   390.89   1.72   54896.88    880.17   8.40   0.55   0.47   0.07
361 2005-02-20T12:00   ACE    3.73   0.15  -9.50   0.22  -1.75   0.08  13.49   0.22   479.97   1.40  129518.96   1180.69  13.24   0.04   1.45   0.05  -3.32   1.77  -2.19   1.63   0.19   0.52   6.45   1.56   532.59  11.96   28287.08  21657.80   5.49   1.67   0.96   0.09
361 2005-02-20T12:00  Wind    3.27   0.15 -10.04   0.20  -1.33   0.04  13.83   0.22   477.23   1.44  173639.57   2353.19  12.14   0.06   1.10   0.05  -2.87   1.75  -2.31   1.66   0.31   0.41   6.44   1.66   536.48  13.83   36440.24  29330.78   4.61   1.56   0.86   0.08
362 2005-05-08T17:04   ACE   -3.00   1.55  -2.39   2.20  -0.11   0.18   4.88   0.12   409.01  13.14   57217.70  23764.89   5.41   0.33   1.92   0.44   0.81   1.63  -3.85   0.58   1.05   2.44   6.05   1.57   404.52  14.35   26864.91   3126.91   5.72   1.70   1.50   0.35
362 2005-05-08T17:04  Wind   -2.71   1.72  -2.56   1.78   0.47   0.44   4.84   0.04   399.41  25.36   66210.57  24879.74   6.56   1.83   2.83   0.89   0.60   2.04  -3.79   0.33   1.30   2.58   6.16   1.55   407.02  13.78   32626.23   2759.93   6.67   3.91   1.26   0.18
363 2005-05-15T02:10   ACE    3.58   0.00  -2.94   0.00  -4.10   0.00  11.33   0.00   575.73   0.00  315996.32      0.00  13.84   0.00   2.84   0.00   4.88   0.00  -1.00   0.00   0.92   0.00   6.94   0.00   572.43   0.00   93864.62      0.00   3.05   0.00   0.62   0.00
363 2005-05-15T02:10  Wind    4.01   0.00  -3.47   0.00  -3.59   0.00  11.63   0.00   577.68   0.00  439433.03      0.00  12.32   0.00   2.13   0.00   5.12   0.00  -1.23   0.00   0.73   0.00   7.12   0.00   572.09   0.00   80941.22      0.00   2.31   0.00   0.44   0.00
364 2005-05-20T03:00   ACE   -1.30   1.38   7.56   0.84   1.36   2.90  16.44   2.39   822.60  15.47  654465.79  75009.17  22.11   0.30   2.99   0.71 -18.24   9.48   3.61   3.09   1.82   2.99  24.41  11.75   714.98 110.49   63255.21  17765.17   2.60   1.20   0.06   0.03
364 2005-05-20T03:00  Wind    0.14   0.75   7.51   0.94   1.67   1.53  19.00   1.78   838.88  11.29 1192127.32  29540.56  20.30   0.37   8.01   0.51 -18.93  10.05   4.26   3.57   1.71   2.77  24.87  12.16   727.87 120.37   75449.16  18170.74   2.91   1.51   0.06   0.03
365 2005-05-28T03:18   ACE    0.63   2.41   0.96   1.20  -7.17   1.50   9.77   0.72   471.68   1.07   39936.98   3039.48  17.09   3.08   1.98   1.03   0.28   1.21  -2.74   0.95   2.09   2.02  10.53   1.52   440.74  11.48   25987.12    452.98   7.07   0.67   0.69   0.38
365 2005-05-28T03:18  Wind    0.10   2.11   0.05   1.31  -7.76   0.78  10.00   0.76   476.52   1.88   33257.74   1258.43  23.87   4.73   2.02   0.63   0.55   1.35  -2.60   0.80   2.20   1.92  10.54   1.51   443.79  13.15   27945.10    399.24   6.36   0.63   0.57   0.26
366 2005-06-12T15:00   ACE    1.46   1.35  -6.28   4.54   5.57   7.51  13.26   4.80   460.93  46.60  102830.96  24670.71  12.49   5.85   1.26   1.06   1.19   1.04  -4.62   3.39   0.80   6.62  11.61   4.44   458.27  20.10   41248.63  12035.27   8.13   1.28   1.59   1.82
366 2005-06-12T15:00  Wind    1.77   1.48  -6.10   4.10   6.10   7.70  13.45   4.80   466.69  50.47  101212.68  27698.43  11.82   5.51   1.16   1.01   1.00   1.38  -4.47   3.32   1.25   6.69  11.71   4.38   462.77  22.31   41843.66  13391.24   8.32   1.16   1.59   1.82
367 2005-06-14T17:55   ACE  -10.86   0.20  14.60   0.12   3.48   0.06  20.73   0.12   418.69   3.01  137291.50   4925.12  27.46   1.94   0.95   0.14  -1.02   1.05   6.73   0.93  -9.04   1.65  13.77   1.08   473.40   4.55   37055.76   8814.44   6.39   1.65   0.40   0.09
367 2005-06-14T17:55  Wind   -9.96   0.09  14.25   0.18   2.84   0.08  21.16   0.10   429.41   2.76  238797.19   7692.19  20.47   1.39   0.77   0.12  -0.93   0.98   6.60   0.91  -9.93   1.69  14.23   1.10   479.50   5.70   37760.05  21595.71   6.98   1.46   0.27   0.09
368 2005-06-16T08:08   ACE    1.04   0.05   2.97   0.19   1.08   0.11   8.68   0.04   523.15   0.39  163597.18    621.18  10.02   0.08   2.62   0.02   0.64   0.03   2.98   0.18   2.47   0.09   8.92   0.11   480.16   0.87   42728.97   2012.72   5.32   0.06   0.54   0.03
368 2005-06-16T08:08  Wind    0.75   0.03   3.90   0.15   1.25   0.09   9.25   0.02   527.04   0.32  168998.51   1084.87  10.27   0.16   1.97   0.02   0.41   0.05   2.92   0.15   2.61   0.12   9.02   0.13   484.09   0.75   27848.20   1903.19   7.00   0.07   0.61   0.02
369 2005-07-10T02:42   ACE   -3.02   0.00   4.09   0.00   1.03   0.00  12.29   0.00   592.85   0.00  364533.97      0.00   5.65   0.00   1.17   0.00  -5.01   0.00   1.49   0.00  -1.31   0.00   6.59   0.00   603.93   0.00  193646.55      0.00   4.31   0.00   1.89   0.00
369 2005-07-10T02:42  Wind   -2.21   0.00   3.74   0.00   2.52   0.00  12.75   0.00   600.61   0.00  552645.54      0.00   5.53   0.00   1.10   0.00  -4.56   0.00   1.20   0.00  -2.67   0.00   6.65   0.00   599.35   0.00  144850.14      0.00   3.60   0.00   1.74   0.00
370 2005-07-17T00:50   ACE    3.95   0.45  17.79   0.16   9.96   1.03  22.80   0.29   454.86   2.26  174063.70  10008.34  23.76   0.06   0.60   0.01  -4.58   0.16   4.46   0.56  -5.55   0.54  11.74   0.09   430.06   4.82   34196.37   6628.01  10.06   0.70   0.71   0.04
370 2005-07-17T00:50  Wind    3.90   0.43  17.98   0.23   9.84   1.07  23.02   0.31   456.83   1.79  284783.77  17616.24  22.91   1.17   0.70   0.02  -4.44   0.19   4.34   0.57  -5.58   0.49  11.78   0.10   431.90   5.43   36858.04   7589.21  10.65   0.94   0.68   0.05
371 2005-08-08T23:33   ACE   -2.65   0.08  -0.01   0.06   1.86   0.33   8.74   0.09   471.03   1.02  140547.24   2274.23  12.38   0.01   2.48   0.06   4.06   1.37   6.09   2.80  -2.02   1.95  10.27   2.26   425.50   6.09   47642.86   6519.66  12.49   1.41   2.38   2.13
371 2005-08-08T23:33  Wind   -2.91   0.12   0.03   0.06   1.98   0.25   8.95   0.10   472.79   1.23  171692.32   2792.52  13.02   0.03   2.70   0.09   4.42   1.48   5.84   2.83  -2.12   1.81  10.29   2.28   428.47   6.13   51417.36   7873.55  14.37   1.63   3.27   3.13
372 2005-08-10T06:14   ACE    None   None   None   None   None   None   None   None     None   None       None      None   None   None   None   None  -1.24   0.00   4.44   0.00   1.52   0.00   5.64   0.00   489.63   0.00   30235.67      0.00   1.95   0.00   0.42   0.00
372 2005-08-10T06:14  Wind    None   None   None   None   None   None   None   None     None   None       None      None   None   None   None   None  -0.59   0.00   4.63   0.00   1.56   0.00   5.67   0.00   497.18   0.00   27424.12      0.00   1.79   0.00   0.36   0.00
373 2005-08-23T20:00   ACE   -4.52   0.00   1.47   0.00  -1.16   0.00   6.07   0.00   424.49   0.00   91058.00      0.00   6.78   0.00   1.76   0.00   0.06   0.43   5.45   0.42  -4.88   0.43   8.03   0.32   444.17   3.99   44908.42   5801.29   5.60   0.40   0.79   0.16
373 2005-08-23T20:00  Wind   -3.65   0.00   2.41   0.00  -2.10   0.00   6.07   0.00   429.94   0.00   89404.52      0.00   6.58   0.00   1.67   0.00   0.46   0.40   5.27   0.31  -5.12   0.36   8.14   0.31   447.13   4.35   55129.27   5802.08   5.19   0.44   0.77   0.16
374 2005-08-24T05:38   ACE   -3.38   0.00   2.59   0.00   2.30   0.00   7.61   0.00   453.39   0.00   73980.94      0.00   5.15   0.00   0.78   0.00   0.46   0.00  10.53   0.00   1.04   0.00  21.31   0.00   512.20   0.00  142184.02      0.00  17.55   0.00   0.69   0.00
374 2005-08-24T05:38  Wind   -2.68   0.00   3.44   0.00   1.59   0.00   7.40   0.00   458.78   0.00   79448.70      0.00   5.25   0.00   0.97   0.00   0.75   0.00  10.58   0.00   0.17   0.00  21.31   0.00   520.73   0.00  138254.31      0.00  21.86   0.00   0.86   0.00
375 2005-09-02T13:48   ACE    0.17   1.43   3.37   3.13  -1.58   0.71  28.78   1.47   612.23   4.41  334915.14  11890.48  25.73   0.94   1.12   0.02   5.34   1.79  -9.77   4.01  -2.83   0.10  13.31   5.24   665.91   5.67  227609.32  78922.60   6.17   4.25   0.59   0.03
375 2005-09-02T13:48  Wind    2.32   0.95   2.91   2.54  -0.97   0.36  28.84   1.48   638.37   2.40  938334.66  46271.96  32.28   1.89   3.93   0.43   5.29   1.91  -9.65   3.45  -2.50   0.12  13.63   5.26   678.43   6.54  316894.67 175340.15   6.84   4.86   0.78   0.29
376 2005-09-11T00:59   ACE   -3.23   1.55   3.71   1.94   0.28   1.05  13.74   0.25   599.93  15.85  340575.01  23201.33   9.13   0.29   1.13   0.09  -4.88   0.89   2.32   0.77   1.63   0.52   8.93   0.54   649.46   2.46   67942.30  20307.46   5.77   0.50   0.57   0.03
376 2005-09-11T00:59  Wind   -4.00   0.79   6.29   2.51   1.85   0.93  14.16   0.40   585.55  12.67  403648.92  19120.41   9.41   0.26   1.42   0.13  -5.51   0.52   2.67   0.84   1.97   0.46   9.51   0.45   642.65   1.43   67872.70  29599.87   4.92   0.55   0.52   0.13
377 2005-09-12T06:00   ACE    7.67   0.22  -9.29   0.37  -2.83   0.42  15.48   0.14   424.51   0.00  153520.00      0.00   0.09   0.00   0.01   0.00   8.71   0.19   0.88   0.19  -2.62   0.02   9.89   0.10   803.12   2.95  173709.13  14753.51   0.74   0.01   0.15   0.01
377 2005-09-12T06:00  Wind    7.55   0.22  -9.87   0.20  -2.63   0.44  15.11   0.17  1032.91   2.01 1773713.15  12186.53  11.18   0.89  10.55   4.37   8.80   0.15   0.32   0.19  -2.41   0.07   9.94   0.09   934.49   2.06  350426.99  53803.45   3.87   0.21   9.83   0.80
378 2005-09-15T08:25   ACE    1.26   2.11  -1.46   3.40  -1.37   0.91   6.86   0.07   864.26  94.07  317359.76 131500.89   2.51   0.78   1.08   0.50   2.75   0.36   1.05   1.65  -1.00   0.24   6.25   0.95   721.57  53.72   98937.63  54496.51   2.09   0.58   0.53   0.13
378 2005-09-15T08:25  Wind    1.38   2.25  -1.45   3.30  -1.28   0.68   7.01   0.06   891.35 110.76  496093.27 272017.36   3.05   1.35   1.86   1.11   2.91   0.44   1.03   1.59  -0.86   0.37   6.33   0.99   734.09  53.33  115119.41  83376.57   2.08   0.49   0.60   0.30
379 2005-09-21T01:02   ACE   -1.48   1.24   0.16   0.98  -1.88   0.10   9.45   0.79   724.70  17.30  465963.61  21583.42   4.78   0.02   2.15   0.17   2.51   2.81  -0.21   3.12   0.38   0.89   8.63   3.77   743.25  71.26  259317.26  12348.45   3.44   1.86   1.23   0.22
379 2005-09-21T01:02  Wind   -1.69   0.83   0.78   0.82  -0.91   0.55   9.50   0.83   724.04  14.46  454450.42  12142.21   5.37   0.38   4.11   0.36   3.43   3.55  -1.02   4.00   0.53   0.61   9.47   4.61   739.71  63.44  240727.01  13060.91   3.04   1.64   1.04   0.46
380 2005-10-31T05:44   ACE    None   None   None   None   None   None   None   None     None   None       None      None   None   None   None   None   0.04   0.32   5.01   0.06   1.46   0.09   5.58   0.03   368.26   2.59   12834.56   1794.69   3.27   0.30   0.63   0.05
380 2005-10-31T05:44  Wind    None   None   None   None   None   None   None   None     None   None       None      None   None   None   None   None   0.24   0.45   4.93   0.08   1.43   0.14   5.62   0.03   373.64   2.62   17727.94   3423.92   2.41   0.22   0.47   0.03
381 2005-12-31T12:33   ACE   -2.87   0.00   4.43   0.00   7.03   0.00   9.13   0.00   389.79   0.00   19606.13      0.00  15.67   0.00   1.32   0.00  -5.58   0.46   3.71   0.53  -1.52   0.91  10.33   0.28   372.80   1.85   39708.48   3475.99  13.51   0.27   1.11   0.19
381 2005-12-31T12:33  Wind   -2.88   0.00   4.98   0.00   6.23   0.00   8.93   0.00   389.80   0.00   22107.84      0.00  13.27   0.00   1.18   0.00  -5.52   0.44   3.79   0.58  -1.74   0.84  10.46   0.28   372.22   1.98   37175.39   4611.78  13.15   0.15   0.98   0.13
382 2006-02-05T18:14   ACE    None   None   None   None   None   None   None   None     None   None       None      None   None   None   None   None   None   None   None   None   None   None   None   None     None   None       None      None   None   None   None   None
382 2006-02-05T18:14  Wind   -0.52   0.36  -1.37   1.44  -0.22   0.88   3.91   0.31   536.27  33.88   62497.67  41417.89   8.08   3.11   7.39   2.70   2.99   0.48  -4.64   0.97   2.61   0.54   8.72   0.49   471.67   8.44   26230.78   8072.11   5.05   0.70   0.52   0.23
383 2006-04-13T11:20   ACE    0.65   0.55  -2.62   1.56   5.80   1.02   7.54   0.48   362.94   3.54   24501.88   2520.45  21.54   0.43   2.60   0.33  -0.42   0.13   6.28   0.46  -4.38   0.53   9.80   0.27   336.70   1.22   25347.43   2251.48   9.43   0.54   3.99   2.00
383 2006-04-13T11:20  Wind    0.65   0.77  -2.62   1.96   5.75   0.92   7.73   0.27   361.05   3.44   17932.54   1067.20  24.28   2.68   3.02   0.57  -0.60   0.17   6.09   0.57  -5.13   0.54  10.17   0.16   341.27   1.26   19563.02   1851.97  12.35   0.42   0.92   0.18
384 2006-06-14T08:09   ACE   -3.55   0.76   3.30   2.13   2.43   0.47   9.82   0.84   508.57  17.08  135374.11   5061.64  15.97   0.55   2.80   0.38   1.33   1.94  -8.01   3.84   2.01   4.46  14.44   3.65   514.82   5.37   88535.49  29689.53   5.38   1.00   0.42   0.27
384 2006-06-14T08:09  Wind   -3.15   0.68   2.78   1.88   2.73   0.56   9.88   0.68   508.67  15.69  151458.29   6298.69  15.12   0.39   2.81   0.27   1.26   2.15  -8.05   4.12   2.17   4.46  14.60   3.48   519.72   4.57   96724.63  31987.67   5.64   1.22   0.39   0.23
385 2006-06-17T21:40   ACE    None   None   None   None   None   None   None   None     None   None       None      None   None   None   None   None  -5.84   0.00   4.02   0.00   1.70   0.00   8.06   0.00   386.59   0.00   47871.21      0.00   8.07   0.00   1.22   0.00
385 2006-06-17T21:40  Wind    None   None   None   None   None   None   None   None     None   None       None      None   None   None   None   None  -6.22   0.00   4.63   0.00   0.76   0.00   8.25   0.00   386.14   0.00   36484.66      0.00   7.56   0.00   1.17   0.00
386 2006-07-09T20:40   ACE    None   None   None   None   None   None   None   None     None   None       None      None   None   None   None   None  -4.15   0.00   0.91   0.00  -1.71   0.00   4.87   0.00   560.36   0.00  135700.12      0.00   1.62   0.00   0.88   0.00
386 2006-07-09T20:40  Wind    None   None   None   None   None   None   None   None     None   None       None      None   None   None   None   None  -3.84   0.00   0.72   0.00  -1.65   0.00   4.68   0.00   556.32   0.00   99122.67      0.00   1.75   0.00   0.86   0.00
387 2006-08-19T10:57   ACE   -1.90   0.10  -1.97   0.15  -0.58   0.13   6.05   0.02   398.95   1.65   56775.70    694.34  12.85   0.27   4.81   0.15   0.62   0.36   4.23   0.54   5.73   0.28   8.78   0.39   369.69   1.65   38476.53   2387.14   8.31   0.54   0.69   0.06
387 2006-08-19T10:57  Wind   -1.59   0.11  -2.01   0.15  -0.44   0.18   6.09   0.02   394.57   2.04   63636.17   1461.83  15.26   0.04   6.10   0.16   0.96   0.40   4.44   0.57   5.65   0.27   8.95   0.42   367.39   2.02   32231.72   4664.43  10.45   0.38   0.98   0.13
388 2006-08-30T21:06   ACE   -4.84   1.49   3.56   0.99  -1.27   2.86  14.79   1.44   435.90  14.44   83396.22   5671.90  20.64   4.94   0.91   0.03   0.19   0.64   6.68   0.86   1.52   0.94   8.67   0.85   401.69   2.70   34608.63  12921.54   4.12   1.86   0.40   0.12
388 2006-08-30T21:06  Wind   -4.79   1.35   4.42   0.78  -1.85   2.55  14.67   1.47   433.43  14.93  110438.15  10800.46  19.19   3.90   1.33   0.28   0.68   0.75   6.67   0.78   1.17   0.77   8.65   0.82   405.68   1.48   45851.28  19727.96   4.04   1.96   0.56   0.30
389 2006-09-30T08:35   ACE    None   None   None   None   None   None   None   None     None   None       None      None   None   None   None   None   0.58   0.62  -5.33   0.56  -2.25   0.64   7.71   0.06   399.44   6.23   20661.59   2991.04   9.30   0.69   1.10   0.07
389 2006-09-30T08:35  Wind    None   None   None   None   None   None   None   None     None   None       None      None   None   None   None   None   0.83   0.74  -5.31   0.57  -2.21   0.60   7.75   0.05   401.21   6.52   26356.29   4893.15   7.98   0.62   0.97   0.06
390 2006-11-01T21:21   ACE   -1.35   0.10   7.97   0.21   0.51   0.17   9.43   0.21   383.06   1.81   63598.34    804.35  18.32   0.07   2.12   0.07  -0.56   0.56  -5.58   3.83   2.19   1.18  15.12   1.48   396.77   8.51   59894.88  26654.15  16.20   1.62   0.65   0.24
390 2006-11-01T21:21  Wind   -1.63   0.10   7.67   0.14  -0.20   0.13   9.37   0.11   374.02   1.82   77410.89   1212.57  17.13   0.32   2.20   0.03  -0.88   0.60  -5.32   3.67   2.44   1.28  15.15   1.48   396.75   8.47   76158.15  44504.36  15.12   1.76   0.67   0.28
391 2006-11-18T07:11   ACE    None   None   None   None   None   None   None   None     None   None       None      None   None   None   None   None   3.20   0.05   3.68   0.01  -0.15   0.08   5.20   0.10   375.05   4.00   18263.40   1021.60   3.87   0.36   0.99   0.21
391 2006-11-18T07:11  Wind    None   None   None   None   None   None   None   None     None   None       None      None   None   None   None   None   3.44   0.03   3.74   0.00  -0.19   0.02   5.20   0.02   375.44   4.58   18328.34   4418.01   4.84   0.19   1.19   0.03
392 2006-11-28T13:00   ACE    None   None   None   None   None   None   None   None     None   None       None      None   None   None   None   None   1.35   0.02  -7.56   0.12   0.46   0.02   8.50   0.08   398.77   0.36   35538.00   1057.17   1.88   0.00   0.19   0.01
392 2006-11-28T13:00  Wind    None   None   None   None   None   None   None   None     None   None       None      None   None   None   None   None   1.17   0.02  -7.53   0.11   0.53   0.02   8.48   0.08   400.01   0.33   42806.91    696.33   1.62   0.00   0.17   0.01
393 2006-12-14T13:51   ACE   -1.31   0.36   1.50   1.18  -0.31   0.87   4.56   0.51   478.53  11.51   65102.30  30667.03   5.38   0.54   2.71   1.05   3.55   0.85   4.70   0.31   1.17   0.57  11.12   0.81   422.91   5.19   28878.70   2241.06   7.14   0.19   0.57   0.17
393 2006-12-14T13:51  Wind   -1.10   0.33   1.50   1.49  -0.71   0.95   4.83   0.54   422.75   0.04   88509.83   1816.23  17.00   0.54   8.38   2.55   3.54   0.82   4.76   0.35   0.55   0.57  11.12   0.79   415.37   0.65   55109.26   3836.54  12.66   0.40   1.23   0.54
394 2006-12-15T20:38   ACE   -0.42   0.25  -7.48   1.20   1.32   0.20  12.52   0.09   887.30   2.91  536531.94  32617.89   8.42   0.21   2.32   0.26   4.22   0.44   7.70   0.97  -7.85   1.02  13.07   1.29   755.08  25.31   65216.40  23120.56   2.62   0.44   0.29   0.21
394 2006-12-15T20:38  Wind   -0.71   0.09  -7.47   1.05   1.69   0.44  13.01   0.06   926.12   4.46  900924.61  70491.27  10.62   0.42   3.32   0.25   3.94   0.32   6.49   0.80  -8.93   1.14  12.97   1.26   768.49  24.61   64193.06  26205.75   3.92   0.73   0.37   0.25
395 2006-12-16T17:34   ACE    None   None   None   None   None   None   None   None     None   None       None      None   None   None   None   None   1.95   0.00   0.05   0.00   0.45   0.00   3.36   0.00   621.18   0.00   52475.82      0.00   1.85   0.00   1.45   0.00
395 2006-12-16T17:34  Wind    None   None   None   None   None   None   None   None     None   None       None      None   None   None   None   None   1.52   0.00   0.14   0.00   0.45   0.00   3.38   0.00   622.09   0.00   46925.17      0.00   2.48   0.00   1.76   0.00
